cell,gene,lognorm_expr,sample_original,age,condition,age_condition,raw_count,detected,object
mysample1_AAAGAACGTACGATTC-1,Gls,1.3541748116977779,15dayS1,P15,Ctrl,P15_Ctrl,3,TRUE,reclustered_cones
mysample1_AAAGAACGTACGATTC-1,Gls2,0,15dayS1,P15,Ctrl,P15_Ctrl,0,FALSE,reclustered_cones
mysample1_AAAGGATGTAGCTTAC-1,Gls,2.299351492699463,15dayS1,P15,Ctrl,P15_Ctrl,9,TRUE,reclustered_cones
mysample1_AAAGGATGTAGCTTAC-1,Gls2,0,15dayS1,P15,Ctrl,P15_Ctrl,0,FALSE,reclustered_cones
mysample1_AAAGGGCCAACACGAG-1,Gls,2.3126300332664567,15dayS1,P15,Ctrl,P15_Ctrl,14,TRUE,reclustered_cones
mysample1_AAAGGGCCAACACGAG-1,Gls2,0,15dayS1,P15,Ctrl,P15_Ctrl,0,FALSE,reclustered_cones
mysample1_AAAGGTAAGGGAGTGG-1,Gls,1.336604671743164,15dayS1,P15,Ctrl,P15_Ctrl,3,TRUE,reclustered_cones
mysample1_AAAGGTAAGGGAGTGG-1,Gls2,0,15dayS1,P15,Ctrl,P15_Ctrl,0,FALSE,reclustered_cones
mysample1_AAAGGTACACACACTA-1,Gls,1.6798788837614853,15dayS1,P15,Ctrl,P15_Ctrl,9,TRUE,reclustered_cones
mysample1_AAAGGTACACACACTA-1,Gls2,0,15dayS1,P15,Ctrl,P15_Ctrl,0,FALSE,reclustered_cones
mysample1_AACAAAGCACATCCCT-1,Gls,1.6600451842554256,15dayS1,P15,Ctrl,P15_Ctrl,6,TRUE,reclustered_cones
mysample1_AACAAAGCACATCCCT-1,Gls2,0,15dayS1,P15,Ctrl,P15_Ctrl,0,FALSE,reclustered_cones
mysample1_AACAAGATCACCTCAC-1,Gls,0,15dayS1,P15,Ctrl,P15_Ctrl,0,FALSE,reclustered_cones
mysample1_AACAAGATCACCTCAC-1,Gls2,0,15dayS1,P15,Ctrl,P15_Ctrl,0,FALSE,reclustered_cones
mysample1_AACCCAACACATAGCT-1,Gls,1.5580459413016183,15dayS1,P15,Ctrl,P15_Ctrl,3,TRUE,reclustered_cones
mysample1_AACCCAACACATAGCT-1,Gls2,0,15dayS1,P15,Ctrl,P15_Ctrl,0,FALSE,reclustered_cones
mysample1_AACGGGATCAAGCGTT-1,Gls,1.9395939792010246,15dayS1,P15,Ctrl,P15_Ctrl,5,TRUE,reclustered_cones
mysample1_AACGGGATCAAGCGTT-1,Gls2,0,15dayS1,P15,Ctrl,P15_Ctrl,0,FALSE,reclustered_cones
mysample1_AACGTCAGTCCTCCTA-1,Gls,1.5211291610351154,15dayS1,P15,Ctrl,P15_Ctrl,6,TRUE,reclustered_cones
mysample1_AACGTCAGTCCTCCTA-1,Gls2,0,15dayS1,P15,Ctrl,P15_Ctrl,0,FALSE,reclustered_cones
mysample1_AACTTCTGTCAGACGA-1,Gls,1.4949269304267587,15dayS1,P15,Ctrl,P15_Ctrl,3,TRUE,reclustered_cones
mysample1_AACTTCTGTCAGACGA-1,Gls2,0,15dayS1,P15,Ctrl,P15_Ctrl,0,FALSE,reclustered_cones
mysample1_AAGACAAAGATAACAC-1,Gls,2.381925034501799,15dayS1,P15,Ctrl,P15_Ctrl,19,TRUE,reclustered_cones
mysample1_AAGACAAAGATAACAC-1,Gls2,0,15dayS1,P15,Ctrl,P15_Ctrl,0,FALSE,reclustered_cones
mysample1_AAGCATCAGCTCTGTA-1,Gls,1.8455273369127394,15dayS1,P15,Ctrl,P15_Ctrl,9,TRUE,reclustered_cones
mysample1_AAGCATCAGCTCTGTA-1,Gls2,0,15dayS1,P15,Ctrl,P15_Ctrl,0,FALSE,reclustered_cones
mysample1_AAGTACCTCTGCGGAC-1,Gls,1.2877637782825913,15dayS1,P15,Ctrl,P15_Ctrl,1,TRUE,reclustered_cones
mysample1_AAGTACCTCTGCGGAC-1,Gls2,0,15dayS1,P15,Ctrl,P15_Ctrl,0,FALSE,reclustered_cones
mysample1_AAGTGAATCTTCTTCC-1,Gls,0.9861729931348484,15dayS1,P15,Ctrl,P15_Ctrl,3,TRUE,reclustered_cones
mysample1_AAGTGAATCTTCTTCC-1,Gls2,0,15dayS1,P15,Ctrl,P15_Ctrl,0,FALSE,reclustered_cones
mysample1_AAGTTCGTCGTCAAAC-1,Gls,2.3449807943477188,15dayS1,P15,Ctrl,P15_Ctrl,10,TRUE,reclustered_cones
mysample1_AAGTTCGTCGTCAAAC-1,Gls2,0,15dayS1,P15,Ctrl,P15_Ctrl,0,FALSE,reclustered_cones
mysample1_AATCACGCACTCCTTG-1,Gls,1.959370318309042,15dayS1,P15,Ctrl,P15_Ctrl,11,TRUE,reclustered_cones
mysample1_AATCACGCACTCCTTG-1,Gls2,0,15dayS1,P15,Ctrl,P15_Ctrl,0,FALSE,reclustered_cones
mysample1_AATGCCACATCAGCAT-1,Gls,1.710808613091206,15dayS1,P15,Ctrl,P15_Ctrl,6,TRUE,reclustered_cones
mysample1_AATGCCACATCAGCAT-1,Gls2,0,15dayS1,P15,Ctrl,P15_Ctrl,0,FALSE,reclustered_cones
mysample1_AATTCCTAGGTACAGC-1,Gls,0.47026627862908144,15dayS1,P15,Ctrl,P15_Ctrl,1,TRUE,reclustered_cones
mysample1_AATTCCTAGGTACAGC-1,Gls2,0,15dayS1,P15,Ctrl,P15_Ctrl,0,FALSE,reclustered_cones
mysample1_ACAAAGAAGCGCCTAC-1,Gls,1.1519217291172792,15dayS1,P15,Ctrl,P15_Ctrl,2,TRUE,reclustered_cones
mysample1_ACAAAGAAGCGCCTAC-1,Gls2,0,15dayS1,P15,Ctrl,P15_Ctrl,0,FALSE,reclustered_cones
mysample1_ACACGCGGTACTGCGC-1,Gls,2.110347226956565,15dayS1,P15,Ctrl,P15_Ctrl,10,TRUE,reclustered_cones
mysample1_ACACGCGGTACTGCGC-1,Gls2,0,15dayS1,P15,Ctrl,P15_Ctrl,0,FALSE,reclustered_cones
mysample1_ACATCCCGTATGCGTT-1,Gls,1.4240901759487188,15dayS1,P15,Ctrl,P15_Ctrl,2,TRUE,reclustered_cones
mysample1_ACATCCCGTATGCGTT-1,Gls2,0,15dayS1,P15,Ctrl,P15_Ctrl,0,FALSE,reclustered_cones
mysample1_ACATCGAAGCACAAAT-1,Gls,1.5673730501192582,15dayS1,P15,Ctrl,P15_Ctrl,7,TRUE,reclustered_cones
mysample1_ACATCGAAGCACAAAT-1,Gls2,0,15dayS1,P15,Ctrl,P15_Ctrl,0,FALSE,reclustered_cones
mysample1_ACATCGAGTCGATTTG-1,Gls,0.6579993386842748,15dayS1,P15,Ctrl,P15_Ctrl,1,TRUE,reclustered_cones
mysample1_ACATCGAGTCGATTTG-1,Gls2,0,15dayS1,P15,Ctrl,P15_Ctrl,0,FALSE,reclustered_cones
mysample1_ACCGTTCAGAAGCGCT-1,Gls,1.3817181215202632,15dayS1,P15,Ctrl,P15_Ctrl,4,TRUE,reclustered_cones
mysample1_ACCGTTCAGAAGCGCT-1,Gls2,0,15dayS1,P15,Ctrl,P15_Ctrl,0,FALSE,reclustered_cones
mysample1_ACGATCACAATATCCG-1,Gls,1.728843637696409,15dayS1,P15,Ctrl,P15_Ctrl,10,TRUE,reclustered_cones
mysample1_ACGATCACAATATCCG-1,Gls2,0,15dayS1,P15,Ctrl,P15_Ctrl,0,FALSE,reclustered_cones
mysample1_ACGATCACAGCATACT-1,Gls,1.8291769822617667,15dayS1,P15,Ctrl,P15_Ctrl,8,TRUE,reclustered_cones
mysample1_ACGATCACAGCATACT-1,Gls2,0,15dayS1,P15,Ctrl,P15_Ctrl,0,FALSE,reclustered_cones
mysample1_ACGGTCGGTTTCCATT-1,Gls,1.515827375581475,15dayS1,P15,Ctrl,P15_Ctrl,8,TRUE,reclustered_cones
mysample1_ACGGTCGGTTTCCATT-1,Gls2,0,15dayS1,P15,Ctrl,P15_Ctrl,0,FALSE,reclustered_cones
mysample1_ACGTAGTGTCGGAAAC-1,Gls,1.493720605616764,15dayS1,P15,Ctrl,P15_Ctrl,4,TRUE,reclustered_cones
mysample1_ACGTAGTGTCGGAAAC-1,Gls2,0,15dayS1,P15,Ctrl,P15_Ctrl,0,FALSE,reclustered_cones
mysample1_ACGTTCCAGAAGGGAT-1,Gls,0.8466888006043864,15dayS1,P15,Ctrl,P15_Ctrl,1,TRUE,reclustered_cones
mysample1_ACGTTCCAGAAGGGAT-1,Gls2,0,15dayS1,P15,Ctrl,P15_Ctrl,0,FALSE,reclustered_cones
mysample1_ACTATCTGTCAGATTC-1,Gls,2.445594608263497,15dayS1,P15,Ctrl,P15_Ctrl,4,TRUE,reclustered_cones
mysample1_ACTATCTGTCAGATTC-1,Gls2,0,15dayS1,P15,Ctrl,P15_Ctrl,0,FALSE,reclustered_cones
mysample1_ACTATTCGTTCCGCAG-1,Gls,1.593252441822898,15dayS1,P15,Ctrl,P15_Ctrl,5,TRUE,reclustered_cones
mysample1_ACTATTCGTTCCGCAG-1,Gls2,0,15dayS1,P15,Ctrl,P15_Ctrl,0,FALSE,reclustered_cones
mysample1_ACTCCCATCCCAAGTA-1,Gls,1.1621617443917913,15dayS1,P15,Ctrl,P15_Ctrl,2,TRUE,reclustered_cones
mysample1_ACTCCCATCCCAAGTA-1,Gls2,0,15dayS1,P15,Ctrl,P15_Ctrl,0,FALSE,reclustered_cones
mysample1_ACTTTCACAACGGCTC-1,Gls,1.9616394090432574,15dayS1,P15,Ctrl,P15_Ctrl,5,TRUE,reclustered_cones
mysample1_ACTTTCACAACGGCTC-1,Gls2,0,15dayS1,P15,Ctrl,P15_Ctrl,0,FALSE,reclustered_cones
mysample1_AGAAATGAGAAAGCGA-1,Gls,1.17053122368019,15dayS1,P15,Ctrl,P15_Ctrl,2,TRUE,reclustered_cones
mysample1_AGAAATGAGAAAGCGA-1,Gls2,0,15dayS1,P15,Ctrl,P15_Ctrl,0,FALSE,reclustered_cones
mysample1_AGAAATGTCCTCTTTC-1,Gls,2.3400487950331756,15dayS1,P15,Ctrl,P15_Ctrl,10,TRUE,reclustered_cones
mysample1_AGAAATGTCCTCTTTC-1,Gls2,0,15dayS1,P15,Ctrl,P15_Ctrl,0,FALSE,reclustered_cones
mysample1_AGACAAATCTCGACGG-1,Gls,1.4958667734951663,15dayS1,P15,Ctrl,P15_Ctrl,4,TRUE,reclustered_cones
mysample1_AGACAAATCTCGACGG-1,Gls2,0,15dayS1,P15,Ctrl,P15_Ctrl,0,FALSE,reclustered_cones
mysample1_AGACCCGCAGTGGTGA-1,Gls,1.4892726562047425,15dayS1,P15,Ctrl,P15_Ctrl,6,TRUE,reclustered_cones
mysample1_AGACCCGCAGTGGTGA-1,Gls2,0,15dayS1,P15,Ctrl,P15_Ctrl,0,FALSE,reclustered_cones
mysample1_AGAGAGCAGCATACTC-1,Gls,1.719633968508265,15dayS1,P15,Ctrl,P15_Ctrl,9,TRUE,reclustered_cones
mysample1_AGAGAGCAGCATACTC-1,Gls2,0,15dayS1,P15,Ctrl,P15_Ctrl,0,FALSE,reclustered_cones
mysample1_AGATAGAGTATAGGGC-1,Gls,2.1252792083965115,15dayS1,P15,Ctrl,P15_Ctrl,9,TRUE,reclustered_cones
mysample1_AGATAGAGTATAGGGC-1,Gls2,0,15dayS1,P15,Ctrl,P15_Ctrl,0,FALSE,reclustered_cones
mysample1_AGCATCAGTAGAGACC-1,Gls,1.9283910076040283,15dayS1,P15,Ctrl,P15_Ctrl,15,TRUE,reclustered_cones
mysample1_AGCATCAGTAGAGACC-1,Gls2,0,15dayS1,P15,Ctrl,P15_Ctrl,0,FALSE,reclustered_cones
mysample1_AGCATCATCGGTCTAA-1,Gls,2.30299919776847,15dayS1,P15,Ctrl,P15_Ctrl,5,TRUE,reclustered_cones
mysample1_AGCATCATCGGTCTAA-1,Gls2,0,15dayS1,P15,Ctrl,P15_Ctrl,0,FALSE,reclustered_cones
mysample1_AGCGCTGAGCAGGCTA-1,Gls,0.8577567332837898,15dayS1,P15,Ctrl,P15_Ctrl,2,TRUE,reclustered_cones
mysample1_AGCGCTGAGCAGGCTA-1,Gls2,0,15dayS1,P15,Ctrl,P15_Ctrl,0,FALSE,reclustered_cones
mysample1_AGCGTATTCATTGCTT-1,Gls,1.7369958769211356,15dayS1,P15,Ctrl,P15_Ctrl,11,TRUE,reclustered_cones
mysample1_AGCGTATTCATTGCTT-1,Gls2,0,15dayS1,P15,Ctrl,P15_Ctrl,0,FALSE,reclustered_cones
mysample1_AGGCATTGTATTAAGG-1,Gls,1.753915455342526,15dayS1,P15,Ctrl,P15_Ctrl,7,TRUE,reclustered_cones
mysample1_AGGCATTGTATTAAGG-1,Gls2,0,15dayS1,P15,Ctrl,P15_Ctrl,0,FALSE,reclustered_cones
mysample1_AGGTAGGAGCGACAGT-1,Gls,1.3846279281171088,15dayS1,P15,Ctrl,P15_Ctrl,4,TRUE,reclustered_cones
mysample1_AGGTAGGAGCGACAGT-1,Gls2,0,15dayS1,P15,Ctrl,P15_Ctrl,0,FALSE,reclustered_cones
mysample1_AGGTCATTCCGTGGGT-1,Gls,1.514546233198022,15dayS1,P15,Ctrl,P15_Ctrl,5,TRUE,reclustered_cones
mysample1_AGGTCATTCCGTGGGT-1,Gls2,0,15dayS1,P15,Ctrl,P15_Ctrl,0,FALSE,reclustered_cones
mysample1_AGGTTGTAGGAAGAAC-1,Gls,1.5129915384388686,15dayS1,P15,Ctrl,P15_Ctrl,8,TRUE,reclustered_cones
mysample1_AGGTTGTAGGAAGAAC-1,Gls2,0,15dayS1,P15,Ctrl,P15_Ctrl,0,FALSE,reclustered_cones
mysample1_AGTACTGTCCTACACC-1,Gls,1.5338234169184555,15dayS1,P15,Ctrl,P15_Ctrl,8,TRUE,reclustered_cones
mysample1_AGTACTGTCCTACACC-1,Gls2,0,15dayS1,P15,Ctrl,P15_Ctrl,0,FALSE,reclustered_cones
mysample1_AGTACTGTCTGACAGT-1,Gls,1.9501219483019405,15dayS1,P15,Ctrl,P15_Ctrl,8,TRUE,reclustered_cones
mysample1_AGTACTGTCTGACAGT-1,Gls2,0,15dayS1,P15,Ctrl,P15_Ctrl,0,FALSE,reclustered_cones
mysample1_AGTAGCTCAACCCGCA-1,Gls,1.1379743545674035,15dayS1,P15,Ctrl,P15_Ctrl,2,TRUE,reclustered_cones
mysample1_AGTAGCTCAACCCGCA-1,Gls2,0,15dayS1,P15,Ctrl,P15_Ctrl,0,FALSE,reclustered_cones
mysample1_AGTAGTCTCATGCTAG-1,Gls,1.4770260885708766,15dayS1,P15,Ctrl,P15_Ctrl,6,TRUE,reclustered_cones
mysample1_AGTAGTCTCATGCTAG-1,Gls2,0,15dayS1,P15,Ctrl,P15_Ctrl,0,FALSE,reclustered_cones
mysample1_AGTCACAAGTCACTAC-1,Gls,0,15dayS1,P15,Ctrl,P15_Ctrl,0,FALSE,reclustered_cones
mysample1_AGTCACAAGTCACTAC-1,Gls2,0,15dayS1,P15,Ctrl,P15_Ctrl,0,FALSE,reclustered_cones
mysample1_AGTGCCGTCTCGCCTA-1,Gls,1.6150615464554368,15dayS1,P15,Ctrl,P15_Ctrl,12,TRUE,reclustered_cones
mysample1_AGTGCCGTCTCGCCTA-1,Gls2,0,15dayS1,P15,Ctrl,P15_Ctrl,0,FALSE,reclustered_cones
mysample1_ATACTTCAGCCACAAG-1,Gls,1.3304650793888866,15dayS1,P15,Ctrl,P15_Ctrl,4,TRUE,reclustered_cones
mysample1_ATACTTCAGCCACAAG-1,Gls2,0,15dayS1,P15,Ctrl,P15_Ctrl,0,FALSE,reclustered_cones
mysample1_ATAGAGAGTCATCCCT-1,Gls,1.9976152277601553,15dayS1,P15,Ctrl,P15_Ctrl,8,TRUE,reclustered_cones
mysample1_ATAGAGAGTCATCCCT-1,Gls2,0,15dayS1,P15,Ctrl,P15_Ctrl,0,FALSE,reclustered_cones
mysample1_ATAGGCTTCAATCGGT-1,Gls,1.476417799321784,15dayS1,P15,Ctrl,P15_Ctrl,4,TRUE,reclustered_cones
mysample1_ATAGGCTTCAATCGGT-1,Gls2,0,15dayS1,P15,Ctrl,P15_Ctrl,0,FALSE,reclustered_cones
mysample1_ATCACAGCACATGACT-1,Gls,1.3296808648474,15dayS1,P15,Ctrl,P15_Ctrl,3,TRUE,reclustered_cones
mysample1_ATCACAGCACATGACT-1,Gls2,0,15dayS1,P15,Ctrl,P15_Ctrl,0,FALSE,reclustered_cones
mysample1_ATCCATTAGCCGTTGC-1,Gls,2.150218002212934,15dayS1,P15,Ctrl,P15_Ctrl,11,TRUE,reclustered_cones
mysample1_ATCCATTAGCCGTTGC-1,Gls2,0,15dayS1,P15,Ctrl,P15_Ctrl,0,FALSE,reclustered_cones
mysample1_ATCCATTTCACCTACC-1,Gls,1.7652931611348281,15dayS1,P15,Ctrl,P15_Ctrl,7,TRUE,reclustered_cones
mysample1_ATCCATTTCACCTACC-1,Gls2,0,15dayS1,P15,Ctrl,P15_Ctrl,0,FALSE,reclustered_cones
mysample1_ATCGGCGCAAATACGA-1,Gls,1.573137642090897,15dayS1,P15,Ctrl,P15_Ctrl,5,TRUE,reclustered_cones
mysample1_ATCGGCGCAAATACGA-1,Gls2,0,15dayS1,P15,Ctrl,P15_Ctrl,0,FALSE,reclustered_cones
mysample1_ATGGGTTTCGGAATGG-1,Gls,1.6057998621162064,15dayS1,P15,Ctrl,P15_Ctrl,5,TRUE,reclustered_cones
mysample1_ATGGGTTTCGGAATGG-1,Gls2,0,15dayS1,P15,Ctrl,P15_Ctrl,0,FALSE,reclustered_cones
mysample1_ATGTCTTTCAAACTGC-1,Gls,0.8807997035621428,15dayS1,P15,Ctrl,P15_Ctrl,1,TRUE,reclustered_cones
mysample1_ATGTCTTTCAAACTGC-1,Gls2,0,15dayS1,P15,Ctrl,P15_Ctrl,0,FALSE,reclustered_cones
mysample1_ATTACTCCATTGGATC-1,Gls,1.5805808506700696,15dayS1,P15,Ctrl,P15_Ctrl,6,TRUE,reclustered_cones
mysample1_ATTACTCCATTGGATC-1,Gls2,0,15dayS1,P15,Ctrl,P15_Ctrl,0,FALSE,reclustered_cones
mysample1_ATTGTTCAGGAGGTTC-1,Gls,1.4492403872402697,15dayS1,P15,Ctrl,P15_Ctrl,5,TRUE,reclustered_cones
mysample1_ATTGTTCAGGAGGTTC-1,Gls2,0,15dayS1,P15,Ctrl,P15_Ctrl,0,FALSE,reclustered_cones
mysample1_ATTTACCCAGCTGAGA-1,Gls,1.2385713315358586,15dayS1,P15,Ctrl,P15_Ctrl,4,TRUE,reclustered_cones
mysample1_ATTTACCCAGCTGAGA-1,Gls2,0,15dayS1,P15,Ctrl,P15_Ctrl,0,FALSE,reclustered_cones
mysample1_ATTTCTGAGATTACCC-1,Gls,1.4597903170744544,15dayS1,P15,Ctrl,P15_Ctrl,6,TRUE,reclustered_cones
mysample1_ATTTCTGAGATTACCC-1,Gls2,0,15dayS1,P15,Ctrl,P15_Ctrl,0,FALSE,reclustered_cones
mysample1_CAACAACCATCCTCAC-1,Gls,1.5945653971802427,15dayS1,P15,Ctrl,P15_Ctrl,6,TRUE,reclustered_cones
mysample1_CAACAACCATCCTCAC-1,Gls2,0,15dayS1,P15,Ctrl,P15_Ctrl,0,FALSE,reclustered_cones
mysample1_CAACAACTCGCCAATA-1,Gls,1.3158597497409092,15dayS1,P15,Ctrl,P15_Ctrl,4,TRUE,reclustered_cones
mysample1_CAACAACTCGCCAATA-1,Gls2,0,15dayS1,P15,Ctrl,P15_Ctrl,0,FALSE,reclustered_cones
mysample1_CAACCAAAGACCTGGA-1,Gls,1.4826501357556172,15dayS1,P15,Ctrl,P15_Ctrl,5,TRUE,reclustered_cones
mysample1_CAACCAAAGACCTGGA-1,Gls2,0,15dayS1,P15,Ctrl,P15_Ctrl,0,FALSE,reclustered_cones
mysample1_CAACCAATCGCCTTGT-1,Gls,2.0942226016481027,15dayS1,P15,Ctrl,P15_Ctrl,3,TRUE,reclustered_cones
mysample1_CAACCAATCGCCTTGT-1,Gls2,0,15dayS1,P15,Ctrl,P15_Ctrl,0,FALSE,reclustered_cones
mysample1_CAACGATTCGCTATTT-1,Gls,1.5073915629835528,15dayS1,P15,Ctrl,P15_Ctrl,5,TRUE,reclustered_cones
mysample1_CAACGATTCGCTATTT-1,Gls2,0,15dayS1,P15,Ctrl,P15_Ctrl,0,FALSE,reclustered_cones
mysample1_CAACGGCAGGACCCAA-1,Gls,1.0662265400183246,15dayS1,P15,Ctrl,P15_Ctrl,3,TRUE,reclustered_cones
mysample1_CAACGGCAGGACCCAA-1,Gls2,0,15dayS1,P15,Ctrl,P15_Ctrl,0,FALSE,reclustered_cones
mysample1_CAAGACTTCTGCTTTA-1,Gls,1.6931459986858783,15dayS1,P15,Ctrl,P15_Ctrl,6,TRUE,reclustered_cones
mysample1_CAAGACTTCTGCTTTA-1,Gls2,0,15dayS1,P15,Ctrl,P15_Ctrl,0,FALSE,reclustered_cones
mysample1_CAAGAGGTCTTTCAGT-1,Gls,1.5226620548426295,15dayS1,P15,Ctrl,P15_Ctrl,7,TRUE,reclustered_cones
mysample1_CAAGAGGTCTTTCAGT-1,Gls2,0,15dayS1,P15,Ctrl,P15_Ctrl,0,FALSE,reclustered_cones
mysample1_CACACAAAGCACTCGC-1,Gls,2.03370011296884,15dayS1,P15,Ctrl,P15_Ctrl,4,TRUE,reclustered_cones
mysample1_CACACAAAGCACTCGC-1,Gls2,0,15dayS1,P15,Ctrl,P15_Ctrl,0,FALSE,reclustered_cones
mysample1_CACCGTTAGCTTTGTG-1,Gls,2.3816903809221937,15dayS1,P15,Ctrl,P15_Ctrl,6,TRUE,reclustered_cones
mysample1_CACCGTTAGCTTTGTG-1,Gls2,0,15dayS1,P15,Ctrl,P15_Ctrl,0,FALSE,reclustered_cones
mysample1_CACCGTTCACAACCGC-1,Gls,1.797196765655283,15dayS1,P15,Ctrl,P15_Ctrl,8,TRUE,reclustered_cones
mysample1_CACCGTTCACAACCGC-1,Gls2,0,15dayS1,P15,Ctrl,P15_Ctrl,0,FALSE,reclustered_cones
mysample1_CAGATTGGTGCCGTTG-1,Gls,1.333389611070235,15dayS1,P15,Ctrl,P15_Ctrl,4,TRUE,reclustered_cones
mysample1_CAGATTGGTGCCGTTG-1,Gls2,0,15dayS1,P15,Ctrl,P15_Ctrl,0,FALSE,reclustered_cones
mysample1_CAGATTGTCAAAGCCT-1,Gls,2.295416603515433,15dayS1,P15,Ctrl,P15_Ctrl,4,TRUE,reclustered_cones
mysample1_CAGATTGTCAAAGCCT-1,Gls2,0,15dayS1,P15,Ctrl,P15_Ctrl,0,FALSE,reclustered_cones
mysample1_CAGCACGTCGCTATTT-1,Gls,1.7783447597552986,15dayS1,P15,Ctrl,P15_Ctrl,2,TRUE,reclustered_cones
mysample1_CAGCACGTCGCTATTT-1,Gls2,0,15dayS1,P15,Ctrl,P15_Ctrl,0,FALSE,reclustered_cones
mysample1_CAGCAGCTCGGTAACT-1,Gls,1.7463938127677792,15dayS1,P15,Ctrl,P15_Ctrl,7,TRUE,reclustered_cones
mysample1_CAGCAGCTCGGTAACT-1,Gls2,0,15dayS1,P15,Ctrl,P15_Ctrl,0,FALSE,reclustered_cones
mysample1_CATCCGTAGATTCGAA-1,Gls,0,15dayS1,P15,Ctrl,P15_Ctrl,0,FALSE,reclustered_cones
mysample1_CATCCGTAGATTCGAA-1,Gls2,0,15dayS1,P15,Ctrl,P15_Ctrl,0,FALSE,reclustered_cones
mysample1_CATCGTCTCCGGCTTT-1,Gls,0.8411361435903507,15dayS1,P15,Ctrl,P15_Ctrl,2,TRUE,reclustered_cones
mysample1_CATCGTCTCCGGCTTT-1,Gls2,0,15dayS1,P15,Ctrl,P15_Ctrl,0,FALSE,reclustered_cones
mysample1_CATTGAGCACCCTAAA-1,Gls,1.8108128922051798,15dayS1,P15,Ctrl,P15_Ctrl,8,TRUE,reclustered_cones
mysample1_CATTGAGCACCCTAAA-1,Gls2,0,15dayS1,P15,Ctrl,P15_Ctrl,0,FALSE,reclustered_cones
mysample1_CCAAGCGGTAAGTAGT-1,Gls,1.0565420520424167,15dayS1,P15,Ctrl,P15_Ctrl,3,TRUE,reclustered_cones
mysample1_CCAAGCGGTAAGTAGT-1,Gls2,0,15dayS1,P15,Ctrl,P15_Ctrl,0,FALSE,reclustered_cones
mysample1_CCGTGAGCAGACCAGA-1,Gls,1.588491440080216,15dayS1,P15,Ctrl,P15_Ctrl,6,TRUE,reclustered_cones
mysample1_CCGTGAGCAGACCAGA-1,Gls2,0,15dayS1,P15,Ctrl,P15_Ctrl,0,FALSE,reclustered_cones
mysample1_CCGTTCAAGTCTTCCC-1,Gls,0.9907276132132126,15dayS1,P15,Ctrl,P15_Ctrl,2,TRUE,reclustered_cones
mysample1_CCGTTCAAGTCTTCCC-1,Gls2,0,15dayS1,P15,Ctrl,P15_Ctrl,0,FALSE,reclustered_cones
mysample1_CCTCAACTCCTGTAGA-1,Gls,1.0954224933000096,15dayS1,P15,Ctrl,P15_Ctrl,2,TRUE,reclustered_cones
mysample1_CCTCAACTCCTGTAGA-1,Gls2,0,15dayS1,P15,Ctrl,P15_Ctrl,0,FALSE,reclustered_cones
mysample1_CCTCATGCATGGGATG-1,Gls,1.3586071287192614,15dayS1,P15,Ctrl,P15_Ctrl,7,TRUE,reclustered_cones
mysample1_CCTCATGCATGGGATG-1,Gls2,0,15dayS1,P15,Ctrl,P15_Ctrl,0,FALSE,reclustered_cones
mysample1_CCTCATGGTGCGTCGT-1,Gls,1.8471753083696245,15dayS1,P15,Ctrl,P15_Ctrl,5,TRUE,reclustered_cones
mysample1_CCTCATGGTGCGTCGT-1,Gls2,0,15dayS1,P15,Ctrl,P15_Ctrl,0,FALSE,reclustered_cones
mysample1_CCTCTAGCATGAGTAA-1,Gls,1.454400722280039,15dayS1,P15,Ctrl,P15_Ctrl,1,TRUE,reclustered_cones
mysample1_CCTCTAGCATGAGTAA-1,Gls2,0,15dayS1,P15,Ctrl,P15_Ctrl,0,FALSE,reclustered_cones
mysample1_CCTTCAGCAGAGGTAC-1,Gls,1.6739686955201902,15dayS1,P15,Ctrl,P15_Ctrl,7,TRUE,reclustered_cones
mysample1_CCTTCAGCAGAGGTAC-1,Gls2,0,15dayS1,P15,Ctrl,P15_Ctrl,0,FALSE,reclustered_cones
mysample1_CGAAGGAAGAGTTGTA-1,Gls,1.8141904744450241,15dayS1,P15,Ctrl,P15_Ctrl,4,TRUE,reclustered_cones
mysample1_CGAAGGAAGAGTTGTA-1,Gls2,0,15dayS1,P15,Ctrl,P15_Ctrl,0,FALSE,reclustered_cones
mysample1_CGATCGGCATCGGATT-1,Gls,0,15dayS1,P15,Ctrl,P15_Ctrl,0,FALSE,reclustered_cones
mysample1_CGATCGGCATCGGATT-1,Gls2,0,15dayS1,P15,Ctrl,P15_Ctrl,0,FALSE,reclustered_cones
mysample1_CGATGGCAGGAACTCG-1,Gls,1.6094379124341003,15dayS1,P15,Ctrl,P15_Ctrl,2,TRUE,reclustered_cones
mysample1_CGATGGCAGGAACTCG-1,Gls2,0,15dayS1,P15,Ctrl,P15_Ctrl,0,FALSE,reclustered_cones
mysample1_CGGGACTCACCTTCCA-1,Gls,1.0760965937738596,15dayS1,P15,Ctrl,P15_Ctrl,4,TRUE,reclustered_cones
mysample1_CGGGACTCACCTTCCA-1,Gls2,0,15dayS1,P15,Ctrl,P15_Ctrl,0,FALSE,reclustered_cones
mysample1_CGGGTCAAGACCATAA-1,Gls,1.1700712526502546,15dayS1,P15,Ctrl,P15_Ctrl,3,TRUE,reclustered_cones
mysample1_CGGGTCAAGACCATAA-1,Gls2,0,15dayS1,P15,Ctrl,P15_Ctrl,0,FALSE,reclustered_cones
mysample1_CTACGGGGTCGGTACC-1,Gls,3.1884086277274335,15dayS1,P15,Ctrl,P15_Ctrl,9,TRUE,reclustered_cones
mysample1_CTACGGGGTCGGTACC-1,Gls2,0,15dayS1,P15,Ctrl,P15_Ctrl,0,FALSE,reclustered_cones
mysample1_CTAGACAGTAAGATAC-1,Gls,1.2188845070746022,15dayS1,P15,Ctrl,P15_Ctrl,3,TRUE,reclustered_cones
mysample1_CTAGACAGTAAGATAC-1,Gls2,0,15dayS1,P15,Ctrl,P15_Ctrl,0,FALSE,reclustered_cones
mysample1_CTCAGTCTCCCATACC-1,Gls,0.9525918334206154,15dayS1,P15,Ctrl,P15_Ctrl,4,TRUE,reclustered_cones
mysample1_CTCAGTCTCCCATACC-1,Gls2,0,15dayS1,P15,Ctrl,P15_Ctrl,0,FALSE,reclustered_cones
mysample1_CTCATGCGTCCAAAGG-1,Gls,1.5613101794111106,15dayS1,P15,Ctrl,P15_Ctrl,3,TRUE,reclustered_cones
mysample1_CTCATGCGTCCAAAGG-1,Gls2,0,15dayS1,P15,Ctrl,P15_Ctrl,0,FALSE,reclustered_cones
mysample1_CTCCCTCCAATCGAAA-1,Gls,2.3234033544027124,15dayS1,P15,Ctrl,P15_Ctrl,15,TRUE,reclustered_cones
mysample1_CTCCCTCCAATCGAAA-1,Gls2,0,15dayS1,P15,Ctrl,P15_Ctrl,0,FALSE,reclustered_cones
mysample1_CTCTCGAAGATGCTTC-1,Gls,1.7635747828723547,15dayS1,P15,Ctrl,P15_Ctrl,8,TRUE,reclustered_cones
mysample1_CTCTCGAAGATGCTTC-1,Gls2,0,15dayS1,P15,Ctrl,P15_Ctrl,0,FALSE,reclustered_cones
mysample1_CTGCATCCAACAAGTA-1,Gls,1.2786514251066936,15dayS1,P15,Ctrl,P15_Ctrl,3,TRUE,reclustered_cones
mysample1_CTGCATCCAACAAGTA-1,Gls2,0,15dayS1,P15,Ctrl,P15_Ctrl,0,FALSE,reclustered_cones
mysample1_CTGCATCCAATGAACA-1,Gls,1.9201515958925879,15dayS1,P15,Ctrl,P15_Ctrl,8,TRUE,reclustered_cones
mysample1_CTGCATCCAATGAACA-1,Gls2,0,15dayS1,P15,Ctrl,P15_Ctrl,0,FALSE,reclustered_cones
mysample1_CTGCGAGAGCAAGTCG-1,Gls,0,15dayS1,P15,Ctrl,P15_Ctrl,0,FALSE,reclustered_cones
mysample1_CTGCGAGAGCAAGTCG-1,Gls2,0,15dayS1,P15,Ctrl,P15_Ctrl,0,FALSE,reclustered_cones
mysample1_CTGTACCTCGAGATAA-1,Gls,0.7486206740349745,15dayS1,P15,Ctrl,P15_Ctrl,2,TRUE,reclustered_cones
mysample1_CTGTACCTCGAGATAA-1,Gls2,0,15dayS1,P15,Ctrl,P15_Ctrl,0,FALSE,reclustered_cones
mysample1_CTGTCGTAGCCTTTCC-1,Gls,1.8923832974340118,15dayS1,P15,Ctrl,P15_Ctrl,7,TRUE,reclustered_cones
mysample1_CTGTCGTAGCCTTTCC-1,Gls2,0,15dayS1,P15,Ctrl,P15_Ctrl,0,FALSE,reclustered_cones
mysample1_CTTCAATAGTTTGTCG-1,Gls,1.159351302092901,15dayS1,P15,Ctrl,P15_Ctrl,3,TRUE,reclustered_cones
mysample1_CTTCAATAGTTTGTCG-1,Gls2,0,15dayS1,P15,Ctrl,P15_Ctrl,0,FALSE,reclustered_cones
mysample1_CTTCGGTAGGCAATGC-1,Gls,0,15dayS1,P15,Ctrl,P15_Ctrl,0,FALSE,reclustered_cones
mysample1_CTTCGGTAGGCAATGC-1,Gls2,0,15dayS1,P15,Ctrl,P15_Ctrl,0,FALSE,reclustered_cones
mysample1_CTTCGGTAGTCATGGG-1,Gls,1.3154506741466292,15dayS1,P15,Ctrl,P15_Ctrl,5,TRUE,reclustered_cones
mysample1_CTTCGGTAGTCATGGG-1,Gls2,0,15dayS1,P15,Ctrl,P15_Ctrl,0,FALSE,reclustered_cones
mysample1_GAACGTTGTTTAGACC-1,Gls,0.6288771110997667,15dayS1,P15,Ctrl,P15_Ctrl,1,TRUE,reclustered_cones
mysample1_GAACGTTGTTTAGACC-1,Gls2,0,15dayS1,P15,Ctrl,P15_Ctrl,0,FALSE,reclustered_cones
mysample1_GAACTGTTCAATCTTC-1,Gls,0,15dayS1,P15,Ctrl,P15_Ctrl,0,FALSE,reclustered_cones
mysample1_GAACTGTTCAATCTTC-1,Gls2,0,15dayS1,P15,Ctrl,P15_Ctrl,0,FALSE,reclustered_cones
mysample1_GAAGGACTCTGCACCT-1,Gls,0.7280353575666659,15dayS1,P15,Ctrl,P15_Ctrl,2,TRUE,reclustered_cones
mysample1_GAAGGACTCTGCACCT-1,Gls2,0,15dayS1,P15,Ctrl,P15_Ctrl,0,FALSE,reclustered_cones
mysample1_GAAGTAAAGTGGTGAC-1,Gls,1.2761012506238556,15dayS1,P15,Ctrl,P15_Ctrl,1,TRUE,reclustered_cones
mysample1_GAAGTAAAGTGGTGAC-1,Gls2,0,15dayS1,P15,Ctrl,P15_Ctrl,0,FALSE,reclustered_cones
mysample1_GAATAGAGTCAGCGTC-1,Gls,2.0244230953502966,15dayS1,P15,Ctrl,P15_Ctrl,9,TRUE,reclustered_cones
mysample1_GAATAGAGTCAGCGTC-1,Gls2,0,15dayS1,P15,Ctrl,P15_Ctrl,0,FALSE,reclustered_cones
mysample1_GACCTTCAGAACCGCA-1,Gls,1.8906078241498327,15dayS1,P15,Ctrl,P15_Ctrl,7,TRUE,reclustered_cones
mysample1_GACCTTCAGAACCGCA-1,Gls2,0,15dayS1,P15,Ctrl,P15_Ctrl,0,FALSE,reclustered_cones
mysample1_GACGCTGAGACGATAT-1,Gls,1.4906037598513837,15dayS1,P15,Ctrl,P15_Ctrl,6,TRUE,reclustered_cones
mysample1_GACGCTGAGACGATAT-1,Gls2,0,15dayS1,P15,Ctrl,P15_Ctrl,0,FALSE,reclustered_cones
mysample1_GACGTTAAGCTCTATG-1,Gls,1.2739642757970409,15dayS1,P15,Ctrl,P15_Ctrl,4,TRUE,reclustered_cones
mysample1_GACGTTAAGCTCTATG-1,Gls2,0,15dayS1,P15,Ctrl,P15_Ctrl,0,FALSE,reclustered_cones
mysample1_GACTATGCAAAGTATG-1,Gls,1.4284160657658878,15dayS1,P15,Ctrl,P15_Ctrl,2,TRUE,reclustered_cones
mysample1_GACTATGCAAAGTATG-1,Gls2,0,15dayS1,P15,Ctrl,P15_Ctrl,0,FALSE,reclustered_cones
mysample1_GACTCTCTCGAACCAT-1,Gls,1.5807433360524763,15dayS1,P15,Ctrl,P15_Ctrl,11,TRUE,reclustered_cones
mysample1_GACTCTCTCGAACCAT-1,Gls2,0,15dayS1,P15,Ctrl,P15_Ctrl,0,FALSE,reclustered_cones
mysample1_GACTGATTCTATTGTC-1,Gls,1.4549459770934856,15dayS1,P15,Ctrl,P15_Ctrl,6,TRUE,reclustered_cones
mysample1_GACTGATTCTATTGTC-1,Gls2,0,15dayS1,P15,Ctrl,P15_Ctrl,0,FALSE,reclustered_cones
mysample1_GAGCTGCCATCGATAC-1,Gls,1.57008531408532,15dayS1,P15,Ctrl,P15_Ctrl,10,TRUE,reclustered_cones
mysample1_GAGCTGCCATCGATAC-1,Gls2,0,15dayS1,P15,Ctrl,P15_Ctrl,0,FALSE,reclustered_cones
mysample1_GAGTCATGTCTCACAA-1,Gls,2.9110560559586918,15dayS1,P15,Ctrl,P15_Ctrl,4,TRUE,reclustered_cones
mysample1_GAGTCATGTCTCACAA-1,Gls2,0,15dayS1,P15,Ctrl,P15_Ctrl,0,FALSE,reclustered_cones
mysample1_GAGTCATGTCTGTGTA-1,Gls,1.8909830488968002,15dayS1,P15,Ctrl,P15_Ctrl,2,TRUE,reclustered_cones
mysample1_GAGTCATGTCTGTGTA-1,Gls2,0,15dayS1,P15,Ctrl,P15_Ctrl,0,FALSE,reclustered_cones
mysample1_GAGTCATGTTGGCCGT-1,Gls,1.2564058292401845,15dayS1,P15,Ctrl,P15_Ctrl,3,TRUE,reclustered_cones
mysample1_GAGTCATGTTGGCCGT-1,Gls2,0,15dayS1,P15,Ctrl,P15_Ctrl,0,FALSE,reclustered_cones
mysample1_GAGTTACAGAGACAAG-1,Gls,1.1546675140207199,15dayS1,P15,Ctrl,P15_Ctrl,1,TRUE,reclustered_cones
mysample1_GAGTTACAGAGACAAG-1,Gls2,0,15dayS1,P15,Ctrl,P15_Ctrl,0,FALSE,reclustered_cones
mysample1_GAGTTACGTCCAAAGG-1,Gls,1.542014004638733,15dayS1,P15,Ctrl,P15_Ctrl,6,TRUE,reclustered_cones
mysample1_GAGTTACGTCCAAAGG-1,Gls2,0,15dayS1,P15,Ctrl,P15_Ctrl,0,FALSE,reclustered_cones
mysample1_GATAGAAGTAGAAACT-1,Gls,1.5852952423819675,15dayS1,P15,Ctrl,P15_Ctrl,6,TRUE,reclustered_cones
mysample1_GATAGAAGTAGAAACT-1,Gls2,0,15dayS1,P15,Ctrl,P15_Ctrl,0,FALSE,reclustered_cones
mysample1_GATCACAGTATGAAAC-1,Gls,1.4742501356120727,15dayS1,P15,Ctrl,P15_Ctrl,3,TRUE,reclustered_cones
mysample1_GATCACAGTATGAAAC-1,Gls2,0,15dayS1,P15,Ctrl,P15_Ctrl,0,FALSE,reclustered_cones
mysample1_GATCCCTGTTACCTGA-1,Gls,1.9064901138011556,15dayS1,P15,Ctrl,P15_Ctrl,8,TRUE,reclustered_cones
mysample1_GATCCCTGTTACCTGA-1,Gls2,0,15dayS1,P15,Ctrl,P15_Ctrl,0,FALSE,reclustered_cones
mysample1_GATGACTGTAGTTACC-1,Gls,1.5953481554608029,15dayS1,P15,Ctrl,P15_Ctrl,4,TRUE,reclustered_cones
mysample1_GATGACTGTAGTTACC-1,Gls2,0,15dayS1,P15,Ctrl,P15_Ctrl,0,FALSE,reclustered_cones
mysample1_GATGGAGTCTCTAGGA-1,Gls,1.7827883235596227,15dayS1,P15,Ctrl,P15_Ctrl,6,TRUE,reclustered_cones
mysample1_GATGGAGTCTCTAGGA-1,Gls2,0,15dayS1,P15,Ctrl,P15_Ctrl,0,FALSE,reclustered_cones
mysample1_GATTGGTCAGTTGAAA-1,Gls,1.6646603617650317,15dayS1,P15,Ctrl,P15_Ctrl,12,TRUE,reclustered_cones
mysample1_GATTGGTCAGTTGAAA-1,Gls2,0,15dayS1,P15,Ctrl,P15_Ctrl,0,FALSE,reclustered_cones
mysample1_GCACGGTCACTCTAGA-1,Gls,1.1230637185512928,15dayS1,P15,Ctrl,P15_Ctrl,1,TRUE,reclustered_cones
mysample1_GCACGGTCACTCTAGA-1,Gls2,0,15dayS1,P15,Ctrl,P15_Ctrl,0,FALSE,reclustered_cones
mysample1_GCACGTGGTTCCATTT-1,Gls,1.2229572221854,15dayS1,P15,Ctrl,P15_Ctrl,4,TRUE,reclustered_cones
mysample1_GCACGTGGTTCCATTT-1,Gls2,0,15dayS1,P15,Ctrl,P15_Ctrl,0,FALSE,reclustered_cones
mysample1_GCATCGGAGCACCGTC-1,Gls,0.6755251502924075,15dayS1,P15,Ctrl,P15_Ctrl,1,TRUE,reclustered_cones
mysample1_GCATCGGAGCACCGTC-1,Gls2,0,15dayS1,P15,Ctrl,P15_Ctrl,0,FALSE,reclustered_cones
mysample1_GCATTAGGTTCAGCGC-1,Gls,1.8139448548406776,15dayS1,P15,Ctrl,P15_Ctrl,7,TRUE,reclustered_cones
mysample1_GCATTAGGTTCAGCGC-1,Gls2,0,15dayS1,P15,Ctrl,P15_Ctrl,0,FALSE,reclustered_cones
mysample1_GCCAACGAGCGTTCAT-1,Gls,1.126504181040379,15dayS1,P15,Ctrl,P15_Ctrl,2,TRUE,reclustered_cones
mysample1_GCCAACGAGCGTTCAT-1,Gls2,0,15dayS1,P15,Ctrl,P15_Ctrl,0,FALSE,reclustered_cones
mysample1_GCCGATGGTCGCCACA-1,Gls,0.9190596495524671,15dayS1,P15,Ctrl,P15_Ctrl,2,TRUE,reclustered_cones
mysample1_GCCGATGGTCGCCACA-1,Gls2,0,15dayS1,P15,Ctrl,P15_Ctrl,0,FALSE,reclustered_cones
mysample1_GCCTGTTTCGATGCTA-1,Gls,1.4591985518387847,15dayS1,P15,Ctrl,P15_Ctrl,4,TRUE,reclustered_cones
mysample1_GCCTGTTTCGATGCTA-1,Gls2,0,15dayS1,P15,Ctrl,P15_Ctrl,0,FALSE,reclustered_cones
mysample1_GCGATCGTCGCTGCGA-1,Gls,0,15dayS1,P15,Ctrl,P15_Ctrl,0,FALSE,reclustered_cones
mysample1_GCGATCGTCGCTGCGA-1,Gls2,0,15dayS1,P15,Ctrl,P15_Ctrl,0,FALSE,reclustered_cones
mysample1_GCTGCAGGTCAGATTC-1,Gls,1.4140746358840148,15dayS1,P15,Ctrl,P15_Ctrl,6,TRUE,reclustered_cones
mysample1_GCTGCAGGTCAGATTC-1,Gls2,0,15dayS1,P15,Ctrl,P15_Ctrl,0,FALSE,reclustered_cones
mysample1_GCTGCAGGTCTACAAC-1,Gls,0.4989033667635635,15dayS1,P15,Ctrl,P15_Ctrl,1,TRUE,reclustered_cones
mysample1_GCTGCAGGTCTACAAC-1,Gls2,0,15dayS1,P15,Ctrl,P15_Ctrl,0,FALSE,reclustered_cones
mysample1_GCTTCACTCCTCTTTC-1,Gls,2.140523228547736,15dayS1,P15,Ctrl,P15_Ctrl,14,TRUE,reclustered_cones
mysample1_GCTTCACTCCTCTTTC-1,Gls2,0,15dayS1,P15,Ctrl,P15_Ctrl,0,FALSE,reclustered_cones
mysample1_GCTTGGGCATATCTGG-1,Gls,1.3267155454328308,15dayS1,P15,Ctrl,P15_Ctrl,8,TRUE,reclustered_cones
mysample1_GCTTGGGCATATCTGG-1,Gls2,0,15dayS1,P15,Ctrl,P15_Ctrl,0,FALSE,reclustered_cones
mysample1_GGACGTCAGGCCTTCG-1,Gls,1.7733736496895394,15dayS1,P15,Ctrl,P15_Ctrl,10,TRUE,reclustered_cones
mysample1_GGACGTCAGGCCTTCG-1,Gls2,0,15dayS1,P15,Ctrl,P15_Ctrl,0,FALSE,reclustered_cones
mysample1_GGACGTCGTAGCACAG-1,Gls,1.5351674332637337,15dayS1,P15,Ctrl,P15_Ctrl,6,TRUE,reclustered_cones
mysample1_GGACGTCGTAGCACAG-1,Gls2,0,15dayS1,P15,Ctrl,P15_Ctrl,0,FALSE,reclustered_cones
mysample1_GGCACGTTCTTTGCGC-1,Gls,1.4675562055390574,15dayS1,P15,Ctrl,P15_Ctrl,4,TRUE,reclustered_cones
mysample1_GGCACGTTCTTTGCGC-1,Gls2,0,15dayS1,P15,Ctrl,P15_Ctrl,0,FALSE,reclustered_cones
mysample1_GGCTGTGCATCATTTC-1,Gls,0,15dayS1,P15,Ctrl,P15_Ctrl,0,FALSE,reclustered_cones
mysample1_GGCTGTGCATCATTTC-1,Gls2,0,15dayS1,P15,Ctrl,P15_Ctrl,0,FALSE,reclustered_cones
mysample1_GGGACCTCACCTCTAC-1,Gls,1.3956099370130293,15dayS1,P15,Ctrl,P15_Ctrl,4,TRUE,reclustered_cones
mysample1_GGGACCTCACCTCTAC-1,Gls2,0,15dayS1,P15,Ctrl,P15_Ctrl,0,FALSE,reclustered_cones
mysample1_GGGATCCCACGACAAG-1,Gls,3.2241130518728496,15dayS1,P15,Ctrl,P15_Ctrl,15,TRUE,reclustered_cones
mysample1_GGGATCCCACGACAAG-1,Gls2,0,15dayS1,P15,Ctrl,P15_Ctrl,0,FALSE,reclustered_cones
mysample1_GGGATGATCCACTGAA-1,Gls,0,15dayS1,P15,Ctrl,P15_Ctrl,0,FALSE,reclustered_cones
mysample1_GGGATGATCCACTGAA-1,Gls2,0,15dayS1,P15,Ctrl,P15_Ctrl,0,FALSE,reclustered_cones
mysample1_GGGTTATGTAGAGACC-1,Gls,0.6432258596792219,15dayS1,P15,Ctrl,P15_Ctrl,1,TRUE,reclustered_cones
mysample1_GGGTTATGTAGAGACC-1,Gls2,0,15dayS1,P15,Ctrl,P15_Ctrl,0,FALSE,reclustered_cones
mysample1_GGTAACTCAAATCGGG-1,Gls,1.5049335278944498,15dayS1,P15,Ctrl,P15_Ctrl,1,TRUE,reclustered_cones
mysample1_GGTAACTCAAATCGGG-1,Gls2,0,15dayS1,P15,Ctrl,P15_Ctrl,0,FALSE,reclustered_cones
mysample1_GGTGAAGCATTCACCC-1,Gls,1.7471479586638279,15dayS1,P15,Ctrl,P15_Ctrl,10,TRUE,reclustered_cones
mysample1_GGTGAAGCATTCACCC-1,Gls2,0,15dayS1,P15,Ctrl,P15_Ctrl,0,FALSE,reclustered_cones
mysample1_GTAAGTCGTGCCTTCT-1,Gls,0.9295117487731862,15dayS1,P15,Ctrl,P15_Ctrl,2,TRUE,reclustered_cones
mysample1_GTAAGTCGTGCCTTCT-1,Gls2,0,15dayS1,P15,Ctrl,P15_Ctrl,0,FALSE,reclustered_cones
mysample1_GTACAGTCAAATGATG-1,Gls,0,15dayS1,P15,Ctrl,P15_Ctrl,0,FALSE,reclustered_cones
mysample1_GTACAGTCAAATGATG-1,Gls2,0,15dayS1,P15,Ctrl,P15_Ctrl,0,FALSE,reclustered_cones
mysample1_GTAGAGGAGTCGAAAT-1,Gls,1.6667764644321523,15dayS1,P15,Ctrl,P15_Ctrl,4,TRUE,reclustered_cones
mysample1_GTAGAGGAGTCGAAAT-1,Gls2,0,15dayS1,P15,Ctrl,P15_Ctrl,0,FALSE,reclustered_cones
mysample1_GTAGATCCAACTGATC-1,Gls,0,15dayS1,P15,Ctrl,P15_Ctrl,0,FALSE,reclustered_cones
mysample1_GTAGATCCAACTGATC-1,Gls2,0,15dayS1,P15,Ctrl,P15_Ctrl,0,FALSE,reclustered_cones
mysample1_GTATTGGCACCCAACG-1,Gls,0,15dayS1,P15,Ctrl,P15_Ctrl,0,FALSE,reclustered_cones
mysample1_GTATTGGCACCCAACG-1,Gls2,0,15dayS1,P15,Ctrl,P15_Ctrl,0,FALSE,reclustered_cones
mysample1_GTCAAACCATTGTACG-1,Gls,1.702073720703544,15dayS1,P15,Ctrl,P15_Ctrl,6,TRUE,reclustered_cones
mysample1_GTCAAACCATTGTACG-1,Gls2,0,15dayS1,P15,Ctrl,P15_Ctrl,0,FALSE,reclustered_cones
mysample1_GTCACGGTCAAAGACA-1,Gls,1.5524948392438163,15dayS1,P15,Ctrl,P15_Ctrl,6,TRUE,reclustered_cones
mysample1_GTCACGGTCAAAGACA-1,Gls2,0,15dayS1,P15,Ctrl,P15_Ctrl,0,FALSE,reclustered_cones
mysample1_GTCAGCGAGAAGCCTG-1,Gls,0.5986932616520297,15dayS1,P15,Ctrl,P15_Ctrl,1,TRUE,reclustered_cones
mysample1_GTCAGCGAGAAGCCTG-1,Gls2,0,15dayS1,P15,Ctrl,P15_Ctrl,0,FALSE,reclustered_cones
mysample1_GTCGAATAGCTGAGTG-1,Gls,2.633619074962803,15dayS1,P15,Ctrl,P15_Ctrl,4,TRUE,reclustered_cones
mysample1_GTCGAATAGCTGAGTG-1,Gls2,0,15dayS1,P15,Ctrl,P15_Ctrl,0,FALSE,reclustered_cones
mysample1_GTCTGTCCATATAGCC-1,Gls,2.4029103284447983,15dayS1,P15,Ctrl,P15_Ctrl,4,TRUE,reclustered_cones
mysample1_GTCTGTCCATATAGCC-1,Gls2,0,15dayS1,P15,Ctrl,P15_Ctrl,0,FALSE,reclustered_cones
mysample1_GTGAGTTAGGTCACCC-1,Gls,0,15dayS1,P15,Ctrl,P15_Ctrl,0,FALSE,reclustered_cones
mysample1_GTGAGTTAGGTCACCC-1,Gls2,0,15dayS1,P15,Ctrl,P15_Ctrl,0,FALSE,reclustered_cones
mysample1_GTGATGTGTTCATCTT-1,Gls,1.530233314059274,15dayS1,P15,Ctrl,P15_Ctrl,5,TRUE,reclustered_cones
mysample1_GTGATGTGTTCATCTT-1,Gls2,0,15dayS1,P15,Ctrl,P15_Ctrl,0,FALSE,reclustered_cones
mysample1_GTGCACGCATGGGATG-1,Gls,1.4433808837168807,15dayS1,P15,Ctrl,P15_Ctrl,5,TRUE,reclustered_cones
mysample1_GTGCACGCATGGGATG-1,Gls2,0,15dayS1,P15,Ctrl,P15_Ctrl,0,FALSE,reclustered_cones
mysample1_GTGGAAGTCCTCAGAA-1,Gls,0.9316514540970955,15dayS1,P15,Ctrl,P15_Ctrl,2,TRUE,reclustered_cones
mysample1_GTGGAAGTCCTCAGAA-1,Gls2,0,15dayS1,P15,Ctrl,P15_Ctrl,0,FALSE,reclustered_cones
mysample1_GTGTCCTAGTGCTACT-1,Gls,1.7517180182362688,15dayS1,P15,Ctrl,P15_Ctrl,14,TRUE,reclustered_cones
mysample1_GTGTCCTAGTGCTACT-1,Gls2,0,15dayS1,P15,Ctrl,P15_Ctrl,0,FALSE,reclustered_cones
mysample1_GTTACAGGTCTATGAC-1,Gls,1.327748715140043,15dayS1,P15,Ctrl,P15_Ctrl,5,TRUE,reclustered_cones
mysample1_GTTACAGGTCTATGAC-1,Gls2,0,15dayS1,P15,Ctrl,P15_Ctrl,0,FALSE,reclustered_cones
mysample1_GTTACGACAAATACAG-1,Gls,1.4978469159155166,15dayS1,P15,Ctrl,P15_Ctrl,7,TRUE,reclustered_cones
mysample1_GTTACGACAAATACAG-1,Gls2,0,15dayS1,P15,Ctrl,P15_Ctrl,0,FALSE,reclustered_cones
mysample1_GTTAGTGGTTCCTACC-1,Gls,2.4097979952673994,15dayS1,P15,Ctrl,P15_Ctrl,2,TRUE,reclustered_cones
mysample1_GTTAGTGGTTCCTACC-1,Gls2,0,15dayS1,P15,Ctrl,P15_Ctrl,0,FALSE,reclustered_cones
mysample1_GTTGTGACAGAAGTGC-1,Gls,2.366087109975825,15dayS1,P15,Ctrl,P15_Ctrl,12,TRUE,reclustered_cones
mysample1_GTTGTGACAGAAGTGC-1,Gls2,0,15dayS1,P15,Ctrl,P15_Ctrl,0,FALSE,reclustered_cones
mysample1_TAACCAGCACTTACAG-1,Gls,1.5935231560684329,15dayS1,P15,Ctrl,P15_Ctrl,3,TRUE,reclustered_cones
mysample1_TAACCAGCACTTACAG-1,Gls2,0,15dayS1,P15,Ctrl,P15_Ctrl,0,FALSE,reclustered_cones
mysample1_TAACCAGTCCCATGGG-1,Gls,2.0610906400132727,15dayS1,P15,Ctrl,P15_Ctrl,9,TRUE,reclustered_cones
mysample1_TAACCAGTCCCATGGG-1,Gls2,0,15dayS1,P15,Ctrl,P15_Ctrl,0,FALSE,reclustered_cones
mysample1_TAACTTCCACACACTA-1,Gls,2.178251676199748,15dayS1,P15,Ctrl,P15_Ctrl,21,TRUE,reclustered_cones
mysample1_TAACTTCCACACACTA-1,Gls2,0,15dayS1,P15,Ctrl,P15_Ctrl,0,FALSE,reclustered_cones
mysample1_TACATTCGTTAGGAGC-1,Gls,2.1160391831705945,15dayS1,P15,Ctrl,P15_Ctrl,10,TRUE,reclustered_cones
mysample1_TACATTCGTTAGGAGC-1,Gls2,0,15dayS1,P15,Ctrl,P15_Ctrl,0,FALSE,reclustered_cones
mysample1_TACCCACGTATGCTTG-1,Gls,1.3646052111774214,15dayS1,P15,Ctrl,P15_Ctrl,2,TRUE,reclustered_cones
mysample1_TACCCACGTATGCTTG-1,Gls2,0,15dayS1,P15,Ctrl,P15_Ctrl,0,FALSE,reclustered_cones
mysample1_TACCGGGAGGTCATTC-1,Gls,0.9450032118241714,15dayS1,P15,Ctrl,P15_Ctrl,2,TRUE,reclustered_cones
mysample1_TACCGGGAGGTCATTC-1,Gls2,0,15dayS1,P15,Ctrl,P15_Ctrl,0,FALSE,reclustered_cones
mysample1_TACCGGGTCAAGTGGG-1,Gls,1.9543079721365948,15dayS1,P15,Ctrl,P15_Ctrl,7,TRUE,reclustered_cones
mysample1_TACCGGGTCAAGTGGG-1,Gls2,0,15dayS1,P15,Ctrl,P15_Ctrl,0,FALSE,reclustered_cones
mysample1_TACCTCGGTCGTGTTA-1,Gls,1.4254887415059916,15dayS1,P15,Ctrl,P15_Ctrl,3,TRUE,reclustered_cones
mysample1_TACCTCGGTCGTGTTA-1,Gls2,0,15dayS1,P15,Ctrl,P15_Ctrl,0,FALSE,reclustered_cones
mysample1_TACCTGCCAGAGGAAA-1,Gls,1.6945352547933055,15dayS1,P15,Ctrl,P15_Ctrl,6,TRUE,reclustered_cones
mysample1_TACCTGCCAGAGGAAA-1,Gls2,0,15dayS1,P15,Ctrl,P15_Ctrl,0,FALSE,reclustered_cones
mysample1_TACGGGCGTATCCTCC-1,Gls,1.1993995223207632,15dayS1,P15,Ctrl,P15_Ctrl,6,TRUE,reclustered_cones
mysample1_TACGGGCGTATCCTCC-1,Gls2,0,15dayS1,P15,Ctrl,P15_Ctrl,0,FALSE,reclustered_cones
mysample1_TACGGGCGTTTACTGG-1,Gls,0.9936643655935644,15dayS1,P15,Ctrl,P15_Ctrl,2,TRUE,reclustered_cones
mysample1_TACGGGCGTTTACTGG-1,Gls2,0,15dayS1,P15,Ctrl,P15_Ctrl,0,FALSE,reclustered_cones
mysample1_TACGGTATCACGAACT-1,Gls,1.3826902146977893,15dayS1,P15,Ctrl,P15_Ctrl,5,TRUE,reclustered_cones
mysample1_TACGGTATCACGAACT-1,Gls2,0,15dayS1,P15,Ctrl,P15_Ctrl,0,FALSE,reclustered_cones
mysample1_TACGTCCCAGCACCCA-1,Gls,2.017214996100928,15dayS1,P15,Ctrl,P15_Ctrl,11,TRUE,reclustered_cones
mysample1_TACGTCCCAGCACCCA-1,Gls2,0,15dayS1,P15,Ctrl,P15_Ctrl,0,FALSE,reclustered_cones
mysample1_TACTTGTTCTTTCAGT-1,Gls,1.6198385060567912,15dayS1,P15,Ctrl,P15_Ctrl,8,TRUE,reclustered_cones
mysample1_TACTTGTTCTTTCAGT-1,Gls2,0,15dayS1,P15,Ctrl,P15_Ctrl,0,FALSE,reclustered_cones
mysample1_TAGACTGGTGTAAACA-1,Gls,1.4584385360871028,15dayS1,P15,Ctrl,P15_Ctrl,2,TRUE,reclustered_cones
mysample1_TAGACTGGTGTAAACA-1,Gls2,0,15dayS1,P15,Ctrl,P15_Ctrl,0,FALSE,reclustered_cones
mysample1_TAGAGTCAGACATAAC-1,Gls,1.983916551397892,15dayS1,P15,Ctrl,P15_Ctrl,10,TRUE,reclustered_cones
mysample1_TAGAGTCAGACATAAC-1,Gls2,0,15dayS1,P15,Ctrl,P15_Ctrl,0,FALSE,reclustered_cones
mysample1_TAGGAGGAGTTGGAAT-1,Gls,1.20436183370256,15dayS1,P15,Ctrl,P15_Ctrl,3,TRUE,reclustered_cones
mysample1_TAGGAGGAGTTGGAAT-1,Gls2,0,15dayS1,P15,Ctrl,P15_Ctrl,0,FALSE,reclustered_cones
mysample1_TATCAGGAGACAGTCG-1,Gls,0.9265522141865812,15dayS1,P15,Ctrl,P15_Ctrl,1,TRUE,reclustered_cones
mysample1_TATCAGGAGACAGTCG-1,Gls2,0,15dayS1,P15,Ctrl,P15_Ctrl,0,FALSE,reclustered_cones
mysample1_TATCGCCTCGCCAACG-1,Gls,1.196787699825682,15dayS1,P15,Ctrl,P15_Ctrl,3,TRUE,reclustered_cones
mysample1_TATCGCCTCGCCAACG-1,Gls2,0,15dayS1,P15,Ctrl,P15_Ctrl,0,FALSE,reclustered_cones
mysample1_TATGTTCTCTCGCAGG-1,Gls,1.5610870984286365,15dayS1,P15,Ctrl,P15_Ctrl,8,TRUE,reclustered_cones
mysample1_TATGTTCTCTCGCAGG-1,Gls2,0,15dayS1,P15,Ctrl,P15_Ctrl,0,FALSE,reclustered_cones
mysample1_TATTGCTGTAACATAG-1,Gls,1.1405021389208632,15dayS1,P15,Ctrl,P15_Ctrl,2,TRUE,reclustered_cones
mysample1_TATTGCTGTAACATAG-1,Gls2,0,15dayS1,P15,Ctrl,P15_Ctrl,0,FALSE,reclustered_cones
mysample1_TCAGTCCTCACTACTT-1,Gls,0.6813592248079031,15dayS1,P15,Ctrl,P15_Ctrl,1,TRUE,reclustered_cones
mysample1_TCAGTCCTCACTACTT-1,Gls2,0,15dayS1,P15,Ctrl,P15_Ctrl,0,FALSE,reclustered_cones
mysample1_TCATACTAGAGTCACG-1,Gls,2.0346388247622924,15dayS1,P15,Ctrl,P15_Ctrl,8,TRUE,reclustered_cones
mysample1_TCATACTAGAGTCACG-1,Gls2,0,15dayS1,P15,Ctrl,P15_Ctrl,0,FALSE,reclustered_cones
mysample1_TCATTGTAGGCAGCTA-1,Gls,1.4151750166135588,15dayS1,P15,Ctrl,P15_Ctrl,1,TRUE,reclustered_cones
mysample1_TCATTGTAGGCAGCTA-1,Gls2,0,15dayS1,P15,Ctrl,P15_Ctrl,0,FALSE,reclustered_cones
mysample1_TCATTGTCACGGAAGT-1,Gls,0.4009499813801656,15dayS1,P15,Ctrl,P15_Ctrl,1,TRUE,reclustered_cones
mysample1_TCATTGTCACGGAAGT-1,Gls2,0,15dayS1,P15,Ctrl,P15_Ctrl,0,FALSE,reclustered_cones
mysample1_TCATTGTCATCCGCGA-1,Gls,0,15dayS1,P15,Ctrl,P15_Ctrl,0,FALSE,reclustered_cones
mysample1_TCATTGTCATCCGCGA-1,Gls2,0,15dayS1,P15,Ctrl,P15_Ctrl,0,FALSE,reclustered_cones
mysample1_TCATTGTTCTAGTTCT-1,Gls,0.6153304039452562,15dayS1,P15,Ctrl,P15_Ctrl,1,TRUE,reclustered_cones
mysample1_TCATTGTTCTAGTTCT-1,Gls2,0,15dayS1,P15,Ctrl,P15_Ctrl,0,FALSE,reclustered_cones
mysample1_TCCCAGTGTAACCCTA-1,Gls,1.314547080555738,15dayS1,P15,Ctrl,P15_Ctrl,3,TRUE,reclustered_cones
mysample1_TCCCAGTGTAACCCTA-1,Gls2,0,15dayS1,P15,Ctrl,P15_Ctrl,0,FALSE,reclustered_cones
mysample1_TCCTCCCAGTGCGTCC-1,Gls,0,15dayS1,P15,Ctrl,P15_Ctrl,0,FALSE,reclustered_cones
mysample1_TCCTCCCAGTGCGTCC-1,Gls2,0,15dayS1,P15,Ctrl,P15_Ctrl,0,FALSE,reclustered_cones
mysample1_TCCTCCCTCTTTGATC-1,Gls,0,15dayS1,P15,Ctrl,P15_Ctrl,0,FALSE,reclustered_cones
mysample1_TCCTCCCTCTTTGATC-1,Gls2,0,15dayS1,P15,Ctrl,P15_Ctrl,0,FALSE,reclustered_cones
mysample1_TCCTCTTAGAGTACCG-1,Gls,0.910672781428931,15dayS1,P15,Ctrl,P15_Ctrl,2,TRUE,reclustered_cones
mysample1_TCCTCTTAGAGTACCG-1,Gls2,0,15dayS1,P15,Ctrl,P15_Ctrl,0,FALSE,reclustered_cones
mysample1_TCGACGGCAGGAGGAG-1,Gls,0.9364024554714943,15dayS1,P15,Ctrl,P15_Ctrl,3,TRUE,reclustered_cones
mysample1_TCGACGGCAGGAGGAG-1,Gls2,0,15dayS1,P15,Ctrl,P15_Ctrl,0,FALSE,reclustered_cones
mysample1_TCGTGGGTCCGTGCGA-1,Gls,1.1035027653542206,15dayS1,P15,Ctrl,P15_Ctrl,2,TRUE,reclustered_cones
mysample1_TCGTGGGTCCGTGCGA-1,Gls2,0,15dayS1,P15,Ctrl,P15_Ctrl,0,FALSE,reclustered_cones
mysample1_TCTAACTAGGAGGGTG-1,Gls,1.5135093499906966,15dayS1,P15,Ctrl,P15_Ctrl,4,TRUE,reclustered_cones
mysample1_TCTAACTAGGAGGGTG-1,Gls2,0,15dayS1,P15,Ctrl,P15_Ctrl,0,FALSE,reclustered_cones
mysample1_TCTAACTAGTTTGAGA-1,Gls,1.3357088643317843,15dayS1,P15,Ctrl,P15_Ctrl,5,TRUE,reclustered_cones
mysample1_TCTAACTAGTTTGAGA-1,Gls2,0,15dayS1,P15,Ctrl,P15_Ctrl,0,FALSE,reclustered_cones
mysample1_TCTACCGTCATGTCAG-1,Gls,1.532221395996399,15dayS1,P15,Ctrl,P15_Ctrl,4,TRUE,reclustered_cones
mysample1_TCTACCGTCATGTCAG-1,Gls2,0,15dayS1,P15,Ctrl,P15_Ctrl,0,FALSE,reclustered_cones
mysample1_TCTCCGACAATTTCGG-1,Gls,0.7398066175962491,15dayS1,P15,Ctrl,P15_Ctrl,1,TRUE,reclustered_cones
mysample1_TCTCCGACAATTTCGG-1,Gls2,0,15dayS1,P15,Ctrl,P15_Ctrl,0,FALSE,reclustered_cones
mysample1_TCTCTGGAGGAAACGA-1,Gls,1.0920555395671654,15dayS1,P15,Ctrl,P15_Ctrl,2,TRUE,reclustered_cones
mysample1_TCTCTGGAGGAAACGA-1,Gls2,0,15dayS1,P15,Ctrl,P15_Ctrl,0,FALSE,reclustered_cones
mysample1_TCTTTGATCTCATTAC-1,Gls,1.7632244598201243,15dayS1,P15,Ctrl,P15_Ctrl,8,TRUE,reclustered_cones
mysample1_TCTTTGATCTCATTAC-1,Gls2,0,15dayS1,P15,Ctrl,P15_Ctrl,0,FALSE,reclustered_cones
mysample1_TGAATCGGTAAGTTGA-1,Gls,1.8809408810595942,15dayS1,P15,Ctrl,P15_Ctrl,3,TRUE,reclustered_cones
mysample1_TGAATCGGTAAGTTGA-1,Gls2,0,15dayS1,P15,Ctrl,P15_Ctrl,0,FALSE,reclustered_cones
mysample1_TGATGGTTCCGGCAGT-1,Gls,1.8491465341669433,15dayS1,P15,Ctrl,P15_Ctrl,8,TRUE,reclustered_cones
mysample1_TGATGGTTCCGGCAGT-1,Gls2,0,15dayS1,P15,Ctrl,P15_Ctrl,0,FALSE,reclustered_cones
mysample1_TGATTCTGTCACTGAT-1,Gls,0.5113328043865472,15dayS1,P15,Ctrl,P15_Ctrl,1,TRUE,reclustered_cones
mysample1_TGATTCTGTCACTGAT-1,Gls2,0,15dayS1,P15,Ctrl,P15_Ctrl,0,FALSE,reclustered_cones
mysample1_TGCAGTATCCGGTAAT-1,Gls,2.0404263097901643,15dayS1,P15,Ctrl,P15_Ctrl,10,TRUE,reclustered_cones
mysample1_TGCAGTATCCGGTAAT-1,Gls2,0,15dayS1,P15,Ctrl,P15_Ctrl,0,FALSE,reclustered_cones
mysample1_TGCTCCAAGATCCTAC-1,Gls,1.9250921638467473,15dayS1,P15,Ctrl,P15_Ctrl,7,TRUE,reclustered_cones
mysample1_TGCTCCAAGATCCTAC-1,Gls2,0,15dayS1,P15,Ctrl,P15_Ctrl,0,FALSE,reclustered_cones
mysample1_TGGAGGATCAGGAAGC-1,Gls,1.5049335278944498,15dayS1,P15,Ctrl,P15_Ctrl,3,TRUE,reclustered_cones
mysample1_TGGAGGATCAGGAAGC-1,Gls2,0,15dayS1,P15,Ctrl,P15_Ctrl,0,FALSE,reclustered_cones
mysample1_TGGATGTGTGATACCT-1,Gls,1.582595713910714,15dayS1,P15,Ctrl,P15_Ctrl,5,TRUE,reclustered_cones
mysample1_TGGATGTGTGATACCT-1,Gls2,0,15dayS1,P15,Ctrl,P15_Ctrl,0,FALSE,reclustered_cones
mysample1_TGGCGTGTCGGTCGGT-1,Gls,0.845663112125982,15dayS1,P15,Ctrl,P15_Ctrl,2,TRUE,reclustered_cones
mysample1_TGGCGTGTCGGTCGGT-1,Gls2,0,15dayS1,P15,Ctrl,P15_Ctrl,0,FALSE,reclustered_cones
mysample1_TGGGTTAGTCTTTCTA-1,Gls,1.4159359651031462,15dayS1,P15,Ctrl,P15_Ctrl,9,TRUE,reclustered_cones
mysample1_TGGGTTAGTCTTTCTA-1,Gls2,0,15dayS1,P15,Ctrl,P15_Ctrl,0,FALSE,reclustered_cones
mysample1_TGGTACAGTCATCACA-1,Gls,1.8880310217794063,15dayS1,P15,Ctrl,P15_Ctrl,13,TRUE,reclustered_cones
mysample1_TGGTACAGTCATCACA-1,Gls2,0,15dayS1,P15,Ctrl,P15_Ctrl,0,FALSE,reclustered_cones
mysample1_TGTTCATTCTTGCGCT-1,Gls,1.4767761841992864,15dayS1,P15,Ctrl,P15_Ctrl,8,TRUE,reclustered_cones
mysample1_TGTTCATTCTTGCGCT-1,Gls2,0,15dayS1,P15,Ctrl,P15_Ctrl,0,FALSE,reclustered_cones
mysample1_TTCCACGTCCGTGTGG-1,Gls,1.7511894031019581,15dayS1,P15,Ctrl,P15_Ctrl,5,TRUE,reclustered_cones
mysample1_TTCCACGTCCGTGTGG-1,Gls2,0,15dayS1,P15,Ctrl,P15_Ctrl,0,FALSE,reclustered_cones
mysample1_TTCCGGTTCTGCGAGC-1,Gls,1.5997487606696772,15dayS1,P15,Ctrl,P15_Ctrl,6,TRUE,reclustered_cones
mysample1_TTCCGGTTCTGCGAGC-1,Gls2,0,15dayS1,P15,Ctrl,P15_Ctrl,0,FALSE,reclustered_cones
mysample1_TTCCGTGGTGGATGAC-1,Gls,1.4791335796172533,15dayS1,P15,Ctrl,P15_Ctrl,5,TRUE,reclustered_cones
mysample1_TTCCGTGGTGGATGAC-1,Gls2,0,15dayS1,P15,Ctrl,P15_Ctrl,0,FALSE,reclustered_cones
mysample1_TTCGCTGCAATCCTTT-1,Gls,0.955954742924721,15dayS1,P15,Ctrl,P15_Ctrl,2,TRUE,reclustered_cones
mysample1_TTCGCTGCAATCCTTT-1,Gls2,0,15dayS1,P15,Ctrl,P15_Ctrl,0,FALSE,reclustered_cones
mysample1_TTCGGTCAGAGTCAGC-1,Gls,1.9933964811751017,15dayS1,P15,Ctrl,P15_Ctrl,11,TRUE,reclustered_cones
mysample1_TTCGGTCAGAGTCAGC-1,Gls2,0,15dayS1,P15,Ctrl,P15_Ctrl,0,FALSE,reclustered_cones
mysample1_TTCGGTCGTGATTCAC-1,Gls,0.5679649206195405,15dayS1,P15,Ctrl,P15_Ctrl,2,TRUE,reclustered_cones
mysample1_TTCGGTCGTGATTCAC-1,Gls2,0,15dayS1,P15,Ctrl,P15_Ctrl,0,FALSE,reclustered_cones
mysample1_TTCTAACAGTTCCAGT-1,Gls,1.9870153742987091,15dayS1,P15,Ctrl,P15_Ctrl,17,TRUE,reclustered_cones
mysample1_TTCTAACAGTTCCAGT-1,Gls2,0,15dayS1,P15,Ctrl,P15_Ctrl,0,FALSE,reclustered_cones
mysample1_TTCTAGTCACCAAAGG-1,Gls,2.228811451502126,15dayS1,P15,Ctrl,P15_Ctrl,9,TRUE,reclustered_cones
mysample1_TTCTAGTCACCAAAGG-1,Gls2,0,15dayS1,P15,Ctrl,P15_Ctrl,0,FALSE,reclustered_cones
mysample1_TTCTGTAAGAGGGTGG-1,Gls,1.7532385906878896,15dayS1,P15,Ctrl,P15_Ctrl,2,TRUE,reclustered_cones
mysample1_TTCTGTAAGAGGGTGG-1,Gls2,0,15dayS1,P15,Ctrl,P15_Ctrl,0,FALSE,reclustered_cones
mysample1_TTGCCTGCAAGTTCGT-1,Gls,0.7231405464785997,15dayS1,P15,Ctrl,P15_Ctrl,1,TRUE,reclustered_cones
mysample1_TTGCCTGCAAGTTCGT-1,Gls2,0,15dayS1,P15,Ctrl,P15_Ctrl,0,FALSE,reclustered_cones
mysample1_TTGCCTGCACGAGGAT-1,Gls,1.0929116236210985,15dayS1,P15,Ctrl,P15_Ctrl,3,TRUE,reclustered_cones
mysample1_TTGCCTGCACGAGGAT-1,Gls2,0,15dayS1,P15,Ctrl,P15_Ctrl,0,FALSE,reclustered_cones
mysample1_TTGCGTCCATACCAGT-1,Gls,1.3108412586037574,15dayS1,P15,Ctrl,P15_Ctrl,4,TRUE,reclustered_cones
mysample1_TTGCGTCCATACCAGT-1,Gls2,0,15dayS1,P15,Ctrl,P15_Ctrl,0,FALSE,reclustered_cones
mysample1_TTGGGCGCACACCAGC-1,Gls,1.7396703357651855,15dayS1,P15,Ctrl,P15_Ctrl,7,TRUE,reclustered_cones
mysample1_TTGGGCGCACACCAGC-1,Gls2,0,15dayS1,P15,Ctrl,P15_Ctrl,0,FALSE,reclustered_cones
mysample1_TTGTGGACAGTTAAAG-1,Gls,1.432790034317809,15dayS1,P15,Ctrl,P15_Ctrl,7,TRUE,reclustered_cones
mysample1_TTGTGGACAGTTAAAG-1,Gls2,0,15dayS1,P15,Ctrl,P15_Ctrl,0,FALSE,reclustered_cones
mysample1_TTGTGTTCAATTGGTC-1,Gls,1.7238681819962651,15dayS1,P15,Ctrl,P15_Ctrl,5,TRUE,reclustered_cones
mysample1_TTGTGTTCAATTGGTC-1,Gls2,0,15dayS1,P15,Ctrl,P15_Ctrl,0,FALSE,reclustered_cones
mysample1_TTGTTTGAGAGAGCGG-1,Gls,2.2844107036956856,15dayS1,P15,Ctrl,P15_Ctrl,10,TRUE,reclustered_cones
mysample1_TTGTTTGAGAGAGCGG-1,Gls2,0,15dayS1,P15,Ctrl,P15_Ctrl,0,FALSE,reclustered_cones
mysample1_TTTACCACATAATCCG-1,Gls,2.647399858790397,15dayS1,P15,Ctrl,P15_Ctrl,17,TRUE,reclustered_cones
mysample1_TTTACCACATAATCCG-1,Gls2,0,15dayS1,P15,Ctrl,P15_Ctrl,0,FALSE,reclustered_cones
mysample1_AAACGAAAGCATGTTC-2,Gls,0,15dayS2,P15,KO,P15_KO,0,FALSE,reclustered_cones
mysample1_AAACGAAAGCATGTTC-2,Gls2,0,15dayS2,P15,KO,P15_KO,0,FALSE,reclustered_cones
mysample1_AAAGTCCAGTCAAGCG-2,Gls,0,15dayS2,P15,KO,P15_KO,0,FALSE,reclustered_cones
mysample1_AAAGTCCAGTCAAGCG-2,Gls2,0,15dayS2,P15,KO,P15_KO,0,FALSE,reclustered_cones
mysample1_AAATGGATCCGGTAGC-2,Gls,0,15dayS2,P15,KO,P15_KO,0,FALSE,reclustered_cones
mysample1_AAATGGATCCGGTAGC-2,Gls2,0,15dayS2,P15,KO,P15_KO,0,FALSE,reclustered_cones
mysample1_AACAAAGTCTGCTTAT-2,Gls,0.5632505671365944,15dayS2,P15,KO,P15_KO,1,TRUE,reclustered_cones
mysample1_AACAAAGTCTGCTTAT-2,Gls2,0,15dayS2,P15,KO,P15_KO,0,FALSE,reclustered_cones
mysample1_AACAAGACATCTATCT-2,Gls,0,15dayS2,P15,KO,P15_KO,0,FALSE,reclustered_cones
mysample1_AACAAGACATCTATCT-2,Gls2,0,15dayS2,P15,KO,P15_KO,0,FALSE,reclustered_cones
mysample1_AACAGGGTCTTTCAGT-2,Gls,0,15dayS2,P15,KO,P15_KO,0,FALSE,reclustered_cones
mysample1_AACAGGGTCTTTCAGT-2,Gls2,0,15dayS2,P15,KO,P15_KO,0,FALSE,reclustered_cones
mysample1_AACCATGAGCCTGTGC-2,Gls,0,15dayS2,P15,KO,P15_KO,0,FALSE,reclustered_cones
mysample1_AACCATGAGCCTGTGC-2,Gls2,0,15dayS2,P15,KO,P15_KO,0,FALSE,reclustered_cones
mysample1_AACGTCAGTTAGGGAC-2,Gls,0,15dayS2,P15,KO,P15_KO,0,FALSE,reclustered_cones
mysample1_AACGTCAGTTAGGGAC-2,Gls2,0,15dayS2,P15,KO,P15_KO,0,FALSE,reclustered_cones
mysample1_AATTCCTAGTTGGAAT-2,Gls,0,15dayS2,P15,KO,P15_KO,0,FALSE,reclustered_cones
mysample1_AATTCCTAGTTGGAAT-2,Gls2,0,15dayS2,P15,KO,P15_KO,0,FALSE,reclustered_cones
mysample1_ACAACCACATCGGCCA-2,Gls,0.5428942060239985,15dayS2,P15,KO,P15_KO,1,TRUE,reclustered_cones
mysample1_ACAACCACATCGGCCA-2,Gls2,0,15dayS2,P15,KO,P15_KO,0,FALSE,reclustered_cones
mysample1_ACAACCAGTACCAATC-2,Gls,0,15dayS2,P15,KO,P15_KO,0,FALSE,reclustered_cones
mysample1_ACAACCAGTACCAATC-2,Gls2,0,15dayS2,P15,KO,P15_KO,0,FALSE,reclustered_cones
mysample1_ACAAGCTAGTAGTGCG-2,Gls,0.5020233034929953,15dayS2,P15,KO,P15_KO,1,TRUE,reclustered_cones
mysample1_ACAAGCTAGTAGTGCG-2,Gls2,0,15dayS2,P15,KO,P15_KO,0,FALSE,reclustered_cones
mysample1_ACACCAAAGGTGGCTA-2,Gls,0,15dayS2,P15,KO,P15_KO,0,FALSE,reclustered_cones
mysample1_ACACCAAAGGTGGCTA-2,Gls2,0,15dayS2,P15,KO,P15_KO,0,FALSE,reclustered_cones
mysample1_ACATCGAAGCAACTCT-2,Gls,0.40493248492646494,15dayS2,P15,KO,P15_KO,1,TRUE,reclustered_cones
mysample1_ACATCGAAGCAACTCT-2,Gls2,0,15dayS2,P15,KO,P15_KO,0,FALSE,reclustered_cones
mysample1_ACCCAAATCGACCCAG-2,Gls,1.2251607181243667,15dayS2,P15,KO,P15_KO,2,TRUE,reclustered_cones
mysample1_ACCCAAATCGACCCAG-2,Gls2,0,15dayS2,P15,KO,P15_KO,0,FALSE,reclustered_cones
mysample1_ACCCTCATCGATAACC-2,Gls,0,15dayS2,P15,KO,P15_KO,0,FALSE,reclustered_cones
mysample1_ACCCTCATCGATAACC-2,Gls2,0,15dayS2,P15,KO,P15_KO,0,FALSE,reclustered_cones
mysample1_ACGGTCGAGAACCGCA-2,Gls,0.7823761435625076,15dayS2,P15,KO,P15_KO,2,TRUE,reclustered_cones
mysample1_ACGGTCGAGAACCGCA-2,Gls2,0,15dayS2,P15,KO,P15_KO,0,FALSE,reclustered_cones
mysample1_ACGTACATCCGTATGA-2,Gls,1.0952900264761318,15dayS2,P15,KO,P15_KO,2,TRUE,reclustered_cones
mysample1_ACGTACATCCGTATGA-2,Gls2,0,15dayS2,P15,KO,P15_KO,0,FALSE,reclustered_cones
mysample1_ACTACGAGTCCCTAAA-2,Gls,0,15dayS2,P15,KO,P15_KO,0,FALSE,reclustered_cones
mysample1_ACTACGAGTCCCTAAA-2,Gls2,0,15dayS2,P15,KO,P15_KO,0,FALSE,reclustered_cones
mysample1_ACTCCCAGTGGGACAT-2,Gls,0.714404817267933,15dayS2,P15,KO,P15_KO,1,TRUE,reclustered_cones
mysample1_ACTCCCAGTGGGACAT-2,Gls2,0,15dayS2,P15,KO,P15_KO,0,FALSE,reclustered_cones
mysample1_AGAGAGCGTTGTACGT-2,Gls,0,15dayS2,P15,KO,P15_KO,0,FALSE,reclustered_cones
mysample1_AGAGAGCGTTGTACGT-2,Gls2,0,15dayS2,P15,KO,P15_KO,0,FALSE,reclustered_cones
mysample1_AGCATCATCACGGTCG-2,Gls,0,15dayS2,P15,KO,P15_KO,0,FALSE,reclustered_cones
mysample1_AGCATCATCACGGTCG-2,Gls2,0,15dayS2,P15,KO,P15_KO,0,FALSE,reclustered_cones
mysample1_AGCCACGGTTTCCAAG-2,Gls,0,15dayS2,P15,KO,P15_KO,0,FALSE,reclustered_cones
mysample1_AGCCACGGTTTCCAAG-2,Gls2,0,15dayS2,P15,KO,P15_KO,0,FALSE,reclustered_cones
mysample1_AGCCAGCAGCGCCGTT-2,Gls,1.4800108781925312,15dayS2,P15,KO,P15_KO,4,TRUE,reclustered_cones
mysample1_AGCCAGCAGCGCCGTT-2,Gls2,0,15dayS2,P15,KO,P15_KO,0,FALSE,reclustered_cones
mysample1_AGCGTATGTGCCCTTT-2,Gls,0,15dayS2,P15,KO,P15_KO,0,FALSE,reclustered_cones
mysample1_AGCGTATGTGCCCTTT-2,Gls2,0,15dayS2,P15,KO,P15_KO,0,FALSE,reclustered_cones
mysample1_AGCGTCGTCGTTCTGC-2,Gls,0,15dayS2,P15,KO,P15_KO,0,FALSE,reclustered_cones
mysample1_AGCGTCGTCGTTCTGC-2,Gls2,0,15dayS2,P15,KO,P15_KO,0,FALSE,reclustered_cones
mysample1_AGCTCAAAGATGTAGT-2,Gls,0,15dayS2,P15,KO,P15_KO,0,FALSE,reclustered_cones
mysample1_AGCTCAAAGATGTAGT-2,Gls2,0,15dayS2,P15,KO,P15_KO,0,FALSE,reclustered_cones
mysample1_AGCTCAAGTTATGGTC-2,Gls,0.5353904220668961,15dayS2,P15,KO,P15_KO,2,TRUE,reclustered_cones
mysample1_AGCTCAAGTTATGGTC-2,Gls2,0,15dayS2,P15,KO,P15_KO,0,FALSE,reclustered_cones
mysample1_AGTGACTGTGAGACCA-2,Gls,1.4328941438349518,15dayS2,P15,KO,P15_KO,3,TRUE,reclustered_cones
mysample1_AGTGACTGTGAGACCA-2,Gls2,0,15dayS2,P15,KO,P15_KO,0,FALSE,reclustered_cones
mysample1_AGTTAGCTCTAGTTCT-2,Gls,0,15dayS2,P15,KO,P15_KO,0,FALSE,reclustered_cones
mysample1_AGTTAGCTCTAGTTCT-2,Gls2,0,15dayS2,P15,KO,P15_KO,0,FALSE,reclustered_cones
mysample1_ATAGACCAGTATGCAA-2,Gls,0.48077173016170466,15dayS2,P15,KO,P15_KO,1,TRUE,reclustered_cones
mysample1_ATAGACCAGTATGCAA-2,Gls2,0,15dayS2,P15,KO,P15_KO,0,FALSE,reclustered_cones
mysample1_ATCACAGAGTCTGCGC-2,Gls,0,15dayS2,P15,KO,P15_KO,0,FALSE,reclustered_cones
mysample1_ATCACAGAGTCTGCGC-2,Gls2,0,15dayS2,P15,KO,P15_KO,0,FALSE,reclustered_cones
mysample1_ATCAGGTAGATGACCG-2,Gls,0,15dayS2,P15,KO,P15_KO,0,FALSE,reclustered_cones
mysample1_ATCAGGTAGATGACCG-2,Gls2,0,15dayS2,P15,KO,P15_KO,0,FALSE,reclustered_cones
mysample1_ATCCCTGTCCATGATG-2,Gls,0.435594184864295,15dayS2,P15,KO,P15_KO,1,TRUE,reclustered_cones
mysample1_ATCCCTGTCCATGATG-2,Gls2,0,15dayS2,P15,KO,P15_KO,0,FALSE,reclustered_cones
mysample1_ATCCGTCTCGAACGCC-2,Gls,0.38839249558885836,15dayS2,P15,KO,P15_KO,1,TRUE,reclustered_cones
mysample1_ATCCGTCTCGAACGCC-2,Gls2,0,15dayS2,P15,KO,P15_KO,0,FALSE,reclustered_cones
mysample1_ATCGGATGTCTGTAAC-2,Gls,0,15dayS2,P15,KO,P15_KO,0,FALSE,reclustered_cones
mysample1_ATCGGATGTCTGTAAC-2,Gls2,0,15dayS2,P15,KO,P15_KO,0,FALSE,reclustered_cones
mysample1_ATCGGCGCATTGAGCT-2,Gls,0,15dayS2,P15,KO,P15_KO,0,FALSE,reclustered_cones
mysample1_ATCGGCGCATTGAGCT-2,Gls2,0,15dayS2,P15,KO,P15_KO,0,FALSE,reclustered_cones
mysample1_ATCGTGAGTTGTTGAC-2,Gls,0.9800313428002014,15dayS2,P15,KO,P15_KO,3,TRUE,reclustered_cones
mysample1_ATCGTGAGTTGTTGAC-2,Gls2,0,15dayS2,P15,KO,P15_KO,0,FALSE,reclustered_cones
mysample1_ATGCCTCCAACAGAGC-2,Gls,0,15dayS2,P15,KO,P15_KO,0,FALSE,reclustered_cones
mysample1_ATGCCTCCAACAGAGC-2,Gls2,0,15dayS2,P15,KO,P15_KO,0,FALSE,reclustered_cones
mysample1_ATGGGTTAGCCATTCA-2,Gls,0,15dayS2,P15,KO,P15_KO,0,FALSE,reclustered_cones
mysample1_ATGGGTTAGCCATTCA-2,Gls2,0,15dayS2,P15,KO,P15_KO,0,FALSE,reclustered_cones
mysample1_ATGTCCCTCCGTAGTA-2,Gls,0,15dayS2,P15,KO,P15_KO,0,FALSE,reclustered_cones
mysample1_ATGTCCCTCCGTAGTA-2,Gls2,0,15dayS2,P15,KO,P15_KO,0,FALSE,reclustered_cones
mysample1_ATTCCATCAGGATGAC-2,Gls,1.0190981904566982,15dayS2,P15,KO,P15_KO,4,TRUE,reclustered_cones
mysample1_ATTCCATCAGGATGAC-2,Gls2,0,15dayS2,P15,KO,P15_KO,0,FALSE,reclustered_cones
mysample1_ATTCCATTCCCTTCCC-2,Gls,0.7739295188411921,15dayS2,P15,KO,P15_KO,3,TRUE,reclustered_cones
mysample1_ATTCCATTCCCTTCCC-2,Gls2,0,15dayS2,P15,KO,P15_KO,0,FALSE,reclustered_cones
mysample1_CAACAACTCGGAACTT-2,Gls,0,15dayS2,P15,KO,P15_KO,0,FALSE,reclustered_cones
mysample1_CAACAACTCGGAACTT-2,Gls2,0,15dayS2,P15,KO,P15_KO,0,FALSE,reclustered_cones
mysample1_CAACCAAAGTAGCATA-2,Gls,1.15937632859647,15dayS2,P15,KO,P15_KO,4,TRUE,reclustered_cones
mysample1_CAACCAAAGTAGCATA-2,Gls2,0,15dayS2,P15,KO,P15_KO,0,FALSE,reclustered_cones
mysample1_CAAGACTTCGTGTTCC-2,Gls,0,15dayS2,P15,KO,P15_KO,0,FALSE,reclustered_cones
mysample1_CAAGACTTCGTGTTCC-2,Gls2,0,15dayS2,P15,KO,P15_KO,0,FALSE,reclustered_cones
mysample1_CAAGCTACATATACCG-2,Gls,0.5280388922021501,15dayS2,P15,KO,P15_KO,1,TRUE,reclustered_cones
mysample1_CAAGCTACATATACCG-2,Gls2,0,15dayS2,P15,KO,P15_KO,0,FALSE,reclustered_cones
mysample1_CAATCGATCTTCGGTC-2,Gls,0.6754777583662975,15dayS2,P15,KO,P15_KO,1,TRUE,reclustered_cones
mysample1_CAATCGATCTTCGGTC-2,Gls2,0,15dayS2,P15,KO,P15_KO,0,FALSE,reclustered_cones
mysample1_CACGGGTGTTCCAGGC-2,Gls,0,15dayS2,P15,KO,P15_KO,0,FALSE,reclustered_cones
mysample1_CACGGGTGTTCCAGGC-2,Gls2,0,15dayS2,P15,KO,P15_KO,0,FALSE,reclustered_cones
mysample1_CACGTGGGTCCACTCT-2,Gls,0,15dayS2,P15,KO,P15_KO,0,FALSE,reclustered_cones
mysample1_CACGTGGGTCCACTCT-2,Gls2,0,15dayS2,P15,KO,P15_KO,0,FALSE,reclustered_cones
mysample1_CACTGAAGTACTGCCG-2,Gls,0,15dayS2,P15,KO,P15_KO,0,FALSE,reclustered_cones
mysample1_CACTGAAGTACTGCCG-2,Gls2,0,15dayS2,P15,KO,P15_KO,0,FALSE,reclustered_cones
mysample1_CACTGTCGTGTGTCCG-2,Gls,0,15dayS2,P15,KO,P15_KO,0,FALSE,reclustered_cones
mysample1_CACTGTCGTGTGTCCG-2,Gls2,0,15dayS2,P15,KO,P15_KO,0,FALSE,reclustered_cones
mysample1_CATAAGCCATGAAGGC-2,Gls,0,15dayS2,P15,KO,P15_KO,0,FALSE,reclustered_cones
mysample1_CATAAGCCATGAAGGC-2,Gls2,0,15dayS2,P15,KO,P15_KO,0,FALSE,reclustered_cones
mysample1_CATTTCACATGCAGGA-2,Gls,0.6990998793663952,15dayS2,P15,KO,P15_KO,1,TRUE,reclustered_cones
mysample1_CATTTCACATGCAGGA-2,Gls2,0,15dayS2,P15,KO,P15_KO,0,FALSE,reclustered_cones
mysample1_CCAAGCGTCAGGGATG-2,Gls,0,15dayS2,P15,KO,P15_KO,0,FALSE,reclustered_cones
mysample1_CCAAGCGTCAGGGATG-2,Gls2,0,15dayS2,P15,KO,P15_KO,0,FALSE,reclustered_cones
mysample1_CCACGTTGTTCTTGCC-2,Gls,0,15dayS2,P15,KO,P15_KO,0,FALSE,reclustered_cones
mysample1_CCACGTTGTTCTTGCC-2,Gls2,0,15dayS2,P15,KO,P15_KO,0,FALSE,reclustered_cones
mysample1_CCACTTGCAGGTTTAC-2,Gls,0.510665674949271,15dayS2,P15,KO,P15_KO,1,TRUE,reclustered_cones
mysample1_CCACTTGCAGGTTTAC-2,Gls2,0,15dayS2,P15,KO,P15_KO,0,FALSE,reclustered_cones
mysample1_CCCAACTGTCAAGCCC-2,Gls,0,15dayS2,P15,KO,P15_KO,0,FALSE,reclustered_cones
mysample1_CCCAACTGTCAAGCCC-2,Gls2,0,15dayS2,P15,KO,P15_KO,0,FALSE,reclustered_cones
mysample1_CCCGAAGAGACATATG-2,Gls,0.9242082378289245,15dayS2,P15,KO,P15_KO,2,TRUE,reclustered_cones
mysample1_CCCGAAGAGACATATG-2,Gls2,0,15dayS2,P15,KO,P15_KO,0,FALSE,reclustered_cones
mysample1_CCCTCAACAAGATTGA-2,Gls,0.4322282080025456,15dayS2,P15,KO,P15_KO,1,TRUE,reclustered_cones
mysample1_CCCTCAACAAGATTGA-2,Gls2,0,15dayS2,P15,KO,P15_KO,0,FALSE,reclustered_cones
mysample1_CCCTGATTCTTACACT-2,Gls,0,15dayS2,P15,KO,P15_KO,0,FALSE,reclustered_cones
mysample1_CCCTGATTCTTACACT-2,Gls2,0,15dayS2,P15,KO,P15_KO,0,FALSE,reclustered_cones
mysample1_CCGGACAAGTCTAACC-2,Gls,0,15dayS2,P15,KO,P15_KO,0,FALSE,reclustered_cones
mysample1_CCGGACAAGTCTAACC-2,Gls2,0,15dayS2,P15,KO,P15_KO,0,FALSE,reclustered_cones
mysample1_CCTAACCAGAATTGTG-2,Gls,0,15dayS2,P15,KO,P15_KO,0,FALSE,reclustered_cones
mysample1_CCTAACCAGAATTGTG-2,Gls2,0,15dayS2,P15,KO,P15_KO,0,FALSE,reclustered_cones
mysample1_CCTAAGACATACATCG-2,Gls,0,15dayS2,P15,KO,P15_KO,0,FALSE,reclustered_cones
mysample1_CCTAAGACATACATCG-2,Gls2,0,15dayS2,P15,KO,P15_KO,0,FALSE,reclustered_cones
mysample1_CCTTCAGCATCACCAA-2,Gls,0,15dayS2,P15,KO,P15_KO,0,FALSE,reclustered_cones
mysample1_CCTTCAGCATCACCAA-2,Gls2,0,15dayS2,P15,KO,P15_KO,0,FALSE,reclustered_cones
mysample1_CCTTCAGTCCACGTAA-2,Gls,0,15dayS2,P15,KO,P15_KO,0,FALSE,reclustered_cones
mysample1_CCTTCAGTCCACGTAA-2,Gls2,0,15dayS2,P15,KO,P15_KO,0,FALSE,reclustered_cones
mysample1_CCTTGTGCATTGGGAG-2,Gls,0,15dayS2,P15,KO,P15_KO,0,FALSE,reclustered_cones
mysample1_CCTTGTGCATTGGGAG-2,Gls2,0,15dayS2,P15,KO,P15_KO,0,FALSE,reclustered_cones
mysample1_CGAAGTTGTCGTACTA-2,Gls,0,15dayS2,P15,KO,P15_KO,0,FALSE,reclustered_cones
mysample1_CGAAGTTGTCGTACTA-2,Gls2,0,15dayS2,P15,KO,P15_KO,0,FALSE,reclustered_cones
mysample1_CGCAGGTCAGAGGCTA-2,Gls,0.4775423205678099,15dayS2,P15,KO,P15_KO,1,TRUE,reclustered_cones
mysample1_CGCAGGTCAGAGGCTA-2,Gls2,0,15dayS2,P15,KO,P15_KO,0,FALSE,reclustered_cones
mysample1_CGGGTCACATCGTCCT-2,Gls,0.5812837200646821,15dayS2,P15,KO,P15_KO,2,TRUE,reclustered_cones
mysample1_CGGGTCACATCGTCCT-2,Gls2,0,15dayS2,P15,KO,P15_KO,0,FALSE,reclustered_cones
mysample1_CTACCTGAGCTATCCA-2,Gls,0,15dayS2,P15,KO,P15_KO,0,FALSE,reclustered_cones
mysample1_CTACCTGAGCTATCCA-2,Gls2,0,15dayS2,P15,KO,P15_KO,0,FALSE,reclustered_cones
mysample1_CTACGGGTCGAATCCA-2,Gls,0,15dayS2,P15,KO,P15_KO,0,FALSE,reclustered_cones
mysample1_CTACGGGTCGAATCCA-2,Gls2,0,15dayS2,P15,KO,P15_KO,0,FALSE,reclustered_cones
mysample1_CTATCCGAGATGCTAA-2,Gls,0.5709799816143267,15dayS2,P15,KO,P15_KO,1,TRUE,reclustered_cones
mysample1_CTATCCGAGATGCTAA-2,Gls2,0,15dayS2,P15,KO,P15_KO,0,FALSE,reclustered_cones
mysample1_CTATCCGTCCGCAAAT-2,Gls,1.3410448644382804,15dayS2,P15,KO,P15_KO,7,TRUE,reclustered_cones
mysample1_CTATCCGTCCGCAAAT-2,Gls2,0,15dayS2,P15,KO,P15_KO,0,FALSE,reclustered_cones
mysample1_CTCACTGAGCTAGCCC-2,Gls,0,15dayS2,P15,KO,P15_KO,0,FALSE,reclustered_cones
mysample1_CTCACTGAGCTAGCCC-2,Gls2,0,15dayS2,P15,KO,P15_KO,0,FALSE,reclustered_cones
mysample1_CTCATCGAGAGGTCGT-2,Gls,0.6052658798039819,15dayS2,P15,KO,P15_KO,1,TRUE,reclustered_cones
mysample1_CTCATCGAGAGGTCGT-2,Gls2,0,15dayS2,P15,KO,P15_KO,0,FALSE,reclustered_cones
mysample1_CTCCCTCGTGGGAGAG-2,Gls,0,15dayS2,P15,KO,P15_KO,0,FALSE,reclustered_cones
mysample1_CTCCCTCGTGGGAGAG-2,Gls2,0,15dayS2,P15,KO,P15_KO,0,FALSE,reclustered_cones
mysample1_CTCGAGGTCAACACGT-2,Gls,0,15dayS2,P15,KO,P15_KO,0,FALSE,reclustered_cones
mysample1_CTCGAGGTCAACACGT-2,Gls2,0,15dayS2,P15,KO,P15_KO,0,FALSE,reclustered_cones
mysample1_GAAATGAGTCTGCAAT-2,Gls,1.1902204712109323,15dayS2,P15,KO,P15_KO,5,TRUE,reclustered_cones
mysample1_GAAATGAGTCTGCAAT-2,Gls2,0,15dayS2,P15,KO,P15_KO,0,FALSE,reclustered_cones
mysample1_GAAGAATGTACATTGC-2,Gls,0.4889703141259414,15dayS2,P15,KO,P15_KO,1,TRUE,reclustered_cones
mysample1_GAAGAATGTACATTGC-2,Gls2,0,15dayS2,P15,KO,P15_KO,0,FALSE,reclustered_cones
mysample1_GAAGGGTCACCGTACG-2,Gls,0,15dayS2,P15,KO,P15_KO,0,FALSE,reclustered_cones
mysample1_GAAGGGTCACCGTACG-2,Gls2,0,15dayS2,P15,KO,P15_KO,0,FALSE,reclustered_cones
mysample1_GAAGTAAAGAGTGAAG-2,Gls,0,15dayS2,P15,KO,P15_KO,0,FALSE,reclustered_cones
mysample1_GAAGTAAAGAGTGAAG-2,Gls2,0,15dayS2,P15,KO,P15_KO,0,FALSE,reclustered_cones
mysample1_GAATCGTGTCAGGCAA-2,Gls,0,15dayS2,P15,KO,P15_KO,0,FALSE,reclustered_cones
mysample1_GAATCGTGTCAGGCAA-2,Gls2,0,15dayS2,P15,KO,P15_KO,0,FALSE,reclustered_cones
mysample1_GACTTCCCACACGGTC-2,Gls,0,15dayS2,P15,KO,P15_KO,0,FALSE,reclustered_cones
mysample1_GACTTCCCACACGGTC-2,Gls2,0,15dayS2,P15,KO,P15_KO,0,FALSE,reclustered_cones
mysample1_GACTTCCCATTGACAC-2,Gls,0.5465130861165988,15dayS2,P15,KO,P15_KO,1,TRUE,reclustered_cones
mysample1_GACTTCCCATTGACAC-2,Gls2,0,15dayS2,P15,KO,P15_KO,0,FALSE,reclustered_cones
mysample1_GACTTCCTCGAGATAA-2,Gls,0,15dayS2,P15,KO,P15_KO,0,FALSE,reclustered_cones
mysample1_GACTTCCTCGAGATAA-2,Gls2,0,15dayS2,P15,KO,P15_KO,0,FALSE,reclustered_cones
mysample1_GAGAAATTCAGATGCT-2,Gls,0,15dayS2,P15,KO,P15_KO,0,FALSE,reclustered_cones
mysample1_GAGAAATTCAGATGCT-2,Gls2,0,15dayS2,P15,KO,P15_KO,0,FALSE,reclustered_cones
mysample1_GAGGCCTAGGCACGAT-2,Gls,0,15dayS2,P15,KO,P15_KO,0,FALSE,reclustered_cones
mysample1_GAGGCCTAGGCACGAT-2,Gls2,0,15dayS2,P15,KO,P15_KO,0,FALSE,reclustered_cones
mysample1_GAGGGTAGTCGCGGTT-2,Gls,0,15dayS2,P15,KO,P15_KO,0,FALSE,reclustered_cones
mysample1_GAGGGTAGTCGCGGTT-2,Gls2,0,15dayS2,P15,KO,P15_KO,0,FALSE,reclustered_cones
mysample1_GAGTTGTAGTGGAAAG-2,Gls,0,15dayS2,P15,KO,P15_KO,0,FALSE,reclustered_cones
mysample1_GAGTTGTAGTGGAAAG-2,Gls2,0,15dayS2,P15,KO,P15_KO,0,FALSE,reclustered_cones
mysample1_GATCAGTGTGCTTCAA-2,Gls,1.0298766298545872,15dayS2,P15,KO,P15_KO,3,TRUE,reclustered_cones
mysample1_GATCAGTGTGCTTCAA-2,Gls2,0,15dayS2,P15,KO,P15_KO,0,FALSE,reclustered_cones
mysample1_GATCATGTCTACGGTA-2,Gls,0.6046999229400062,15dayS2,P15,KO,P15_KO,1,TRUE,reclustered_cones
mysample1_GATCATGTCTACGGTA-2,Gls2,0,15dayS2,P15,KO,P15_KO,0,FALSE,reclustered_cones
mysample1_GATGGAGTCAGGAGAC-2,Gls,0,15dayS2,P15,KO,P15_KO,0,FALSE,reclustered_cones
mysample1_GATGGAGTCAGGAGAC-2,Gls2,0,15dayS2,P15,KO,P15_KO,0,FALSE,reclustered_cones
mysample1_GATTCGAAGTAGTCAA-2,Gls,0,15dayS2,P15,KO,P15_KO,0,FALSE,reclustered_cones
mysample1_GATTCGAAGTAGTCAA-2,Gls2,0,15dayS2,P15,KO,P15_KO,0,FALSE,reclustered_cones
mysample1_GCAACCGCAGTTAGAA-2,Gls,0.7515090818595571,15dayS2,P15,KO,P15_KO,1,TRUE,reclustered_cones
mysample1_GCAACCGCAGTTAGAA-2,Gls2,0,15dayS2,P15,KO,P15_KO,0,FALSE,reclustered_cones
mysample1_GCACGGTTCCTACGGG-2,Gls,0,15dayS2,P15,KO,P15_KO,0,FALSE,reclustered_cones
mysample1_GCACGGTTCCTACGGG-2,Gls2,0,15dayS2,P15,KO,P15_KO,0,FALSE,reclustered_cones
mysample1_GCATCTCAGACGAGCT-2,Gls,0,15dayS2,P15,KO,P15_KO,0,FALSE,reclustered_cones
mysample1_GCATCTCAGACGAGCT-2,Gls2,0,15dayS2,P15,KO,P15_KO,0,FALSE,reclustered_cones
mysample1_GCATCTCTCTTGGCTC-2,Gls,1.1415530069978332,15dayS2,P15,KO,P15_KO,4,TRUE,reclustered_cones
mysample1_GCATCTCTCTTGGCTC-2,Gls2,0,15dayS2,P15,KO,P15_KO,0,FALSE,reclustered_cones
mysample1_GCGAGAAAGCCAGTAG-2,Gls,0,15dayS2,P15,KO,P15_KO,0,FALSE,reclustered_cones
mysample1_GCGAGAAAGCCAGTAG-2,Gls2,0,15dayS2,P15,KO,P15_KO,0,FALSE,reclustered_cones
mysample1_GCGATCGCACAACGCC-2,Gls,0,15dayS2,P15,KO,P15_KO,0,FALSE,reclustered_cones
mysample1_GCGATCGCACAACGCC-2,Gls2,0,15dayS2,P15,KO,P15_KO,0,FALSE,reclustered_cones
mysample1_GCTGAATGTACTGTTG-2,Gls,0.8687342376415333,15dayS2,P15,KO,P15_KO,2,TRUE,reclustered_cones
mysample1_GCTGAATGTACTGTTG-2,Gls2,0,15dayS2,P15,KO,P15_KO,0,FALSE,reclustered_cones
mysample1_GCTTCACTCTGGCCGA-2,Gls,0,15dayS2,P15,KO,P15_KO,0,FALSE,reclustered_cones
mysample1_GCTTCACTCTGGCCGA-2,Gls2,0,15dayS2,P15,KO,P15_KO,0,FALSE,reclustered_cones
mysample1_GGAAGTGAGTTCTACG-2,Gls,0,15dayS2,P15,KO,P15_KO,0,FALSE,reclustered_cones
mysample1_GGAAGTGAGTTCTACG-2,Gls2,0,15dayS2,P15,KO,P15_KO,0,FALSE,reclustered_cones
mysample1_GGAAGTGTCCGGACGT-2,Gls,0,15dayS2,P15,KO,P15_KO,0,FALSE,reclustered_cones
mysample1_GGAAGTGTCCGGACGT-2,Gls2,0,15dayS2,P15,KO,P15_KO,0,FALSE,reclustered_cones
mysample1_GGAGGATAGTGCCAGA-2,Gls,0,15dayS2,P15,KO,P15_KO,0,FALSE,reclustered_cones
mysample1_GGAGGATAGTGCCAGA-2,Gls2,0,15dayS2,P15,KO,P15_KO,0,FALSE,reclustered_cones
mysample1_GGAGGATCATCCAACA-2,Gls,0,15dayS2,P15,KO,P15_KO,0,FALSE,reclustered_cones
mysample1_GGAGGATCATCCAACA-2,Gls2,0,15dayS2,P15,KO,P15_KO,0,FALSE,reclustered_cones
mysample1_GGGACCTAGGCTGGAT-2,Gls,0.7369260673433715,15dayS2,P15,KO,P15_KO,2,TRUE,reclustered_cones
mysample1_GGGACCTAGGCTGGAT-2,Gls2,0,15dayS2,P15,KO,P15_KO,0,FALSE,reclustered_cones
mysample1_GGGCTACTCACCCATC-2,Gls,0,15dayS2,P15,KO,P15_KO,0,FALSE,reclustered_cones
mysample1_GGGCTACTCACCCATC-2,Gls2,0,15dayS2,P15,KO,P15_KO,0,FALSE,reclustered_cones
mysample1_GGGTAGAGTGATAGTA-2,Gls,0.5550682971517816,15dayS2,P15,KO,P15_KO,1,TRUE,reclustered_cones
mysample1_GGGTAGAGTGATAGTA-2,Gls2,0,15dayS2,P15,KO,P15_KO,0,FALSE,reclustered_cones
mysample1_GGTAGAGTCGTCTCAC-2,Gls,0.4582221063919024,15dayS2,P15,KO,P15_KO,1,TRUE,reclustered_cones
mysample1_GGTAGAGTCGTCTCAC-2,Gls2,0,15dayS2,P15,KO,P15_KO,0,FALSE,reclustered_cones
mysample1_GGTCTGGCACAAATGA-2,Gls,0,15dayS2,P15,KO,P15_KO,0,FALSE,reclustered_cones
mysample1_GGTCTGGCACAAATGA-2,Gls2,0,15dayS2,P15,KO,P15_KO,0,FALSE,reclustered_cones
mysample1_GGTGTTACATCCTGTC-2,Gls,0.4702212317917936,15dayS2,P15,KO,P15_KO,1,TRUE,reclustered_cones
mysample1_GGTGTTACATCCTGTC-2,Gls2,0,15dayS2,P15,KO,P15_KO,0,FALSE,reclustered_cones
mysample1_GGTTGTAGTCCTCAGG-2,Gls,0,15dayS2,P15,KO,P15_KO,0,FALSE,reclustered_cones
mysample1_GGTTGTAGTCCTCAGG-2,Gls2,0,15dayS2,P15,KO,P15_KO,0,FALSE,reclustered_cones
mysample1_GTAACACTCGCGTGCA-2,Gls,0.5654416569043774,15dayS2,P15,KO,P15_KO,1,TRUE,reclustered_cones
mysample1_GTAACACTCGCGTGCA-2,Gls2,0,15dayS2,P15,KO,P15_KO,0,FALSE,reclustered_cones
mysample1_GTAGTACTCGCAGAGA-2,Gls,1.118258083996632,15dayS2,P15,KO,P15_KO,6,TRUE,reclustered_cones
mysample1_GTAGTACTCGCAGAGA-2,Gls2,0,15dayS2,P15,KO,P15_KO,0,FALSE,reclustered_cones
mysample1_GTCCCATTCATTTGCT-2,Gls,0.32987402970368607,15dayS2,P15,KO,P15_KO,1,TRUE,reclustered_cones
mysample1_GTCCCATTCATTTGCT-2,Gls2,0,15dayS2,P15,KO,P15_KO,0,FALSE,reclustered_cones
mysample1_GTCGTTCGTTCCAAAC-2,Gls,0.5128336565692363,15dayS2,P15,KO,P15_KO,1,TRUE,reclustered_cones
mysample1_GTCGTTCGTTCCAAAC-2,Gls2,0,15dayS2,P15,KO,P15_KO,0,FALSE,reclustered_cones
mysample1_GTCTACCGTAAGATCA-2,Gls,0,15dayS2,P15,KO,P15_KO,0,FALSE,reclustered_cones
mysample1_GTCTACCGTAAGATCA-2,Gls2,0,15dayS2,P15,KO,P15_KO,0,FALSE,reclustered_cones
mysample1_GTGCTTCTCCTGCCAT-2,Gls,0,15dayS2,P15,KO,P15_KO,0,FALSE,reclustered_cones
mysample1_GTGCTTCTCCTGCCAT-2,Gls2,0,15dayS2,P15,KO,P15_KO,0,FALSE,reclustered_cones
mysample1_GTTGTGATCTTTGGAG-2,Gls,0.4284108676570909,15dayS2,P15,KO,P15_KO,1,TRUE,reclustered_cones
mysample1_GTTGTGATCTTTGGAG-2,Gls2,0,15dayS2,P15,KO,P15_KO,0,FALSE,reclustered_cones
mysample1_TACAGGTTCCACGAAT-2,Gls,0,15dayS2,P15,KO,P15_KO,0,FALSE,reclustered_cones
mysample1_TACAGGTTCCACGAAT-2,Gls2,0,15dayS2,P15,KO,P15_KO,0,FALSE,reclustered_cones
mysample1_TACCTGCCAGTCGCAC-2,Gls,0,15dayS2,P15,KO,P15_KO,0,FALSE,reclustered_cones
mysample1_TACCTGCCAGTCGCAC-2,Gls2,0,15dayS2,P15,KO,P15_KO,0,FALSE,reclustered_cones
mysample1_TACTGCCGTACCTAAC-2,Gls,0,15dayS2,P15,KO,P15_KO,0,FALSE,reclustered_cones
mysample1_TACTGCCGTACCTAAC-2,Gls2,0,15dayS2,P15,KO,P15_KO,0,FALSE,reclustered_cones
mysample1_TAGAGTCCACCCTTAC-2,Gls,0,15dayS2,P15,KO,P15_KO,0,FALSE,reclustered_cones
mysample1_TAGAGTCCACCCTTAC-2,Gls2,0,15dayS2,P15,KO,P15_KO,0,FALSE,reclustered_cones
mysample1_TAGCACATCTGTGCGG-2,Gls,0,15dayS2,P15,KO,P15_KO,0,FALSE,reclustered_cones
mysample1_TAGCACATCTGTGCGG-2,Gls2,0,15dayS2,P15,KO,P15_KO,0,FALSE,reclustered_cones
mysample1_TATACCTCACCTGCTT-2,Gls,0.6706564085376467,15dayS2,P15,KO,P15_KO,2,TRUE,reclustered_cones
mysample1_TATACCTCACCTGCTT-2,Gls2,0,15dayS2,P15,KO,P15_KO,0,FALSE,reclustered_cones
mysample1_TATCGCCTCGATTGGT-2,Gls,0,15dayS2,P15,KO,P15_KO,0,FALSE,reclustered_cones
mysample1_TATCGCCTCGATTGGT-2,Gls2,0,15dayS2,P15,KO,P15_KO,0,FALSE,reclustered_cones
mysample1_TATTGCTCAAGCCCAC-2,Gls,0,15dayS2,P15,KO,P15_KO,0,FALSE,reclustered_cones
mysample1_TATTGCTCAAGCCCAC-2,Gls2,0,15dayS2,P15,KO,P15_KO,0,FALSE,reclustered_cones
mysample1_TCAATTCGTTTACCTT-2,Gls,0,15dayS2,P15,KO,P15_KO,0,FALSE,reclustered_cones
mysample1_TCAATTCGTTTACCTT-2,Gls2,0,15dayS2,P15,KO,P15_KO,0,FALSE,reclustered_cones
mysample1_TCACATTCATGACGAG-2,Gls,0,15dayS2,P15,KO,P15_KO,0,FALSE,reclustered_cones
mysample1_TCACATTCATGACGAG-2,Gls2,0,15dayS2,P15,KO,P15_KO,0,FALSE,reclustered_cones
mysample1_TCACGCTAGCATGTTC-2,Gls,0.7189068101186266,15dayS2,P15,KO,P15_KO,1,TRUE,reclustered_cones
mysample1_TCACGCTAGCATGTTC-2,Gls2,0,15dayS2,P15,KO,P15_KO,0,FALSE,reclustered_cones
mysample1_TCAGTCCGTATCCTCC-2,Gls,0,15dayS2,P15,KO,P15_KO,0,FALSE,reclustered_cones
mysample1_TCAGTCCGTATCCTCC-2,Gls2,0,15dayS2,P15,KO,P15_KO,0,FALSE,reclustered_cones
mysample1_TCAGTCCTCGGAAACG-2,Gls,0,15dayS2,P15,KO,P15_KO,0,FALSE,reclustered_cones
mysample1_TCAGTCCTCGGAAACG-2,Gls2,0,15dayS2,P15,KO,P15_KO,0,FALSE,reclustered_cones
mysample1_TCAGTTTTCGCTTAAG-2,Gls,0.5859790671851324,15dayS2,P15,KO,P15_KO,1,TRUE,reclustered_cones
mysample1_TCAGTTTTCGCTTAAG-2,Gls2,0,15dayS2,P15,KO,P15_KO,0,FALSE,reclustered_cones
mysample1_TCATGCCAGCTTTCCC-2,Gls,0,15dayS2,P15,KO,P15_KO,0,FALSE,reclustered_cones
mysample1_TCATGCCAGCTTTCCC-2,Gls2,0,15dayS2,P15,KO,P15_KO,0,FALSE,reclustered_cones
mysample1_TCATTTGCAACTGCTA-2,Gls,1.0678838847577081,15dayS2,P15,KO,P15_KO,4,TRUE,reclustered_cones
mysample1_TCATTTGCAACTGCTA-2,Gls2,0,15dayS2,P15,KO,P15_KO,0,FALSE,reclustered_cones
mysample1_TCCATCGCACGTCTCT-2,Gls,0.5587119309720852,15dayS2,P15,KO,P15_KO,2,TRUE,reclustered_cones
mysample1_TCCATCGCACGTCTCT-2,Gls2,0,15dayS2,P15,KO,P15_KO,0,FALSE,reclustered_cones
mysample1_TCCATGCGTATCGCAT-2,Gls,0.4946462957622483,15dayS2,P15,KO,P15_KO,1,TRUE,reclustered_cones
mysample1_TCCATGCGTATCGCAT-2,Gls2,0,15dayS2,P15,KO,P15_KO,0,FALSE,reclustered_cones
mysample1_TCCGATCAGAATACAC-2,Gls,0,15dayS2,P15,KO,P15_KO,0,FALSE,reclustered_cones
mysample1_TCCGATCAGAATACAC-2,Gls2,0,15dayS2,P15,KO,P15_KO,0,FALSE,reclustered_cones
mysample1_TCCTTCTTCCAATCCC-2,Gls,0.44072447332264236,15dayS2,P15,KO,P15_KO,1,TRUE,reclustered_cones
mysample1_TCCTTCTTCCAATCCC-2,Gls2,0,15dayS2,P15,KO,P15_KO,0,FALSE,reclustered_cones
mysample1_TCCTTTCGTGCCGTAC-2,Gls,0.9343644356767398,15dayS2,P15,KO,P15_KO,3,TRUE,reclustered_cones
mysample1_TCCTTTCGTGCCGTAC-2,Gls2,0,15dayS2,P15,KO,P15_KO,0,FALSE,reclustered_cones
mysample1_TCGACCTGTGCCCAGT-2,Gls,1.3009144009111393,15dayS2,P15,KO,P15_KO,5,TRUE,reclustered_cones
mysample1_TCGACCTGTGCCCAGT-2,Gls2,0,15dayS2,P15,KO,P15_KO,0,FALSE,reclustered_cones
mysample1_TCGCACTCAATCGCGC-2,Gls,0.6826645431688989,15dayS2,P15,KO,P15_KO,1,TRUE,reclustered_cones
mysample1_TCGCACTCAATCGCGC-2,Gls2,0,15dayS2,P15,KO,P15_KO,0,FALSE,reclustered_cones
mysample1_TCGGTCTCAAGTGCTT-2,Gls,0,15dayS2,P15,KO,P15_KO,0,FALSE,reclustered_cones
mysample1_TCGGTCTCAAGTGCTT-2,Gls2,0,15dayS2,P15,KO,P15_KO,0,FALSE,reclustered_cones
mysample1_TCTCCGAGTGTTCCAA-2,Gls,0.49211261814190704,15dayS2,P15,KO,P15_KO,1,TRUE,reclustered_cones
mysample1_TCTCCGAGTGTTCCAA-2,Gls2,0,15dayS2,P15,KO,P15_KO,0,FALSE,reclustered_cones
mysample1_TCTGCCAGTTGTATGC-2,Gls,1.386369365807719,15dayS2,P15,KO,P15_KO,1,TRUE,reclustered_cones
mysample1_TCTGCCAGTTGTATGC-2,Gls2,0,15dayS2,P15,KO,P15_KO,0,FALSE,reclustered_cones
mysample1_TCTTGCGAGACGACTG-2,Gls,0,15dayS2,P15,KO,P15_KO,0,FALSE,reclustered_cones
mysample1_TCTTGCGAGACGACTG-2,Gls2,0,15dayS2,P15,KO,P15_KO,0,FALSE,reclustered_cones
mysample1_TCTTTGAGTAGCTGTT-2,Gls,0,15dayS2,P15,KO,P15_KO,0,FALSE,reclustered_cones
mysample1_TCTTTGAGTAGCTGTT-2,Gls2,0,15dayS2,P15,KO,P15_KO,0,FALSE,reclustered_cones
mysample1_TGAATCGCAGCTCTGG-2,Gls,0,15dayS2,P15,KO,P15_KO,0,FALSE,reclustered_cones
mysample1_TGAATCGCAGCTCTGG-2,Gls2,0,15dayS2,P15,KO,P15_KO,0,FALSE,reclustered_cones
mysample1_TGAATGCAGATACAGT-2,Gls,0,15dayS2,P15,KO,P15_KO,0,FALSE,reclustered_cones
mysample1_TGAATGCAGATACAGT-2,Gls2,0,15dayS2,P15,KO,P15_KO,0,FALSE,reclustered_cones
mysample1_TGATCTTAGGATACCG-2,Gls,1.410238897704105,15dayS2,P15,KO,P15_KO,3,TRUE,reclustered_cones
mysample1_TGATCTTAGGATACCG-2,Gls2,0,15dayS2,P15,KO,P15_KO,0,FALSE,reclustered_cones
mysample1_TGATGGTTCTTCGGTC-2,Gls,0,15dayS2,P15,KO,P15_KO,0,FALSE,reclustered_cones
mysample1_TGATGGTTCTTCGGTC-2,Gls2,0,15dayS2,P15,KO,P15_KO,0,FALSE,reclustered_cones
mysample1_TGCTTGCAGGAAAGGT-2,Gls,1.3751671390807352,15dayS2,P15,KO,P15_KO,4,TRUE,reclustered_cones
mysample1_TGCTTGCAGGAAAGGT-2,Gls2,0,15dayS2,P15,KO,P15_KO,0,FALSE,reclustered_cones
mysample1_TGCTTGCCAATTGCCA-2,Gls,0,15dayS2,P15,KO,P15_KO,0,FALSE,reclustered_cones
mysample1_TGCTTGCCAATTGCCA-2,Gls2,0,15dayS2,P15,KO,P15_KO,0,FALSE,reclustered_cones
mysample1_TGGAACTTCAATCGGT-2,Gls,0.5341311720145675,15dayS2,P15,KO,P15_KO,1,TRUE,reclustered_cones
mysample1_TGGAACTTCAATCGGT-2,Gls2,0,15dayS2,P15,KO,P15_KO,0,FALSE,reclustered_cones
mysample1_TGGATGTAGGCTCCCA-2,Gls,0,15dayS2,P15,KO,P15_KO,0,FALSE,reclustered_cones
mysample1_TGGATGTAGGCTCCCA-2,Gls2,0,15dayS2,P15,KO,P15_KO,0,FALSE,reclustered_cones
mysample1_TGGGAAGTCCAACTGA-2,Gls,0.5070936835921871,15dayS2,P15,KO,P15_KO,1,TRUE,reclustered_cones
mysample1_TGGGAAGTCCAACTGA-2,Gls2,0,15dayS2,P15,KO,P15_KO,0,FALSE,reclustered_cones
mysample1_TGGGCGTCATTGACCA-2,Gls,0.5917968389181567,15dayS2,P15,KO,P15_KO,1,TRUE,reclustered_cones
mysample1_TGGGCGTCATTGACCA-2,Gls2,0,15dayS2,P15,KO,P15_KO,0,FALSE,reclustered_cones
mysample1_TGTACAGGTATCCCAA-2,Gls,0,15dayS2,P15,KO,P15_KO,0,FALSE,reclustered_cones
mysample1_TGTACAGGTATCCCAA-2,Gls2,0,15dayS2,P15,KO,P15_KO,0,FALSE,reclustered_cones
mysample1_TGTCCCATCATCTACT-2,Gls,0,15dayS2,P15,KO,P15_KO,0,FALSE,reclustered_cones
mysample1_TGTCCCATCATCTACT-2,Gls2,0,15dayS2,P15,KO,P15_KO,0,FALSE,reclustered_cones
mysample1_TGTTCATAGCGCCCAT-2,Gls,0,15dayS2,P15,KO,P15_KO,0,FALSE,reclustered_cones
mysample1_TGTTCATAGCGCCCAT-2,Gls2,0,15dayS2,P15,KO,P15_KO,0,FALSE,reclustered_cones
mysample1_TTAGGGTCAAGTGGGT-2,Gls,0,15dayS2,P15,KO,P15_KO,0,FALSE,reclustered_cones
mysample1_TTAGGGTCAAGTGGGT-2,Gls2,0,15dayS2,P15,KO,P15_KO,0,FALSE,reclustered_cones
mysample1_TTCTTGACACGCTGTG-2,Gls,0.593315210153442,15dayS2,P15,KO,P15_KO,1,TRUE,reclustered_cones
mysample1_TTCTTGACACGCTGTG-2,Gls2,0,15dayS2,P15,KO,P15_KO,0,FALSE,reclustered_cones
mysample1_TTGAACGTCGTTGTTT-2,Gls,0,15dayS2,P15,KO,P15_KO,0,FALSE,reclustered_cones
mysample1_TTGAACGTCGTTGTTT-2,Gls2,0,15dayS2,P15,KO,P15_KO,0,FALSE,reclustered_cones
mysample1_TTGGTTTTCACTCGAA-2,Gls,0,15dayS2,P15,KO,P15_KO,0,FALSE,reclustered_cones
mysample1_TTGGTTTTCACTCGAA-2,Gls2,0,15dayS2,P15,KO,P15_KO,0,FALSE,reclustered_cones
mysample1_TTTACGTGTGCTCTCT-2,Gls,0,15dayS2,P15,KO,P15_KO,0,FALSE,reclustered_cones
mysample1_TTTACGTGTGCTCTCT-2,Gls2,0,15dayS2,P15,KO,P15_KO,0,FALSE,reclustered_cones
mysample1_TTTCACAAGCATCCCG-2,Gls,0,15dayS2,P15,KO,P15_KO,0,FALSE,reclustered_cones
mysample1_TTTCACAAGCATCCCG-2,Gls2,0,15dayS2,P15,KO,P15_KO,0,FALSE,reclustered_cones
mysample1_TTTCCTCGTCGAATGG-2,Gls,0,15dayS2,P15,KO,P15_KO,0,FALSE,reclustered_cones
mysample1_TTTCCTCGTCGAATGG-2,Gls2,0,15dayS2,P15,KO,P15_KO,0,FALSE,reclustered_cones
mysample1_TTTGATCGTCAATGGG-2,Gls,0,15dayS2,P15,KO,P15_KO,0,FALSE,reclustered_cones
mysample1_TTTGATCGTCAATGGG-2,Gls2,0,15dayS2,P15,KO,P15_KO,0,FALSE,reclustered_cones
mysample2_AAACCAAAGGTATCCA-1_1,Gls,2.2534588408271152,30dayS1,P35,Ctrl,P35_Ctrl,16,TRUE,reclustered_cones
mysample2_AAACCAAAGGTATCCA-1_1,Gls2,0,30dayS1,P35,Ctrl,P35_Ctrl,0,FALSE,reclustered_cones
mysample2_AAAGTTGAGTTACCAG-1_1,Gls,2.24125497967895,30dayS1,P35,Ctrl,P35_Ctrl,20,TRUE,reclustered_cones
mysample2_AAAGTTGAGTTACCAG-1_1,Gls2,0,30dayS1,P35,Ctrl,P35_Ctrl,0,FALSE,reclustered_cones
mysample2_AACCTAGTCAGTTGAT-1_1,Gls,2.1299168045250605,30dayS1,P35,Ctrl,P35_Ctrl,13,TRUE,reclustered_cones
mysample2_AACCTAGTCAGTTGAT-1_1,Gls2,0,30dayS1,P35,Ctrl,P35_Ctrl,0,FALSE,reclustered_cones
mysample2_AACCTGATCCTGATGA-1_1,Gls,2.4327015705184993,30dayS1,P35,Ctrl,P35_Ctrl,2,TRUE,reclustered_cones
mysample2_AACCTGATCCTGATGA-1_1,Gls2,0,30dayS1,P35,Ctrl,P35_Ctrl,0,FALSE,reclustered_cones
mysample2_AAGCAACAGGTGGAAT-1_1,Gls,2.057443673840837,30dayS1,P35,Ctrl,P35_Ctrl,2,TRUE,reclustered_cones
mysample2_AAGCAACAGGTGGAAT-1_1,Gls2,0,30dayS1,P35,Ctrl,P35_Ctrl,0,FALSE,reclustered_cones
mysample2_AAGCCGCCATTACAGA-1_1,Gls,1.847025338417323,30dayS1,P35,Ctrl,P35_Ctrl,9,TRUE,reclustered_cones
mysample2_AAGCCGCCATTACAGA-1_1,Gls2,0,30dayS1,P35,Ctrl,P35_Ctrl,0,FALSE,reclustered_cones
mysample2_AAGCCTGCATGGCGAC-1_1,Gls,1.222449984971171,30dayS1,P35,Ctrl,P35_Ctrl,2,TRUE,reclustered_cones
mysample2_AAGCCTGCATGGCGAC-1_1,Gls2,0,30dayS1,P35,Ctrl,P35_Ctrl,0,FALSE,reclustered_cones
mysample2_AATATGCTCACTTCCG-1_1,Gls,1.5961318393535668,30dayS1,P35,Ctrl,P35_Ctrl,1,TRUE,reclustered_cones
mysample2_AATATGCTCACTTCCG-1_1,Gls2,0,30dayS1,P35,Ctrl,P35_Ctrl,0,FALSE,reclustered_cones
mysample2_AATCCAACAGGTTCAG-1_1,Gls,1.8280366627073166,30dayS1,P35,Ctrl,P35_Ctrl,10,TRUE,reclustered_cones
mysample2_AATCCAACAGGTTCAG-1_1,Gls2,0,30dayS1,P35,Ctrl,P35_Ctrl,0,FALSE,reclustered_cones
mysample2_AATCCCAAGCGCTCCT-1_1,Gls,0,30dayS1,P35,Ctrl,P35_Ctrl,0,FALSE,reclustered_cones
mysample2_AATCCCAAGCGCTCCT-1_1,Gls2,0,30dayS1,P35,Ctrl,P35_Ctrl,0,FALSE,reclustered_cones
mysample2_AATGGCGAGGCGTTAC-1_1,Gls,0.9188332527452382,30dayS1,P35,Ctrl,P35_Ctrl,2,TRUE,reclustered_cones
mysample2_AATGGCGAGGCGTTAC-1_1,Gls2,0,30dayS1,P35,Ctrl,P35_Ctrl,0,FALSE,reclustered_cones
mysample2_AATGGGACAATTGACA-1_1,Gls,2.2088385600848492,30dayS1,P35,Ctrl,P35_Ctrl,14,TRUE,reclustered_cones
mysample2_AATGGGACAATTGACA-1_1,Gls2,0,30dayS1,P35,Ctrl,P35_Ctrl,0,FALSE,reclustered_cones
mysample2_ACAAGGTAGGTTCAAT-1_1,Gls,0,30dayS1,P35,Ctrl,P35_Ctrl,0,FALSE,reclustered_cones
mysample2_ACAAGGTAGGTTCAAT-1_1,Gls2,0,30dayS1,P35,Ctrl,P35_Ctrl,0,FALSE,reclustered_cones
mysample2_ACAATCACAATAGTCA-1_1,Gls,1.0279509319067144,30dayS1,P35,Ctrl,P35_Ctrl,1,TRUE,reclustered_cones
mysample2_ACAATCACAATAGTCA-1_1,Gls2,0,30dayS1,P35,Ctrl,P35_Ctrl,0,FALSE,reclustered_cones
mysample2_ACACAGTCATGCAGGC-1_1,Gls,2.7219262468865018,30dayS1,P35,Ctrl,P35_Ctrl,4,TRUE,reclustered_cones
mysample2_ACACAGTCATGCAGGC-1_1,Gls2,0,30dayS1,P35,Ctrl,P35_Ctrl,0,FALSE,reclustered_cones
mysample2_ACACCAGCACATTACT-1_1,Gls,1.8892790178940482,30dayS1,P35,Ctrl,P35_Ctrl,14,TRUE,reclustered_cones
mysample2_ACACCAGCACATTACT-1_1,Gls2,0,30dayS1,P35,Ctrl,P35_Ctrl,0,FALSE,reclustered_cones
mysample2_ACACGGGGTGCAACCC-1_1,Gls,2.326789029698365,30dayS1,P35,Ctrl,P35_Ctrl,18,TRUE,reclustered_cones
mysample2_ACACGGGGTGCAACCC-1_1,Gls2,0,30dayS1,P35,Ctrl,P35_Ctrl,0,FALSE,reclustered_cones
mysample2_ACATGGCTCACACCTT-1_1,Gls,0,30dayS1,P35,Ctrl,P35_Ctrl,0,FALSE,reclustered_cones
mysample2_ACATGGCTCACACCTT-1_1,Gls2,0,30dayS1,P35,Ctrl,P35_Ctrl,0,FALSE,reclustered_cones
mysample2_ACATTGGTCTCATCAC-1_1,Gls,2.086252509457247,30dayS1,P35,Ctrl,P35_Ctrl,2,TRUE,reclustered_cones
mysample2_ACATTGGTCTCATCAC-1_1,Gls2,0,30dayS1,P35,Ctrl,P35_Ctrl,0,FALSE,reclustered_cones
mysample2_ACCCCATCAGGCAAGG-1_1,Gls,1.6526827595874174,30dayS1,P35,Ctrl,P35_Ctrl,8,TRUE,reclustered_cones
mysample2_ACCCCATCAGGCAAGG-1_1,Gls2,0,30dayS1,P35,Ctrl,P35_Ctrl,0,FALSE,reclustered_cones
mysample2_ACCCCATCATTAGGAC-1_1,Gls,1.9267851161741532,30dayS1,P35,Ctrl,P35_Ctrl,3,TRUE,reclustered_cones
mysample2_ACCCCATCATTAGGAC-1_1,Gls2,0,30dayS1,P35,Ctrl,P35_Ctrl,0,FALSE,reclustered_cones
mysample2_ACCCGTTCAATCAATG-1_1,Gls,2.094712346808277,30dayS1,P35,Ctrl,P35_Ctrl,17,TRUE,reclustered_cones
mysample2_ACCCGTTCAATCAATG-1_1,Gls2,0,30dayS1,P35,Ctrl,P35_Ctrl,0,FALSE,reclustered_cones
mysample2_ACCGACTAGCATTACG-1_1,Gls,1.846575613955916,30dayS1,P35,Ctrl,P35_Ctrl,12,TRUE,reclustered_cones
mysample2_ACCGACTAGCATTACG-1_1,Gls2,0,30dayS1,P35,Ctrl,P35_Ctrl,0,FALSE,reclustered_cones
mysample2_ACGATTGTCTATGCAG-1_1,Gls,1.521746876550082,30dayS1,P35,Ctrl,P35_Ctrl,8,TRUE,reclustered_cones
mysample2_ACGATTGTCTATGCAG-1_1,Gls2,0,30dayS1,P35,Ctrl,P35_Ctrl,0,FALSE,reclustered_cones
mysample2_ACGCAGCCATCACTGC-1_1,Gls,1.5831260223208092,30dayS1,P35,Ctrl,P35_Ctrl,8,TRUE,reclustered_cones
mysample2_ACGCAGCCATCACTGC-1_1,Gls2,0,30dayS1,P35,Ctrl,P35_Ctrl,0,FALSE,reclustered_cones
mysample2_ACGCCCAAGAACGGTG-1_1,Gls,1.859731678240622,30dayS1,P35,Ctrl,P35_Ctrl,9,TRUE,reclustered_cones
mysample2_ACGCCCAAGAACGGTG-1_1,Gls2,0,30dayS1,P35,Ctrl,P35_Ctrl,0,FALSE,reclustered_cones
mysample2_ACGGGTAAGCCGATGT-1_1,Gls,0,30dayS1,P35,Ctrl,P35_Ctrl,0,FALSE,reclustered_cones
mysample2_ACGGGTAAGCCGATGT-1_1,Gls2,0,30dayS1,P35,Ctrl,P35_Ctrl,0,FALSE,reclustered_cones
mysample2_ACGTTCCCATGAAGTC-1_1,Gls,2.1828808761360734,30dayS1,P35,Ctrl,P35_Ctrl,17,TRUE,reclustered_cones
mysample2_ACGTTCCCATGAAGTC-1_1,Gls2,0,30dayS1,P35,Ctrl,P35_Ctrl,0,FALSE,reclustered_cones
mysample2_ACTCTGTTCCGCGTAG-1_1,Gls,1.92991086306605,30dayS1,P35,Ctrl,P35_Ctrl,9,TRUE,reclustered_cones
mysample2_ACTCTGTTCCGCGTAG-1_1,Gls2,0,30dayS1,P35,Ctrl,P35_Ctrl,0,FALSE,reclustered_cones
mysample2_ACTGAAGGTTCCTGAG-1_1,Gls,1.8028872583700708,30dayS1,P35,Ctrl,P35_Ctrl,4,TRUE,reclustered_cones
mysample2_ACTGAAGGTTCCTGAG-1_1,Gls2,0,30dayS1,P35,Ctrl,P35_Ctrl,0,FALSE,reclustered_cones
mysample2_ACTTACCTCCGTCACC-1_1,Gls,2.2534136902431374,30dayS1,P35,Ctrl,P35_Ctrl,19,TRUE,reclustered_cones
mysample2_ACTTACCTCCGTCACC-1_1,Gls2,0,30dayS1,P35,Ctrl,P35_Ctrl,0,FALSE,reclustered_cones
mysample2_ACTTATGGTGAGACTA-1_1,Gls,2.0340369545513086,30dayS1,P35,Ctrl,P35_Ctrl,12,TRUE,reclustered_cones
mysample2_ACTTATGGTGAGACTA-1_1,Gls2,0,30dayS1,P35,Ctrl,P35_Ctrl,0,FALSE,reclustered_cones
mysample2_ACTTCTATCAGGACGA-1_1,Gls,0,30dayS1,P35,Ctrl,P35_Ctrl,0,FALSE,reclustered_cones
mysample2_ACTTCTATCAGGACGA-1_1,Gls2,0,30dayS1,P35,Ctrl,P35_Ctrl,0,FALSE,reclustered_cones
mysample2_AGCAATCCACATAGTA-1_1,Gls,1.72937746905419,30dayS1,P35,Ctrl,P35_Ctrl,2,TRUE,reclustered_cones
mysample2_AGCAATCCACATAGTA-1_1,Gls2,0,30dayS1,P35,Ctrl,P35_Ctrl,0,FALSE,reclustered_cones
mysample2_AGCACGTTCGACTAGC-1_1,Gls,1.6887700735554088,30dayS1,P35,Ctrl,P35_Ctrl,8,TRUE,reclustered_cones
mysample2_AGCACGTTCGACTAGC-1_1,Gls2,0,30dayS1,P35,Ctrl,P35_Ctrl,0,FALSE,reclustered_cones
mysample2_AGCATCGCACATACCC-1_1,Gls,1.8791154173351092,30dayS1,P35,Ctrl,P35_Ctrl,11,TRUE,reclustered_cones
mysample2_AGCATCGCACATACCC-1_1,Gls2,0,30dayS1,P35,Ctrl,P35_Ctrl,0,FALSE,reclustered_cones
mysample2_AGCCATTGTAAGGACC-1_1,Gls,1.9956901747898,30dayS1,P35,Ctrl,P35_Ctrl,14,TRUE,reclustered_cones
mysample2_AGCCATTGTAAGGACC-1_1,Gls2,0,30dayS1,P35,Ctrl,P35_Ctrl,0,FALSE,reclustered_cones
mysample2_AGCGACAAGTTGCTGA-1_1,Gls,2.0749048038340328,30dayS1,P35,Ctrl,P35_Ctrl,2,TRUE,reclustered_cones
mysample2_AGCGACAAGTTGCTGA-1_1,Gls2,0,30dayS1,P35,Ctrl,P35_Ctrl,0,FALSE,reclustered_cones
mysample2_AGCGGATGTCATGAAG-1_1,Gls,0.8387426661709829,30dayS1,P35,Ctrl,P35_Ctrl,2,TRUE,reclustered_cones
mysample2_AGCGGATGTCATGAAG-1_1,Gls2,0,30dayS1,P35,Ctrl,P35_Ctrl,0,FALSE,reclustered_cones
mysample2_AGCGGTTTCCATCGTT-1_1,Gls,1.651507683071144,30dayS1,P35,Ctrl,P35_Ctrl,7,TRUE,reclustered_cones
mysample2_AGCGGTTTCCATCGTT-1_1,Gls2,0,30dayS1,P35,Ctrl,P35_Ctrl,0,FALSE,reclustered_cones
mysample2_AGCGTTGCAAATGCTA-1_1,Gls,1.9447966903666443,30dayS1,P35,Ctrl,P35_Ctrl,12,TRUE,reclustered_cones
mysample2_AGCGTTGCAAATGCTA-1_1,Gls2,0,30dayS1,P35,Ctrl,P35_Ctrl,0,FALSE,reclustered_cones
mysample2_AGGAATATCTGTCTGT-1_1,Gls,1.8771097888789958,30dayS1,P35,Ctrl,P35_Ctrl,11,TRUE,reclustered_cones
mysample2_AGGAATATCTGTCTGT-1_1,Gls2,0,30dayS1,P35,Ctrl,P35_Ctrl,0,FALSE,reclustered_cones
mysample2_AGGTTAAAGATTGCTG-1_1,Gls,2.0069307934038756,30dayS1,P35,Ctrl,P35_Ctrl,16,TRUE,reclustered_cones
mysample2_AGGTTAAAGATTGCTG-1_1,Gls2,0,30dayS1,P35,Ctrl,P35_Ctrl,0,FALSE,reclustered_cones
mysample2_AGTATCACATTCGGCT-1_1,Gls,2.191110003594534,30dayS1,P35,Ctrl,P35_Ctrl,19,TRUE,reclustered_cones
mysample2_AGTATCACATTCGGCT-1_1,Gls2,0,30dayS1,P35,Ctrl,P35_Ctrl,0,FALSE,reclustered_cones
mysample2_AGTCAATTCTGTGCTT-1_1,Gls,0,30dayS1,P35,Ctrl,P35_Ctrl,0,FALSE,reclustered_cones
mysample2_AGTCAATTCTGTGCTT-1_1,Gls2,0,30dayS1,P35,Ctrl,P35_Ctrl,0,FALSE,reclustered_cones
mysample2_AGTCATTAGGGGTCAA-1_1,Gls,1.6442468774041343,30dayS1,P35,Ctrl,P35_Ctrl,7,TRUE,reclustered_cones
mysample2_AGTCATTAGGGGTCAA-1_1,Gls2,0,30dayS1,P35,Ctrl,P35_Ctrl,0,FALSE,reclustered_cones
mysample2_AGTCCAGCAGTTAGAC-1_1,Gls,1.6292485789940443,30dayS1,P35,Ctrl,P35_Ctrl,1,TRUE,reclustered_cones
mysample2_AGTCCAGCAGTTAGAC-1_1,Gls2,0,30dayS1,P35,Ctrl,P35_Ctrl,0,FALSE,reclustered_cones
mysample2_AGTCGAAGTTGTCCAG-1_1,Gls,1.7547695137374957,30dayS1,P35,Ctrl,P35_Ctrl,8,TRUE,reclustered_cones
mysample2_AGTCGAAGTTGTCCAG-1_1,Gls2,0,30dayS1,P35,Ctrl,P35_Ctrl,0,FALSE,reclustered_cones
mysample2_AGTCGTTGTTACACCG-1_1,Gls,1.6483881026891987,30dayS1,P35,Ctrl,P35_Ctrl,4,TRUE,reclustered_cones
mysample2_AGTCGTTGTTACACCG-1_1,Gls2,0,30dayS1,P35,Ctrl,P35_Ctrl,0,FALSE,reclustered_cones
mysample2_AGTGGTGAGGTTGCCG-1_1,Gls,2.312766710594248,30dayS1,P35,Ctrl,P35_Ctrl,21,TRUE,reclustered_cones
mysample2_AGTGGTGAGGTTGCCG-1_1,Gls2,0,30dayS1,P35,Ctrl,P35_Ctrl,0,FALSE,reclustered_cones
mysample2_ATAATGCTCTATCCAC-1_1,Gls,1.8684622009702414,30dayS1,P35,Ctrl,P35_Ctrl,8,TRUE,reclustered_cones
mysample2_ATAATGCTCTATCCAC-1_1,Gls2,0,30dayS1,P35,Ctrl,P35_Ctrl,0,FALSE,reclustered_cones
mysample2_ATCAGTTAGCATTCAG-1_1,Gls,1.5037274929962428,30dayS1,P35,Ctrl,P35_Ctrl,7,TRUE,reclustered_cones
mysample2_ATCAGTTAGCATTCAG-1_1,Gls2,0,30dayS1,P35,Ctrl,P35_Ctrl,0,FALSE,reclustered_cones
mysample2_ATCGAAGGTGAGGACT-1_1,Gls,1.8197288642042655,30dayS1,P35,Ctrl,P35_Ctrl,6,TRUE,reclustered_cones
mysample2_ATCGAAGGTGAGGACT-1_1,Gls2,0,30dayS1,P35,Ctrl,P35_Ctrl,0,FALSE,reclustered_cones
mysample2_ATCGTTAGTTAGAGCA-1_1,Gls,2.5911926629667694,30dayS1,P35,Ctrl,P35_Ctrl,3,TRUE,reclustered_cones
mysample2_ATCGTTAGTTAGAGCA-1_1,Gls2,0,30dayS1,P35,Ctrl,P35_Ctrl,0,FALSE,reclustered_cones
mysample2_ATCTCCACAACCAGGC-1_1,Gls,1.9193032809185462,30dayS1,P35,Ctrl,P35_Ctrl,3,TRUE,reclustered_cones
mysample2_ATCTCCACAACCAGGC-1_1,Gls2,0,30dayS1,P35,Ctrl,P35_Ctrl,0,FALSE,reclustered_cones
mysample2_ATCTTCATCCGTAATG-1_1,Gls,1.9375250927883543,30dayS1,P35,Ctrl,P35_Ctrl,16,TRUE,reclustered_cones
mysample2_ATCTTCATCCGTAATG-1_1,Gls2,0,30dayS1,P35,Ctrl,P35_Ctrl,0,FALSE,reclustered_cones
mysample2_ATCTTCATCGCTCAGG-1_1,Gls,1.4249289318177039,30dayS1,P35,Ctrl,P35_Ctrl,1,TRUE,reclustered_cones
mysample2_ATCTTCATCGCTCAGG-1_1,Gls2,0,30dayS1,P35,Ctrl,P35_Ctrl,0,FALSE,reclustered_cones
mysample2_CAACACGCAATCGTAA-1_1,Gls,1.3884302998931437,30dayS1,P35,Ctrl,P35_Ctrl,7,TRUE,reclustered_cones
mysample2_CAACACGCAATCGTAA-1_1,Gls2,0,30dayS1,P35,Ctrl,P35_Ctrl,0,FALSE,reclustered_cones
mysample2_CAAGACAGTTATCTCT-1_1,Gls,1.637921220031406,30dayS1,P35,Ctrl,P35_Ctrl,7,TRUE,reclustered_cones
mysample2_CAAGACAGTTATCTCT-1_1,Gls2,0,30dayS1,P35,Ctrl,P35_Ctrl,0,FALSE,reclustered_cones
mysample2_CAAGTAGGTAATGGCA-1_1,Gls,2.9020644620522504,30dayS1,P35,Ctrl,P35_Ctrl,6,TRUE,reclustered_cones
mysample2_CAAGTAGGTAATGGCA-1_1,Gls2,0,30dayS1,P35,Ctrl,P35_Ctrl,0,FALSE,reclustered_cones
mysample2_CAAGTTACAAGGGCAG-1_1,Gls,1.9537509612395485,30dayS1,P35,Ctrl,P35_Ctrl,10,TRUE,reclustered_cones
mysample2_CAAGTTACAAGGGCAG-1_1,Gls2,0,30dayS1,P35,Ctrl,P35_Ctrl,0,FALSE,reclustered_cones
mysample2_CAATTTCCACAAGCCA-1_1,Gls,0,30dayS1,P35,Ctrl,P35_Ctrl,0,FALSE,reclustered_cones
mysample2_CAATTTCCACAAGCCA-1_1,Gls2,0,30dayS1,P35,Ctrl,P35_Ctrl,0,FALSE,reclustered_cones
mysample2_CACCCTTGTTTCAGGT-1_1,Gls,1.9545308920992204,30dayS1,P35,Ctrl,P35_Ctrl,2,TRUE,reclustered_cones
mysample2_CACCCTTGTTTCAGGT-1_1,Gls2,0,30dayS1,P35,Ctrl,P35_Ctrl,0,FALSE,reclustered_cones
mysample2_CACGCAACACTAGCCT-1_1,Gls,2.069292479785339,30dayS1,P35,Ctrl,P35_Ctrl,12,TRUE,reclustered_cones
mysample2_CACGCAACACTAGCCT-1_1,Gls2,0,30dayS1,P35,Ctrl,P35_Ctrl,0,FALSE,reclustered_cones
mysample2_CACGTATGTAGGTGTA-1_1,Gls,1.5259936978479995,30dayS1,P35,Ctrl,P35_Ctrl,8,TRUE,reclustered_cones
mysample2_CACGTATGTAGGTGTA-1_1,Gls2,0,30dayS1,P35,Ctrl,P35_Ctrl,0,FALSE,reclustered_cones
mysample2_CACTAACGTTAACGAG-1_1,Gls,2.3217641008731977,30dayS1,P35,Ctrl,P35_Ctrl,24,TRUE,reclustered_cones
mysample2_CACTAACGTTAACGAG-1_1,Gls2,0,30dayS1,P35,Ctrl,P35_Ctrl,0,FALSE,reclustered_cones
mysample2_CACTCCGCACTTAACT-1_1,Gls,1.144718508843493,30dayS1,P35,Ctrl,P35_Ctrl,6,TRUE,reclustered_cones
mysample2_CACTCCGCACTTAACT-1_1,Gls2,0,30dayS1,P35,Ctrl,P35_Ctrl,0,FALSE,reclustered_cones
mysample2_CAGCATTGTTGTCAGT-1_1,Gls,1.6625796611711265,30dayS1,P35,Ctrl,P35_Ctrl,6,TRUE,reclustered_cones
mysample2_CAGCATTGTTGTCAGT-1_1,Gls2,0,30dayS1,P35,Ctrl,P35_Ctrl,0,FALSE,reclustered_cones
mysample2_CAGCGCATCATGCGTA-1_1,Gls,2.2393168484893597,30dayS1,P35,Ctrl,P35_Ctrl,3,TRUE,reclustered_cones
mysample2_CAGCGCATCATGCGTA-1_1,Gls2,0,30dayS1,P35,Ctrl,P35_Ctrl,0,FALSE,reclustered_cones
mysample2_CAGCGGTCATCGGTGA-1_1,Gls,1.7876877685311694,30dayS1,P35,Ctrl,P35_Ctrl,10,TRUE,reclustered_cones
mysample2_CAGCGGTCATCGGTGA-1_1,Gls2,0,30dayS1,P35,Ctrl,P35_Ctrl,0,FALSE,reclustered_cones
mysample2_CAGGACAAGTAGACCC-1_1,Gls,1.1593012526821103,30dayS1,P35,Ctrl,P35_Ctrl,1,TRUE,reclustered_cones
mysample2_CAGGACAAGTAGACCC-1_1,Gls2,0,30dayS1,P35,Ctrl,P35_Ctrl,0,FALSE,reclustered_cones
mysample2_CAGGATTCAGTACCTC-1_1,Gls,2.1544798849009865,30dayS1,P35,Ctrl,P35_Ctrl,4,TRUE,reclustered_cones
mysample2_CAGGATTCAGTACCTC-1_1,Gls2,0,30dayS1,P35,Ctrl,P35_Ctrl,0,FALSE,reclustered_cones
mysample2_CAGGCTTAGTGAACGG-1_1,Gls,1.5901989684877278,30dayS1,P35,Ctrl,P35_Ctrl,7,TRUE,reclustered_cones
mysample2_CAGGCTTAGTGAACGG-1_1,Gls2,0,30dayS1,P35,Ctrl,P35_Ctrl,0,FALSE,reclustered_cones
mysample2_CAGGGGTAGGATCATT-1_1,Gls,1.8087654867020382,30dayS1,P35,Ctrl,P35_Ctrl,9,TRUE,reclustered_cones
mysample2_CAGGGGTAGGATCATT-1_1,Gls2,0,30dayS1,P35,Ctrl,P35_Ctrl,0,FALSE,reclustered_cones
mysample2_CATCCCATCACGTGCG-1_1,Gls,2.2776459788571404,30dayS1,P35,Ctrl,P35_Ctrl,8,TRUE,reclustered_cones
mysample2_CATCCCATCACGTGCG-1_1,Gls2,0,30dayS1,P35,Ctrl,P35_Ctrl,0,FALSE,reclustered_cones
mysample2_CATCCCGCAAGCCATG-1_1,Gls,1.5892153074568767,30dayS1,P35,Ctrl,P35_Ctrl,6,TRUE,reclustered_cones
mysample2_CATCCCGCAAGCCATG-1_1,Gls2,0,30dayS1,P35,Ctrl,P35_Ctrl,0,FALSE,reclustered_cones
mysample2_CATGAAGGTAAGTCAG-1_1,Gls,2.2736066021424284,30dayS1,P35,Ctrl,P35_Ctrl,17,TRUE,reclustered_cones
mysample2_CATGAAGGTAAGTCAG-1_1,Gls2,0,30dayS1,P35,Ctrl,P35_Ctrl,0,FALSE,reclustered_cones
mysample2_CATGCCAGTGCGATGG-1_1,Gls,0,30dayS1,P35,Ctrl,P35_Ctrl,0,FALSE,reclustered_cones
mysample2_CATGCCAGTGCGATGG-1_1,Gls2,0,30dayS1,P35,Ctrl,P35_Ctrl,0,FALSE,reclustered_cones
mysample2_CATGCCTCAAGCTCCT-1_1,Gls,0,30dayS1,P35,Ctrl,P35_Ctrl,0,FALSE,reclustered_cones
mysample2_CATGCCTCAAGCTCCT-1_1,Gls2,0,30dayS1,P35,Ctrl,P35_Ctrl,0,FALSE,reclustered_cones
mysample2_CATTTCGCAAGGTTCG-1_1,Gls,1.458872717212324,30dayS1,P35,Ctrl,P35_Ctrl,7,TRUE,reclustered_cones
mysample2_CATTTCGCAAGGTTCG-1_1,Gls2,0,30dayS1,P35,Ctrl,P35_Ctrl,0,FALSE,reclustered_cones
mysample2_CCAACCCTCTGTCATC-1_1,Gls,1.6012642816032019,30dayS1,P35,Ctrl,P35_Ctrl,10,TRUE,reclustered_cones
mysample2_CCAACCCTCTGTCATC-1_1,Gls2,0,30dayS1,P35,Ctrl,P35_Ctrl,0,FALSE,reclustered_cones
mysample2_CCAATCCCACTCAACC-1_1,Gls,1.1500746456757782,30dayS1,P35,Ctrl,P35_Ctrl,1,TRUE,reclustered_cones
mysample2_CCAATCCCACTCAACC-1_1,Gls2,0,30dayS1,P35,Ctrl,P35_Ctrl,0,FALSE,reclustered_cones
mysample2_CCACACAGTATGGTTC-1_1,Gls,1.879243622209471,30dayS1,P35,Ctrl,P35_Ctrl,11,TRUE,reclustered_cones
mysample2_CCACACAGTATGGTTC-1_1,Gls2,0,30dayS1,P35,Ctrl,P35_Ctrl,0,FALSE,reclustered_cones
mysample2_CCACCGTTCCCAATGA-1_1,Gls,2.3107791473065573,30dayS1,P35,Ctrl,P35_Ctrl,22,TRUE,reclustered_cones
mysample2_CCACCGTTCCCAATGA-1_1,Gls2,0,30dayS1,P35,Ctrl,P35_Ctrl,0,FALSE,reclustered_cones
mysample2_CCACGTAGTGATCCAT-1_1,Gls,1.397268927275203,30dayS1,P35,Ctrl,P35_Ctrl,6,TRUE,reclustered_cones
mysample2_CCACGTAGTGATCCAT-1_1,Gls2,0,30dayS1,P35,Ctrl,P35_Ctrl,0,FALSE,reclustered_cones
mysample2_CCATCACCACAATGGT-1_1,Gls,2.1913205011452743,30dayS1,P35,Ctrl,P35_Ctrl,3,TRUE,reclustered_cones
mysample2_CCATCACCACAATGGT-1_1,Gls2,0,30dayS1,P35,Ctrl,P35_Ctrl,0,FALSE,reclustered_cones
mysample2_CCCGATAGTTATGTGC-1_1,Gls,0.8767930860848383,30dayS1,P35,Ctrl,P35_Ctrl,3,TRUE,reclustered_cones
mysample2_CCCGATAGTTATGTGC-1_1,Gls2,0,30dayS1,P35,Ctrl,P35_Ctrl,0,FALSE,reclustered_cones
mysample2_CCCTGGTTCCAGCTCC-1_1,Gls,1.8243959442771633,30dayS1,P35,Ctrl,P35_Ctrl,7,TRUE,reclustered_cones
mysample2_CCCTGGTTCCAGCTCC-1_1,Gls2,0,30dayS1,P35,Ctrl,P35_Ctrl,0,FALSE,reclustered_cones
mysample2_CCGCATTCACTTCACA-1_1,Gls,2.01590033720957,30dayS1,P35,Ctrl,P35_Ctrl,13,TRUE,reclustered_cones
mysample2_CCGCATTCACTTCACA-1_1,Gls2,0,30dayS1,P35,Ctrl,P35_Ctrl,0,FALSE,reclustered_cones
mysample2_CCGGCTAAGCTACGCG-1_1,Gls,1.8937747910669742,30dayS1,P35,Ctrl,P35_Ctrl,9,TRUE,reclustered_cones
mysample2_CCGGCTAAGCTACGCG-1_1,Gls2,0,30dayS1,P35,Ctrl,P35_Ctrl,0,FALSE,reclustered_cones
mysample2_CCTATGAAGTTACCCT-1_1,Gls,2.1078659616604583,30dayS1,P35,Ctrl,P35_Ctrl,19,TRUE,reclustered_cones
mysample2_CCTATGAAGTTACCCT-1_1,Gls2,0,30dayS1,P35,Ctrl,P35_Ctrl,0,FALSE,reclustered_cones
mysample2_CCTCAACCAAGCGTAT-1_1,Gls,2.105764631809684,30dayS1,P35,Ctrl,P35_Ctrl,16,TRUE,reclustered_cones
mysample2_CCTCAACCAAGCGTAT-1_1,Gls2,0,30dayS1,P35,Ctrl,P35_Ctrl,0,FALSE,reclustered_cones
mysample2_CCTCAGCTCAGGACGA-1_1,Gls,1.828811299399807,30dayS1,P35,Ctrl,P35_Ctrl,12,TRUE,reclustered_cones
mysample2_CCTCAGCTCAGGACGA-1_1,Gls2,0,30dayS1,P35,Ctrl,P35_Ctrl,0,FALSE,reclustered_cones
mysample2_CCTCAGCTCCTCAATC-1_1,Gls,2.034711080864178,30dayS1,P35,Ctrl,P35_Ctrl,16,TRUE,reclustered_cones
mysample2_CCTCAGCTCCTCAATC-1_1,Gls2,0,30dayS1,P35,Ctrl,P35_Ctrl,0,FALSE,reclustered_cones
mysample2_CCTGTAAAGCCAGTAC-1_1,Gls,1.2353954394359643,30dayS1,P35,Ctrl,P35_Ctrl,5,TRUE,reclustered_cones
mysample2_CCTGTAAAGCCAGTAC-1_1,Gls2,0,30dayS1,P35,Ctrl,P35_Ctrl,0,FALSE,reclustered_cones
mysample2_CCTTGAGGTCTCACCT-1_1,Gls,2.562158302817158,30dayS1,P35,Ctrl,P35_Ctrl,7,TRUE,reclustered_cones
mysample2_CCTTGAGGTCTCACCT-1_1,Gls2,0,30dayS1,P35,Ctrl,P35_Ctrl,0,FALSE,reclustered_cones
mysample2_CGACAATCACTTACCA-1_1,Gls,2.26360702533964,30dayS1,P35,Ctrl,P35_Ctrl,20,TRUE,reclustered_cones
mysample2_CGACAATCACTTACCA-1_1,Gls2,0,30dayS1,P35,Ctrl,P35_Ctrl,0,FALSE,reclustered_cones
mysample2_CGAGCAAAGCCACGCA-1_1,Gls,1.2452251329553259,30dayS1,P35,Ctrl,P35_Ctrl,4,TRUE,reclustered_cones
mysample2_CGAGCAAAGCCACGCA-1_1,Gls2,0,30dayS1,P35,Ctrl,P35_Ctrl,0,FALSE,reclustered_cones
mysample2_CGATAGTCATGATCGG-1_1,Gls,1.80521862260206,30dayS1,P35,Ctrl,P35_Ctrl,6,TRUE,reclustered_cones
mysample2_CGATAGTCATGATCGG-1_1,Gls2,0,30dayS1,P35,Ctrl,P35_Ctrl,0,FALSE,reclustered_cones
mysample2_CGATCAGCAGCCTACT-1_1,Gls,2.36949668460545,30dayS1,P35,Ctrl,P35_Ctrl,18,TRUE,reclustered_cones
mysample2_CGATCAGCAGCCTACT-1_1,Gls2,0,30dayS1,P35,Ctrl,P35_Ctrl,0,FALSE,reclustered_cones
mysample2_CGCAAATCACAGGACC-1_1,Gls,2.0455619187962077,30dayS1,P35,Ctrl,P35_Ctrl,9,TRUE,reclustered_cones
mysample2_CGCAAATCACAGGACC-1_1,Gls2,0,30dayS1,P35,Ctrl,P35_Ctrl,0,FALSE,reclustered_cones
mysample2_CGCACCTTCGCTATGA-1_1,Gls,1.4639606418195272,30dayS1,P35,Ctrl,P35_Ctrl,7,TRUE,reclustered_cones
mysample2_CGCACCTTCGCTATGA-1_1,Gls2,0,30dayS1,P35,Ctrl,P35_Ctrl,0,FALSE,reclustered_cones
mysample2_CGCATATGTTGAAGTG-1_1,Gls,2.332556328653761,30dayS1,P35,Ctrl,P35_Ctrl,18,TRUE,reclustered_cones
mysample2_CGCATATGTTGAAGTG-1_1,Gls2,0,30dayS1,P35,Ctrl,P35_Ctrl,0,FALSE,reclustered_cones
mysample2_CGCCTGAAGCCCTACC-1_1,Gls,2.0239479250106114,30dayS1,P35,Ctrl,P35_Ctrl,4,TRUE,reclustered_cones
mysample2_CGCCTGAAGCCCTACC-1_1,Gls2,0,30dayS1,P35,Ctrl,P35_Ctrl,0,FALSE,reclustered_cones
mysample2_CGGAAAGTCCACGGAT-1_1,Gls,1.2835601566879797,30dayS1,P35,Ctrl,P35_Ctrl,5,TRUE,reclustered_cones
mysample2_CGGAAAGTCCACGGAT-1_1,Gls2,0,30dayS1,P35,Ctrl,P35_Ctrl,0,FALSE,reclustered_cones
mysample2_CGGGATGGTTCACCGA-1_1,Gls,2.5029612562343466,30dayS1,P35,Ctrl,P35_Ctrl,8,TRUE,reclustered_cones
mysample2_CGGGATGGTTCACCGA-1_1,Gls2,0,30dayS1,P35,Ctrl,P35_Ctrl,0,FALSE,reclustered_cones
mysample2_CGGTATTGTAGTCCTG-1_1,Gls,1.9162490937904368,30dayS1,P35,Ctrl,P35_Ctrl,14,TRUE,reclustered_cones
mysample2_CGGTATTGTAGTCCTG-1_1,Gls2,0,30dayS1,P35,Ctrl,P35_Ctrl,0,FALSE,reclustered_cones
mysample2_CGGTTAATCGATTGCA-1_1,Gls,2.433040117764731,30dayS1,P35,Ctrl,P35_Ctrl,7,TRUE,reclustered_cones
mysample2_CGGTTAATCGATTGCA-1_1,Gls2,0,30dayS1,P35,Ctrl,P35_Ctrl,0,FALSE,reclustered_cones
mysample2_CGGTTTCCACTTCGGT-1_1,Gls,2.4624290814835494,30dayS1,P35,Ctrl,P35_Ctrl,22,TRUE,reclustered_cones
mysample2_CGGTTTCCACTTCGGT-1_1,Gls2,0,30dayS1,P35,Ctrl,P35_Ctrl,0,FALSE,reclustered_cones
mysample2_CGTAAATTCGTAACTG-1_1,Gls,1.4617750170855848,30dayS1,P35,Ctrl,P35_Ctrl,7,TRUE,reclustered_cones
mysample2_CGTAAATTCGTAACTG-1_1,Gls2,0,30dayS1,P35,Ctrl,P35_Ctrl,0,FALSE,reclustered_cones
mysample2_CTACGAATCAGTAATC-1_1,Gls,0.9574520834978371,30dayS1,P35,Ctrl,P35_Ctrl,3,TRUE,reclustered_cones
mysample2_CTACGAATCAGTAATC-1_1,Gls2,0,30dayS1,P35,Ctrl,P35_Ctrl,0,FALSE,reclustered_cones
mysample2_CTACGATGTTAATCCA-1_1,Gls,0,30dayS1,P35,Ctrl,P35_Ctrl,0,FALSE,reclustered_cones
mysample2_CTACGATGTTAATCCA-1_1,Gls2,0,30dayS1,P35,Ctrl,P35_Ctrl,0,FALSE,reclustered_cones
mysample2_CTACGGACAGGCAATT-1_1,Gls,2.8191272890116834,30dayS1,P35,Ctrl,P35_Ctrl,7,TRUE,reclustered_cones
mysample2_CTACGGACAGGCAATT-1_1,Gls2,0,30dayS1,P35,Ctrl,P35_Ctrl,0,FALSE,reclustered_cones
mysample2_CTACGTCCAACCGTGA-1_1,Gls,1.598196236546778,30dayS1,P35,Ctrl,P35_Ctrl,7,TRUE,reclustered_cones
mysample2_CTACGTCCAACCGTGA-1_1,Gls2,0,30dayS1,P35,Ctrl,P35_Ctrl,0,FALSE,reclustered_cones
mysample2_CTCACATTCGCATGGT-1_1,Gls,2.0655608233206513,30dayS1,P35,Ctrl,P35_Ctrl,16,TRUE,reclustered_cones
mysample2_CTCACATTCGCATGGT-1_1,Gls2,0,30dayS1,P35,Ctrl,P35_Ctrl,0,FALSE,reclustered_cones
mysample2_CTCAGGTAGCGGGTAA-1_1,Gls,1.5575527814287842,30dayS1,P35,Ctrl,P35_Ctrl,6,TRUE,reclustered_cones
mysample2_CTCAGGTAGCGGGTAA-1_1,Gls2,0,30dayS1,P35,Ctrl,P35_Ctrl,0,FALSE,reclustered_cones
mysample2_CTCCTTAGTTCCGCAA-1_1,Gls,1.6414217645830318,30dayS1,P35,Ctrl,P35_Ctrl,10,TRUE,reclustered_cones
mysample2_CTCCTTAGTTCCGCAA-1_1,Gls2,0,30dayS1,P35,Ctrl,P35_Ctrl,0,FALSE,reclustered_cones
mysample2_CTCGACTCAGGTTGGC-1_1,Gls,3.4776909310284037,30dayS1,P35,Ctrl,P35_Ctrl,8,TRUE,reclustered_cones
mysample2_CTCGACTCAGGTTGGC-1_1,Gls2,0,30dayS1,P35,Ctrl,P35_Ctrl,0,FALSE,reclustered_cones
mysample2_CTCGGCAAGCAAGGGC-1_1,Gls,2.1381713806310563,30dayS1,P35,Ctrl,P35_Ctrl,10,TRUE,reclustered_cones
mysample2_CTCGGCAAGCAAGGGC-1_1,Gls2,0,30dayS1,P35,Ctrl,P35_Ctrl,0,FALSE,reclustered_cones
mysample2_CTGATATAGGTAACTT-1_1,Gls,2.0723657564843965,30dayS1,P35,Ctrl,P35_Ctrl,17,TRUE,reclustered_cones
mysample2_CTGATATAGGTAACTT-1_1,Gls2,0,30dayS1,P35,Ctrl,P35_Ctrl,0,FALSE,reclustered_cones
mysample2_CTGCATGGTCATTAGC-1_1,Gls,1.9408699880353981,30dayS1,P35,Ctrl,P35_Ctrl,12,TRUE,reclustered_cones
mysample2_CTGCATGGTCATTAGC-1_1,Gls2,0,30dayS1,P35,Ctrl,P35_Ctrl,0,FALSE,reclustered_cones
mysample2_CTGCCTTGTTCGGTTG-1_1,Gls,0,30dayS1,P35,Ctrl,P35_Ctrl,0,FALSE,reclustered_cones
mysample2_CTGCCTTGTTCGGTTG-1_1,Gls2,0,30dayS1,P35,Ctrl,P35_Ctrl,0,FALSE,reclustered_cones
mysample2_CTGTAAGTCCGCTGTC-1_1,Gls,1.6388758517139521,30dayS1,P35,Ctrl,P35_Ctrl,8,TRUE,reclustered_cones
mysample2_CTGTAAGTCCGCTGTC-1_1,Gls2,0,30dayS1,P35,Ctrl,P35_Ctrl,0,FALSE,reclustered_cones
mysample2_CTTACGAAGCATTGAT-1_1,Gls,2.1446677786388944,30dayS1,P35,Ctrl,P35_Ctrl,15,TRUE,reclustered_cones
mysample2_CTTACGAAGCATTGAT-1_1,Gls2,0,30dayS1,P35,Ctrl,P35_Ctrl,0,FALSE,reclustered_cones
mysample2_CTTACTTGTCAGCCTA-1_1,Gls,2.2394542400513964,30dayS1,P35,Ctrl,P35_Ctrl,20,TRUE,reclustered_cones
mysample2_CTTACTTGTCAGCCTA-1_1,Gls2,0,30dayS1,P35,Ctrl,P35_Ctrl,0,FALSE,reclustered_cones
mysample2_CTTCAGCCAATTAGCA-1_1,Gls,0,30dayS1,P35,Ctrl,P35_Ctrl,0,FALSE,reclustered_cones
mysample2_CTTCAGCCAATTAGCA-1_1,Gls2,0,30dayS1,P35,Ctrl,P35_Ctrl,0,FALSE,reclustered_cones
mysample2_CTTGCGGAGTAAGCAA-1_1,Gls,0.9258154800725984,30dayS1,P35,Ctrl,P35_Ctrl,4,TRUE,reclustered_cones
mysample2_CTTGCGGAGTAAGCAA-1_1,Gls2,0,30dayS1,P35,Ctrl,P35_Ctrl,0,FALSE,reclustered_cones
mysample2_GCAACGTTCGATCATG-1_1,Gls,3.130692324109889,30dayS1,P35,Ctrl,P35_Ctrl,6,TRUE,reclustered_cones
mysample2_GCAACGTTCGATCATG-1_1,Gls2,0,30dayS1,P35,Ctrl,P35_Ctrl,0,FALSE,reclustered_cones
mysample2_GCACGGTCACGCCATT-1_1,Gls,2.1692370151565883,30dayS1,P35,Ctrl,P35_Ctrl,18,TRUE,reclustered_cones
mysample2_GCACGGTCACGCCATT-1_1,Gls2,0,30dayS1,P35,Ctrl,P35_Ctrl,0,FALSE,reclustered_cones
mysample2_GCACTAATCAATGTAC-1_1,Gls,2.5065827167903385,30dayS1,P35,Ctrl,P35_Ctrl,30,TRUE,reclustered_cones
mysample2_GCACTAATCAATGTAC-1_1,Gls2,0,30dayS1,P35,Ctrl,P35_Ctrl,0,FALSE,reclustered_cones
mysample2_GCACTGACAGGTTCGA-1_1,Gls,1.9016776376819917,30dayS1,P35,Ctrl,P35_Ctrl,11,TRUE,reclustered_cones
mysample2_GCACTGACAGGTTCGA-1_1,Gls2,0,30dayS1,P35,Ctrl,P35_Ctrl,0,FALSE,reclustered_cones
mysample2_GCGAGGTAGCCTAGAC-1_1,Gls,1.4282954889237178,30dayS1,P35,Ctrl,P35_Ctrl,2,TRUE,reclustered_cones
mysample2_GCGAGGTAGCCTAGAC-1_1,Gls2,0,30dayS1,P35,Ctrl,P35_Ctrl,0,FALSE,reclustered_cones
mysample2_GCGATCCGTTGCCTCT-1_1,Gls,2.1023950430086695,30dayS1,P35,Ctrl,P35_Ctrl,14,TRUE,reclustered_cones
mysample2_GCGATCCGTTGCCTCT-1_1,Gls2,0,30dayS1,P35,Ctrl,P35_Ctrl,0,FALSE,reclustered_cones
mysample2_GCGATTCAGTGAATCT-1_1,Gls,1.7370098999780663,30dayS1,P35,Ctrl,P35_Ctrl,10,TRUE,reclustered_cones
mysample2_GCGATTCAGTGAATCT-1_1,Gls2,0,30dayS1,P35,Ctrl,P35_Ctrl,0,FALSE,reclustered_cones
mysample2_GCGGAGACACCTTAGC-1_1,Gls,1.465517094166696,30dayS1,P35,Ctrl,P35_Ctrl,5,TRUE,reclustered_cones
mysample2_GCGGAGACACCTTAGC-1_1,Gls2,0,30dayS1,P35,Ctrl,P35_Ctrl,0,FALSE,reclustered_cones
mysample2_GCGTCAACATCCAGAG-1_1,Gls,1.7618415457041792,30dayS1,P35,Ctrl,P35_Ctrl,12,TRUE,reclustered_cones
mysample2_GCGTCAACATCCAGAG-1_1,Gls2,0,30dayS1,P35,Ctrl,P35_Ctrl,0,FALSE,reclustered_cones
mysample2_GCGTCCTTCCTTAACC-1_1,Gls,1.6072548251621124,30dayS1,P35,Ctrl,P35_Ctrl,6,TRUE,reclustered_cones
mysample2_GCGTCCTTCCTTAACC-1_1,Gls2,0,30dayS1,P35,Ctrl,P35_Ctrl,0,FALSE,reclustered_cones
mysample2_GCTAGTTGTAGCTAAG-1_1,Gls,1.159977324570785,30dayS1,P35,Ctrl,P35_Ctrl,2,TRUE,reclustered_cones
mysample2_GCTAGTTGTAGCTAAG-1_1,Gls2,0,30dayS1,P35,Ctrl,P35_Ctrl,0,FALSE,reclustered_cones
mysample2_GCTATTGAGTTGCCTT-1_1,Gls,2.116649197844407,30dayS1,P35,Ctrl,P35_Ctrl,4,TRUE,reclustered_cones
mysample2_GCTATTGAGTTGCCTT-1_1,Gls2,0,30dayS1,P35,Ctrl,P35_Ctrl,0,FALSE,reclustered_cones
mysample2_GCTGTATGTCTAAGCT-1_1,Gls,1.941423601150613,30dayS1,P35,Ctrl,P35_Ctrl,12,TRUE,reclustered_cones
mysample2_GCTGTATGTCTAAGCT-1_1,Gls2,0,30dayS1,P35,Ctrl,P35_Ctrl,0,FALSE,reclustered_cones
mysample2_GGAGCATGTAGGTGCG-1_1,Gls,2.293211527420861,30dayS1,P35,Ctrl,P35_Ctrl,16,TRUE,reclustered_cones
mysample2_GGAGCATGTAGGTGCG-1_1,Gls2,0,30dayS1,P35,Ctrl,P35_Ctrl,0,FALSE,reclustered_cones
mysample2_GGATCGTTCAGTGCGT-1_1,Gls,0.9288162926632492,30dayS1,P35,Ctrl,P35_Ctrl,2,TRUE,reclustered_cones
mysample2_GGATCGTTCAGTGCGT-1_1,Gls2,0,30dayS1,P35,Ctrl,P35_Ctrl,0,FALSE,reclustered_cones
mysample2_GGCAAGGCAAGGGAAC-1_1,Gls,2.1950231650584233,30dayS1,P35,Ctrl,P35_Ctrl,10,TRUE,reclustered_cones
mysample2_GGCAAGGCAAGGGAAC-1_1,Gls2,0,30dayS1,P35,Ctrl,P35_Ctrl,0,FALSE,reclustered_cones
mysample2_GGCAATTCACCAACCT-1_1,Gls,1.2973468751033945,30dayS1,P35,Ctrl,P35_Ctrl,1,TRUE,reclustered_cones
mysample2_GGCAATTCACCAACCT-1_1,Gls2,0,30dayS1,P35,Ctrl,P35_Ctrl,0,FALSE,reclustered_cones
mysample2_GGCACCTGTCAAGTGA-1_1,Gls,1.5519849154506207,30dayS1,P35,Ctrl,P35_Ctrl,7,TRUE,reclustered_cones
mysample2_GGCACCTGTCAAGTGA-1_1,Gls2,0,30dayS1,P35,Ctrl,P35_Ctrl,0,FALSE,reclustered_cones
mysample2_GGCACCTGTGCGCAGA-1_1,Gls,2.2718855498992316,30dayS1,P35,Ctrl,P35_Ctrl,15,TRUE,reclustered_cones
mysample2_GGCACCTGTGCGCAGA-1_1,Gls2,0,30dayS1,P35,Ctrl,P35_Ctrl,0,FALSE,reclustered_cones
mysample2_GGCATTCAGCATGAGG-1_1,Gls,1.8387568851054712,30dayS1,P35,Ctrl,P35_Ctrl,11,TRUE,reclustered_cones
mysample2_GGCATTCAGCATGAGG-1_1,Gls2,0,30dayS1,P35,Ctrl,P35_Ctrl,0,FALSE,reclustered_cones
mysample2_GGCCGTTGTAACCACT-1_1,Gls,1.5013319413000645,30dayS1,P35,Ctrl,P35_Ctrl,8,TRUE,reclustered_cones
mysample2_GGCCGTTGTAACCACT-1_1,Gls2,0,30dayS1,P35,Ctrl,P35_Ctrl,0,FALSE,reclustered_cones
mysample2_GGCGACTCAGGAAGCG-1_1,Gls,0.9043687482537638,30dayS1,P35,Ctrl,P35_Ctrl,2,TRUE,reclustered_cones
mysample2_GGCGACTCAGGAAGCG-1_1,Gls2,0,30dayS1,P35,Ctrl,P35_Ctrl,0,FALSE,reclustered_cones
mysample2_GGCGTGAGTAGCGACG-1_1,Gls,2.6713136139487834,30dayS1,P35,Ctrl,P35_Ctrl,6,TRUE,reclustered_cones
mysample2_GGCGTGAGTAGCGACG-1_1,Gls2,0,30dayS1,P35,Ctrl,P35_Ctrl,0,FALSE,reclustered_cones
mysample2_GGCTGAAAGGGTCCAT-1_1,Gls,1.8606755770702308,30dayS1,P35,Ctrl,P35_Ctrl,11,TRUE,reclustered_cones
mysample2_GGCTGAAAGGGTCCAT-1_1,Gls2,0,30dayS1,P35,Ctrl,P35_Ctrl,0,FALSE,reclustered_cones
mysample2_GGCTGACCATTGGAAC-1_1,Gls,1.6408849845652413,30dayS1,P35,Ctrl,P35_Ctrl,1,TRUE,reclustered_cones
mysample2_GGCTGACCATTGGAAC-1_1,Gls2,0,30dayS1,P35,Ctrl,P35_Ctrl,0,FALSE,reclustered_cones
mysample2_GGGATATAGATTCGTG-1_1,Gls,1.8372543005341058,30dayS1,P35,Ctrl,P35_Ctrl,5,TRUE,reclustered_cones
mysample2_GGGATATAGATTCGTG-1_1,Gls2,0,30dayS1,P35,Ctrl,P35_Ctrl,0,FALSE,reclustered_cones
mysample2_GGGCAGACATGGTCGA-1_1,Gls,2.1087326438499177,30dayS1,P35,Ctrl,P35_Ctrl,11,TRUE,reclustered_cones
mysample2_GGGCAGACATGGTCGA-1_1,Gls2,0,30dayS1,P35,Ctrl,P35_Ctrl,0,FALSE,reclustered_cones
mysample2_GGGCATGGTCCCGAGT-1_1,Gls,1.903168315856489,30dayS1,P35,Ctrl,P35_Ctrl,10,TRUE,reclustered_cones
mysample2_GGGCATGGTCCCGAGT-1_1,Gls2,0,30dayS1,P35,Ctrl,P35_Ctrl,0,FALSE,reclustered_cones
mysample2_GGGCATTTCCGCACTC-1_1,Gls,1.3254710600876716,30dayS1,P35,Ctrl,P35_Ctrl,1,TRUE,reclustered_cones
mysample2_GGGCATTTCCGCACTC-1_1,Gls2,0,30dayS1,P35,Ctrl,P35_Ctrl,0,FALSE,reclustered_cones
mysample2_GGGTTGAAGCATGTAT-1_1,Gls,2.0264458608298646,30dayS1,P35,Ctrl,P35_Ctrl,8,TRUE,reclustered_cones
mysample2_GGGTTGAAGCATGTAT-1_1,Gls2,0,30dayS1,P35,Ctrl,P35_Ctrl,0,FALSE,reclustered_cones
mysample2_GGTACTTGTGACTCCA-1_1,Gls,2.732601164613772,30dayS1,P35,Ctrl,P35_Ctrl,33,TRUE,reclustered_cones
mysample2_GGTACTTGTGACTCCA-1_1,Gls2,0,30dayS1,P35,Ctrl,P35_Ctrl,0,FALSE,reclustered_cones
mysample2_GGTCCTGAGTAGTCTG-1_1,Gls,2.0547493543944597,30dayS1,P35,Ctrl,P35_Ctrl,15,TRUE,reclustered_cones
mysample2_GGTCCTGAGTAGTCTG-1_1,Gls2,0,30dayS1,P35,Ctrl,P35_Ctrl,0,FALSE,reclustered_cones
mysample2_GGTCTCCTCGTGAGTC-1_1,Gls,1.7846697991138674,30dayS1,P35,Ctrl,P35_Ctrl,10,TRUE,reclustered_cones
mysample2_GGTCTCCTCGTGAGTC-1_1,Gls2,0,30dayS1,P35,Ctrl,P35_Ctrl,0,FALSE,reclustered_cones
mysample2_GGTGCGAGTGAGCAGT-1_1,Gls,1.563395950375472,30dayS1,P35,Ctrl,P35_Ctrl,5,TRUE,reclustered_cones
mysample2_GGTGCGAGTGAGCAGT-1_1,Gls2,0,30dayS1,P35,Ctrl,P35_Ctrl,0,FALSE,reclustered_cones
mysample2_GGTGTCCGTTAGCACT-1_1,Gls,1.5837029287233872,30dayS1,P35,Ctrl,P35_Ctrl,1,TRUE,reclustered_cones
mysample2_GGTGTCCGTTAGCACT-1_1,Gls2,0,30dayS1,P35,Ctrl,P35_Ctrl,0,FALSE,reclustered_cones
mysample2_GGTTAGCTCGATTGCA-1_1,Gls,1.5656755495430326,30dayS1,P35,Ctrl,P35_Ctrl,8,TRUE,reclustered_cones
mysample2_GGTTAGCTCGATTGCA-1_1,Gls2,0,30dayS1,P35,Ctrl,P35_Ctrl,0,FALSE,reclustered_cones
mysample2_GTAACGGAGTGCCCGA-1_1,Gls,1.6402146089984386,30dayS1,P35,Ctrl,P35_Ctrl,1,TRUE,reclustered_cones
mysample2_GTAACGGAGTGCCCGA-1_1,Gls2,0,30dayS1,P35,Ctrl,P35_Ctrl,0,FALSE,reclustered_cones
mysample2_GTAATTCAGCTATACG-1_1,Gls,1.8827995171166734,30dayS1,P35,Ctrl,P35_Ctrl,11,TRUE,reclustered_cones
mysample2_GTAATTCAGCTATACG-1_1,Gls2,0,30dayS1,P35,Ctrl,P35_Ctrl,0,FALSE,reclustered_cones
mysample2_GTACACGCACAGCGGT-1_1,Gls,1.4005315295814924,30dayS1,P35,Ctrl,P35_Ctrl,5,TRUE,reclustered_cones
mysample2_GTACACGCACAGCGGT-1_1,Gls2,0,30dayS1,P35,Ctrl,P35_Ctrl,0,FALSE,reclustered_cones
mysample2_GTATCGATCTGTGCGG-1_1,Gls,1.9117573452139913,30dayS1,P35,Ctrl,P35_Ctrl,13,TRUE,reclustered_cones
mysample2_GTATCGATCTGTGCGG-1_1,Gls2,0,30dayS1,P35,Ctrl,P35_Ctrl,0,FALSE,reclustered_cones
mysample2_GTATGCATCGTGCGAT-1_1,Gls,1.6464411062833582,30dayS1,P35,Ctrl,P35_Ctrl,2,TRUE,reclustered_cones
mysample2_GTATGCATCGTGCGAT-1_1,Gls2,0,30dayS1,P35,Ctrl,P35_Ctrl,0,FALSE,reclustered_cones
mysample2_GTCAATTAGGTTGGAG-1_1,Gls,1.8987864451080856,30dayS1,P35,Ctrl,P35_Ctrl,8,TRUE,reclustered_cones
mysample2_GTCAATTAGGTTGGAG-1_1,Gls2,0,30dayS1,P35,Ctrl,P35_Ctrl,0,FALSE,reclustered_cones
mysample2_GTCATAGTCACATGGC-1_1,Gls,2.1691035233595217,30dayS1,P35,Ctrl,P35_Ctrl,4,TRUE,reclustered_cones
mysample2_GTCATAGTCACATGGC-1_1,Gls2,0,30dayS1,P35,Ctrl,P35_Ctrl,0,FALSE,reclustered_cones
mysample2_GTCCCGTTCCAGATGC-1_1,Gls,1.8265283053895018,30dayS1,P35,Ctrl,P35_Ctrl,11,TRUE,reclustered_cones
mysample2_GTCCCGTTCCAGATGC-1_1,Gls2,0,30dayS1,P35,Ctrl,P35_Ctrl,0,FALSE,reclustered_cones
mysample2_GTCCGAACATGCTACC-1_1,Gls,1.329749015460062,30dayS1,P35,Ctrl,P35_Ctrl,1,TRUE,reclustered_cones
mysample2_GTCCGAACATGCTACC-1_1,Gls2,0,30dayS1,P35,Ctrl,P35_Ctrl,0,FALSE,reclustered_cones
mysample2_GTCCGCAAGCAGTTCA-1_1,Gls,1.5443767964291641,30dayS1,P35,Ctrl,P35_Ctrl,9,TRUE,reclustered_cones
mysample2_GTCCGCAAGCAGTTCA-1_1,Gls2,0,30dayS1,P35,Ctrl,P35_Ctrl,0,FALSE,reclustered_cones
mysample2_GTCCTAAAGGAGCCAA-1_1,Gls,2.1708215574285155,30dayS1,P35,Ctrl,P35_Ctrl,4,TRUE,reclustered_cones
mysample2_GTCCTAAAGGAGCCAA-1_1,Gls2,0,30dayS1,P35,Ctrl,P35_Ctrl,0,FALSE,reclustered_cones
mysample2_GTCGACTAGTAAGTTC-1_1,Gls,1.951490026862963,30dayS1,P35,Ctrl,P35_Ctrl,7,TRUE,reclustered_cones
mysample2_GTCGACTAGTAAGTTC-1_1,Gls2,0,30dayS1,P35,Ctrl,P35_Ctrl,0,FALSE,reclustered_cones
mysample2_GTGGAGGCAAACCAGT-1_1,Gls,1.5417296483593141,30dayS1,P35,Ctrl,P35_Ctrl,11,TRUE,reclustered_cones
mysample2_GTGGAGGCAAACCAGT-1_1,Gls2,0,30dayS1,P35,Ctrl,P35_Ctrl,0,FALSE,reclustered_cones
mysample2_GTGGTAAGTGCGAGTG-1_1,Gls,1.1777384826032793,30dayS1,P35,Ctrl,P35_Ctrl,3,TRUE,reclustered_cones
mysample2_GTGGTAAGTGCGAGTG-1_1,Gls2,0,30dayS1,P35,Ctrl,P35_Ctrl,0,FALSE,reclustered_cones
mysample2_GTGGTAAGTGCGATGG-1_1,Gls,2.125207049092521,30dayS1,P35,Ctrl,P35_Ctrl,2,TRUE,reclustered_cones
mysample2_GTGGTAAGTGCGATGG-1_1,Gls2,0,30dayS1,P35,Ctrl,P35_Ctrl,0,FALSE,reclustered_cones
mysample2_GTGGTTATCCGTATGA-1_1,Gls,2.5105920372654937,30dayS1,P35,Ctrl,P35_Ctrl,19,TRUE,reclustered_cones
mysample2_GTGGTTATCCGTATGA-1_1,Gls2,0,30dayS1,P35,Ctrl,P35_Ctrl,0,FALSE,reclustered_cones
mysample2_GTGTGGTTCCTGATTC-1_1,Gls,1.7222049669607984,30dayS1,P35,Ctrl,P35_Ctrl,5,TRUE,reclustered_cones
mysample2_GTGTGGTTCCTGATTC-1_1,Gls2,0,30dayS1,P35,Ctrl,P35_Ctrl,0,FALSE,reclustered_cones
mysample2_GTTCAGGCACTCGGAA-1_1,Gls,1.7632544807119355,30dayS1,P35,Ctrl,P35_Ctrl,10,TRUE,reclustered_cones
mysample2_GTTCAGGCACTCGGAA-1_1,Gls2,0,30dayS1,P35,Ctrl,P35_Ctrl,0,FALSE,reclustered_cones
mysample2_GTTCGATGTGCGGTGA-1_1,Gls,3.093431940755697,30dayS1,P35,Ctrl,P35_Ctrl,8,TRUE,reclustered_cones
mysample2_GTTCGATGTGCGGTGA-1_1,Gls2,0,30dayS1,P35,Ctrl,P35_Ctrl,0,FALSE,reclustered_cones
mysample2_TAAACCACATCCTGCG-1_1,Gls,2.336580098246731,30dayS1,P35,Ctrl,P35_Ctrl,2,TRUE,reclustered_cones
mysample2_TAAACCACATCCTGCG-1_1,Gls2,0,30dayS1,P35,Ctrl,P35_Ctrl,0,FALSE,reclustered_cones
mysample2_TAACACTAGCTAGATT-1_1,Gls,1.3903429801128329,30dayS1,P35,Ctrl,P35_Ctrl,5,TRUE,reclustered_cones
mysample2_TAACACTAGCTAGATT-1_1,Gls2,0,30dayS1,P35,Ctrl,P35_Ctrl,0,FALSE,reclustered_cones
mysample2_TAACCAACAATTCATC-1_1,Gls,1.978064531443376,30dayS1,P35,Ctrl,P35_Ctrl,13,TRUE,reclustered_cones
mysample2_TAACCAACAATTCATC-1_1,Gls2,0,30dayS1,P35,Ctrl,P35_Ctrl,0,FALSE,reclustered_cones
mysample2_TAAGCAGGTTCCTTGC-1_1,Gls,2.108941679948734,30dayS1,P35,Ctrl,P35_Ctrl,13,TRUE,reclustered_cones
mysample2_TAAGCAGGTTCCTTGC-1_1,Gls2,0,30dayS1,P35,Ctrl,P35_Ctrl,0,FALSE,reclustered_cones
mysample2_TAAGGATGTAGCGAGT-1_1,Gls,1.7255295376340123,30dayS1,P35,Ctrl,P35_Ctrl,13,TRUE,reclustered_cones
mysample2_TAAGGATGTAGCGAGT-1_1,Gls2,0,30dayS1,P35,Ctrl,P35_Ctrl,0,FALSE,reclustered_cones
mysample2_TAAGGGGTCAGGTCGT-1_1,Gls,1.8329175417215624,30dayS1,P35,Ctrl,P35_Ctrl,7,TRUE,reclustered_cones
mysample2_TAAGGGGTCAGGTCGT-1_1,Gls2,0,30dayS1,P35,Ctrl,P35_Ctrl,0,FALSE,reclustered_cones
mysample2_TACACTTCACTCGCCA-1_1,Gls,1.8023373142935593,30dayS1,P35,Ctrl,P35_Ctrl,10,TRUE,reclustered_cones
mysample2_TACACTTCACTCGCCA-1_1,Gls2,0,30dayS1,P35,Ctrl,P35_Ctrl,0,FALSE,reclustered_cones
mysample2_TACAGGGAGCGAACCT-1_1,Gls,1.7282816492168838,30dayS1,P35,Ctrl,P35_Ctrl,8,TRUE,reclustered_cones
mysample2_TACAGGGAGCGAACCT-1_1,Gls2,0,30dayS1,P35,Ctrl,P35_Ctrl,0,FALSE,reclustered_cones
mysample2_TACATCCTCGCATACA-1_1,Gls,2.8364820911717312,30dayS1,P35,Ctrl,P35_Ctrl,18,TRUE,reclustered_cones
mysample2_TACATCCTCGCATACA-1_1,Gls2,0,30dayS1,P35,Ctrl,P35_Ctrl,0,FALSE,reclustered_cones
mysample2_TACCCATTCTCATCCG-1_1,Gls,2.473389604037313,30dayS1,P35,Ctrl,P35_Ctrl,22,TRUE,reclustered_cones
mysample2_TACCCATTCTCATCCG-1_1,Gls2,0,30dayS1,P35,Ctrl,P35_Ctrl,0,FALSE,reclustered_cones
mysample2_TACCCCTGTCTAGAGA-1_1,Gls,2.3921575026327364,30dayS1,P35,Ctrl,P35_Ctrl,3,TRUE,reclustered_cones
mysample2_TACCCCTGTCTAGAGA-1_1,Gls2,0,30dayS1,P35,Ctrl,P35_Ctrl,0,FALSE,reclustered_cones
mysample2_TACTATGGTTCGGCTA-1_1,Gls,2.018725890208074,30dayS1,P35,Ctrl,P35_Ctrl,13,TRUE,reclustered_cones
mysample2_TACTATGGTTCGGCTA-1_1,Gls2,0,30dayS1,P35,Ctrl,P35_Ctrl,0,FALSE,reclustered_cones
mysample2_TACTCGCCACTAGCCT-1_1,Gls,1.4954638129385445,30dayS1,P35,Ctrl,P35_Ctrl,3,TRUE,reclustered_cones
mysample2_TACTCGCCACTAGCCT-1_1,Gls2,0,30dayS1,P35,Ctrl,P35_Ctrl,0,FALSE,reclustered_cones
mysample2_TAGCCACAGGTACTTG-1_1,Gls,2.169046319451411,30dayS1,P35,Ctrl,P35_Ctrl,15,TRUE,reclustered_cones
mysample2_TAGCCACAGGTACTTG-1_1,Gls2,0,30dayS1,P35,Ctrl,P35_Ctrl,0,FALSE,reclustered_cones
mysample2_TAGGCTGCAAGGGATA-1_1,Gls,1.180988011280853,30dayS1,P35,Ctrl,P35_Ctrl,4,TRUE,reclustered_cones
mysample2_TAGGCTGCAAGGGATA-1_1,Gls2,0,30dayS1,P35,Ctrl,P35_Ctrl,0,FALSE,reclustered_cones
mysample2_TAGGTGGAGCAAGGTG-1_1,Gls,1.2090679187352564,30dayS1,P35,Ctrl,P35_Ctrl,3,TRUE,reclustered_cones
mysample2_TAGGTGGAGCAAGGTG-1_1,Gls2,0,30dayS1,P35,Ctrl,P35_Ctrl,0,FALSE,reclustered_cones
mysample2_TAGTTTCCAACTTCAT-1_1,Gls,1.7125045627184816,30dayS1,P35,Ctrl,P35_Ctrl,11,TRUE,reclustered_cones
mysample2_TAGTTTCCAACTTCAT-1_1,Gls2,0,30dayS1,P35,Ctrl,P35_Ctrl,0,FALSE,reclustered_cones
mysample2_TATACTGGTAACCGAA-1_1,Gls,2.3414913276639195,30dayS1,P35,Ctrl,P35_Ctrl,5,TRUE,reclustered_cones
mysample2_TATACTGGTAACCGAA-1_1,Gls2,0,30dayS1,P35,Ctrl,P35_Ctrl,0,FALSE,reclustered_cones
mysample2_TATAGTCAGTAGAGGT-1_1,Gls,1.5889179088362817,30dayS1,P35,Ctrl,P35_Ctrl,8,TRUE,reclustered_cones
mysample2_TATAGTCAGTAGAGGT-1_1,Gls2,0,30dayS1,P35,Ctrl,P35_Ctrl,0,FALSE,reclustered_cones
mysample2_TCATCATCATTAGCGG-1_1,Gls,1.5471847463240622,30dayS1,P35,Ctrl,P35_Ctrl,1,TRUE,reclustered_cones
mysample2_TCATCATCATTAGCGG-1_1,Gls2,0,30dayS1,P35,Ctrl,P35_Ctrl,0,FALSE,reclustered_cones
mysample2_TCATCGAAGTGCGGAA-1_1,Gls,1.8823333958271813,30dayS1,P35,Ctrl,P35_Ctrl,7,TRUE,reclustered_cones
mysample2_TCATCGAAGTGCGGAA-1_1,Gls2,0,30dayS1,P35,Ctrl,P35_Ctrl,0,FALSE,reclustered_cones
mysample2_TCATCTATCAGGCACT-1_1,Gls,2.0457196479578936,30dayS1,P35,Ctrl,P35_Ctrl,19,TRUE,reclustered_cones
mysample2_TCATCTATCAGGCACT-1_1,Gls2,0,30dayS1,P35,Ctrl,P35_Ctrl,0,FALSE,reclustered_cones
mysample2_TCCAATTCAATCTCCA-1_1,Gls,2.135973850589248,30dayS1,P35,Ctrl,P35_Ctrl,15,TRUE,reclustered_cones
mysample2_TCCAATTCAATCTCCA-1_1,Gls2,0,30dayS1,P35,Ctrl,P35_Ctrl,0,FALSE,reclustered_cones
mysample2_TCCACCGCATCACTCA-1_1,Gls,1.9623749924050384,30dayS1,P35,Ctrl,P35_Ctrl,18,TRUE,reclustered_cones
mysample2_TCCACCGCATCACTCA-1_1,Gls2,0,30dayS1,P35,Ctrl,P35_Ctrl,0,FALSE,reclustered_cones
mysample2_TCCAGGCGTTGTCAGT-1_1,Gls,2.081821138945467,30dayS1,P35,Ctrl,P35_Ctrl,13,TRUE,reclustered_cones
mysample2_TCCAGGCGTTGTCAGT-1_1,Gls2,0,30dayS1,P35,Ctrl,P35_Ctrl,0,FALSE,reclustered_cones
mysample2_TCCAGTTTCGTACCAA-1_1,Gls,1.9246992811867205,30dayS1,P35,Ctrl,P35_Ctrl,2,TRUE,reclustered_cones
mysample2_TCCAGTTTCGTACCAA-1_1,Gls2,0,30dayS1,P35,Ctrl,P35_Ctrl,0,FALSE,reclustered_cones
mysample2_TCCCTGATCCCATGAA-1_1,Gls,1.6714083440343037,30dayS1,P35,Ctrl,P35_Ctrl,1,TRUE,reclustered_cones
mysample2_TCCCTGATCCCATGAA-1_1,Gls2,0,30dayS1,P35,Ctrl,P35_Ctrl,0,FALSE,reclustered_cones
mysample2_TCGACCAGTCAACGGG-1_1,Gls,2.3182132504308184,30dayS1,P35,Ctrl,P35_Ctrl,3,TRUE,reclustered_cones
mysample2_TCGACCAGTCAACGGG-1_1,Gls2,0,30dayS1,P35,Ctrl,P35_Ctrl,0,FALSE,reclustered_cones
mysample2_TCGATTGAGGTACTAT-1_1,Gls,0,30dayS1,P35,Ctrl,P35_Ctrl,0,FALSE,reclustered_cones
mysample2_TCGATTGAGGTACTAT-1_1,Gls2,0,30dayS1,P35,Ctrl,P35_Ctrl,0,FALSE,reclustered_cones
mysample2_TCGCGATAGTAACGGG-1_1,Gls,1.6479643661163565,30dayS1,P35,Ctrl,P35_Ctrl,3,TRUE,reclustered_cones
mysample2_TCGCGATAGTAACGGG-1_1,Gls2,0,30dayS1,P35,Ctrl,P35_Ctrl,0,FALSE,reclustered_cones
mysample2_TCGGCCAAGCCATCAA-1_1,Gls,2.2463411830498017,30dayS1,P35,Ctrl,P35_Ctrl,21,TRUE,reclustered_cones
mysample2_TCGGCCAAGCCATCAA-1_1,Gls2,0,30dayS1,P35,Ctrl,P35_Ctrl,0,FALSE,reclustered_cones
mysample2_TCGGCTAGTTTGGGCC-1_1,Gls,0,30dayS1,P35,Ctrl,P35_Ctrl,0,FALSE,reclustered_cones
mysample2_TCGGCTAGTTTGGGCC-1_1,Gls2,0,30dayS1,P35,Ctrl,P35_Ctrl,0,FALSE,reclustered_cones
mysample2_TCGTGGACAACGGTGC-1_1,Gls,1.7313510981729716,30dayS1,P35,Ctrl,P35_Ctrl,3,TRUE,reclustered_cones
mysample2_TCGTGGACAACGGTGC-1_1,Gls2,0,30dayS1,P35,Ctrl,P35_Ctrl,0,FALSE,reclustered_cones
mysample2_TCGTTTGCACTAATCT-1_1,Gls,1.7072891119255806,30dayS1,P35,Ctrl,P35_Ctrl,9,TRUE,reclustered_cones
mysample2_TCGTTTGCACTAATCT-1_1,Gls2,0,30dayS1,P35,Ctrl,P35_Ctrl,0,FALSE,reclustered_cones
mysample2_TCTAGTGAGGGTTAGG-1_1,Gls,1.712513024678759,30dayS1,P35,Ctrl,P35_Ctrl,8,TRUE,reclustered_cones
mysample2_TCTAGTGAGGGTTAGG-1_1,Gls2,0,30dayS1,P35,Ctrl,P35_Ctrl,0,FALSE,reclustered_cones
mysample2_TCTCTCCTCCCCATAT-1_1,Gls,2.1339762783383436,30dayS1,P35,Ctrl,P35_Ctrl,14,TRUE,reclustered_cones
mysample2_TCTCTCCTCCCCATAT-1_1,Gls2,0,30dayS1,P35,Ctrl,P35_Ctrl,0,FALSE,reclustered_cones
mysample2_TCTGGTAAGGTTCACA-1_1,Gls,1.6753738821618944,30dayS1,P35,Ctrl,P35_Ctrl,11,TRUE,reclustered_cones
mysample2_TCTGGTAAGGTTCACA-1_1,Gls2,0,30dayS1,P35,Ctrl,P35_Ctrl,0,FALSE,reclustered_cones
mysample2_TGACATTAGGATCCGT-1_1,Gls,1.8372838913221765,30dayS1,P35,Ctrl,P35_Ctrl,15,TRUE,reclustered_cones
mysample2_TGACATTAGGATCCGT-1_1,Gls2,0,30dayS1,P35,Ctrl,P35_Ctrl,0,FALSE,reclustered_cones
mysample2_TGAGATGGTAATCCCG-1_1,Gls,1.405773976440903,30dayS1,P35,Ctrl,P35_Ctrl,7,TRUE,reclustered_cones
mysample2_TGAGATGGTAATCCCG-1_1,Gls2,0,30dayS1,P35,Ctrl,P35_Ctrl,0,FALSE,reclustered_cones
mysample2_TGAGCGAAGTCAACTG-1_1,Gls,1.6685497621899725,30dayS1,P35,Ctrl,P35_Ctrl,6,TRUE,reclustered_cones
mysample2_TGAGCGAAGTCAACTG-1_1,Gls2,0,30dayS1,P35,Ctrl,P35_Ctrl,0,FALSE,reclustered_cones
mysample2_TGCCGAACAAGCTAAC-1_1,Gls,1.704277797477633,30dayS1,P35,Ctrl,P35_Ctrl,12,TRUE,reclustered_cones
mysample2_TGCCGAACAAGCTAAC-1_1,Gls2,0,30dayS1,P35,Ctrl,P35_Ctrl,0,FALSE,reclustered_cones
mysample2_TGCGACTAGGCGAAGC-1_1,Gls,1.585072429708797,30dayS1,P35,Ctrl,P35_Ctrl,9,TRUE,reclustered_cones
mysample2_TGCGACTAGGCGAAGC-1_1,Gls2,0,30dayS1,P35,Ctrl,P35_Ctrl,0,FALSE,reclustered_cones
mysample2_TGCTTAGAGTGGCCTG-1_1,Gls,1.857963764837379,30dayS1,P35,Ctrl,P35_Ctrl,10,TRUE,reclustered_cones
mysample2_TGCTTAGAGTGGCCTG-1_1,Gls2,0,30dayS1,P35,Ctrl,P35_Ctrl,0,FALSE,reclustered_cones
mysample2_TGGCACTAGTAGCTTG-1_1,Gls,1.7110651139611859,30dayS1,P35,Ctrl,P35_Ctrl,7,TRUE,reclustered_cones
mysample2_TGGCACTAGTAGCTTG-1_1,Gls2,0,30dayS1,P35,Ctrl,P35_Ctrl,0,FALSE,reclustered_cones
mysample2_TGGCGGTCATTAAGTG-1_1,Gls,1.9793868117379925,30dayS1,P35,Ctrl,P35_Ctrl,11,TRUE,reclustered_cones
mysample2_TGGCGGTCATTAAGTG-1_1,Gls2,0,30dayS1,P35,Ctrl,P35_Ctrl,0,FALSE,reclustered_cones
mysample2_TGGGCGAGTCTCCAGA-1_1,Gls,2.0784359420922733,30dayS1,P35,Ctrl,P35_Ctrl,14,TRUE,reclustered_cones
mysample2_TGGGCGAGTCTCCAGA-1_1,Gls2,0,30dayS1,P35,Ctrl,P35_Ctrl,0,FALSE,reclustered_cones
mysample2_TGGTTATAGTTAGTCG-1_1,Gls,2.117581187713984,30dayS1,P35,Ctrl,P35_Ctrl,15,TRUE,reclustered_cones
mysample2_TGGTTATAGTTAGTCG-1_1,Gls2,0,30dayS1,P35,Ctrl,P35_Ctrl,0,FALSE,reclustered_cones
mysample2_TGTAATGCACCTAATT-1_1,Gls,1.9189228878654656,30dayS1,P35,Ctrl,P35_Ctrl,10,TRUE,reclustered_cones
mysample2_TGTAATGCACCTAATT-1_1,Gls2,0,30dayS1,P35,Ctrl,P35_Ctrl,0,FALSE,reclustered_cones
mysample2_TGTACTGAGGTGCAGA-1_1,Gls,1.7951424647738414,30dayS1,P35,Ctrl,P35_Ctrl,10,TRUE,reclustered_cones
mysample2_TGTACTGAGGTGCAGA-1_1,Gls2,0,30dayS1,P35,Ctrl,P35_Ctrl,0,FALSE,reclustered_cones
mysample2_TGTATGACACATACGG-1_1,Gls,1.9731078142998264,30dayS1,P35,Ctrl,P35_Ctrl,11,TRUE,reclustered_cones
mysample2_TGTATGACACATACGG-1_1,Gls2,0,30dayS1,P35,Ctrl,P35_Ctrl,0,FALSE,reclustered_cones
mysample2_TGTCCCATCAGCTATG-1_1,Gls,2.8496552881458914,30dayS1,P35,Ctrl,P35_Ctrl,11,TRUE,reclustered_cones
mysample2_TGTCCCATCAGCTATG-1_1,Gls2,0,30dayS1,P35,Ctrl,P35_Ctrl,0,FALSE,reclustered_cones
mysample2_AACACCATCGTGAATT-1_2,Gls,0,30dayS2,P35,KO,P35_KO,0,FALSE,reclustered_cones
mysample2_AACACCATCGTGAATT-1_2,Gls2,0,30dayS2,P35,KO,P35_KO,0,FALSE,reclustered_cones
mysample2_AACGGCGGTTAAGGTG-1_2,Gls,0,30dayS2,P35,KO,P35_KO,0,FALSE,reclustered_cones
mysample2_AACGGCGGTTAAGGTG-1_2,Gls2,0,30dayS2,P35,KO,P35_KO,0,FALSE,reclustered_cones
mysample2_AAGTTGGGTATGTGCT-1_2,Gls,0,30dayS2,P35,KO,P35_KO,0,FALSE,reclustered_cones
mysample2_AAGTTGGGTATGTGCT-1_2,Gls2,0,30dayS2,P35,KO,P35_KO,0,FALSE,reclustered_cones
mysample2_AATCCCAAGTTGGGCT-1_2,Gls,0,30dayS2,P35,KO,P35_KO,0,FALSE,reclustered_cones
mysample2_AATCCCAAGTTGGGCT-1_2,Gls2,0,30dayS2,P35,KO,P35_KO,0,FALSE,reclustered_cones
mysample2_AATCGGCTCCTGTCCA-1_2,Gls,0,30dayS2,P35,KO,P35_KO,0,FALSE,reclustered_cones
mysample2_AATCGGCTCCTGTCCA-1_2,Gls2,0,30dayS2,P35,KO,P35_KO,0,FALSE,reclustered_cones
mysample2_AATGCCTGTAACCGAA-1_2,Gls,0,30dayS2,P35,KO,P35_KO,0,FALSE,reclustered_cones
mysample2_AATGCCTGTAACCGAA-1_2,Gls2,0,30dayS2,P35,KO,P35_KO,0,FALSE,reclustered_cones
mysample2_ACACGGGGTCAATTCA-1_2,Gls,0,30dayS2,P35,KO,P35_KO,0,FALSE,reclustered_cones
mysample2_ACACGGGGTCAATTCA-1_2,Gls2,0,30dayS2,P35,KO,P35_KO,0,FALSE,reclustered_cones
mysample2_ACATCCCCAAGCGCGT-1_2,Gls,0,30dayS2,P35,KO,P35_KO,0,FALSE,reclustered_cones
mysample2_ACATCCCCAAGCGCGT-1_2,Gls2,0,30dayS2,P35,KO,P35_KO,0,FALSE,reclustered_cones
mysample2_ACCCCGTTCCTGCTAT-1_2,Gls,0,30dayS2,P35,KO,P35_KO,0,FALSE,reclustered_cones
mysample2_ACCCCGTTCCTGCTAT-1_2,Gls2,0,30dayS2,P35,KO,P35_KO,0,FALSE,reclustered_cones
mysample2_ACCTGAATCGTTCGCC-1_2,Gls,0.5930978092321857,30dayS2,P35,KO,P35_KO,2,TRUE,reclustered_cones
mysample2_ACCTGAATCGTTCGCC-1_2,Gls2,0,30dayS2,P35,KO,P35_KO,0,FALSE,reclustered_cones
mysample2_ACGAGTGAGTAGCTTG-1_2,Gls,0,30dayS2,P35,KO,P35_KO,0,FALSE,reclustered_cones
mysample2_ACGAGTGAGTAGCTTG-1_2,Gls2,0,30dayS2,P35,KO,P35_KO,0,FALSE,reclustered_cones
mysample2_ACGGGCTCATAAGTTG-1_2,Gls,0,30dayS2,P35,KO,P35_KO,0,FALSE,reclustered_cones
mysample2_ACGGGCTCATAAGTTG-1_2,Gls2,0,30dayS2,P35,KO,P35_KO,0,FALSE,reclustered_cones
mysample2_ACGTCAATCTCATCGT-1_2,Gls,0,30dayS2,P35,KO,P35_KO,0,FALSE,reclustered_cones
mysample2_ACGTCAATCTCATCGT-1_2,Gls2,0,30dayS2,P35,KO,P35_KO,0,FALSE,reclustered_cones
mysample2_ACTTCATCATGGCTTC-1_2,Gls,0,30dayS2,P35,KO,P35_KO,0,FALSE,reclustered_cones
mysample2_ACTTCATCATGGCTTC-1_2,Gls2,0,30dayS2,P35,KO,P35_KO,0,FALSE,reclustered_cones
mysample2_ACTTCGCCATAGGCGC-1_2,Gls,0,30dayS2,P35,KO,P35_KO,0,FALSE,reclustered_cones
mysample2_ACTTCGCCATAGGCGC-1_2,Gls2,0,30dayS2,P35,KO,P35_KO,0,FALSE,reclustered_cones
mysample2_AGACATCCATGGTATA-1_2,Gls,0,30dayS2,P35,KO,P35_KO,0,FALSE,reclustered_cones
mysample2_AGACATCCATGGTATA-1_2,Gls2,0,30dayS2,P35,KO,P35_KO,0,FALSE,reclustered_cones
mysample2_AGACGATAGCGCTCCT-1_2,Gls,0,30dayS2,P35,KO,P35_KO,0,FALSE,reclustered_cones
mysample2_AGACGATAGCGCTCCT-1_2,Gls2,0,30dayS2,P35,KO,P35_KO,0,FALSE,reclustered_cones
mysample2_AGACGTTCAAGCTAAC-1_2,Gls,0,30dayS2,P35,KO,P35_KO,0,FALSE,reclustered_cones
mysample2_AGACGTTCAAGCTAAC-1_2,Gls2,0,30dayS2,P35,KO,P35_KO,0,FALSE,reclustered_cones
mysample2_AGACTCGCAAGGGAAC-1_2,Gls,0,30dayS2,P35,KO,P35_KO,0,FALSE,reclustered_cones
mysample2_AGACTCGCAAGGGAAC-1_2,Gls2,0,30dayS2,P35,KO,P35_KO,0,FALSE,reclustered_cones
mysample2_AGAGTCCTCAGTGCTA-1_2,Gls,0,30dayS2,P35,KO,P35_KO,0,FALSE,reclustered_cones
mysample2_AGAGTCCTCAGTGCTA-1_2,Gls2,0,30dayS2,P35,KO,P35_KO,0,FALSE,reclustered_cones
mysample2_AGCCCATAGGTAGCGA-1_2,Gls,0,30dayS2,P35,KO,P35_KO,0,FALSE,reclustered_cones
mysample2_AGCCCATAGGTAGCGA-1_2,Gls2,0,30dayS2,P35,KO,P35_KO,0,FALSE,reclustered_cones
mysample2_AGCGAACGTGAGCCCT-1_2,Gls,0.904894175461149,30dayS2,P35,KO,P35_KO,2,TRUE,reclustered_cones
mysample2_AGCGAACGTGAGCCCT-1_2,Gls2,0,30dayS2,P35,KO,P35_KO,0,FALSE,reclustered_cones
mysample2_AGCGATGAGATTCGCA-1_2,Gls,0,30dayS2,P35,KO,P35_KO,0,FALSE,reclustered_cones
mysample2_AGCGATGAGATTCGCA-1_2,Gls2,0,30dayS2,P35,KO,P35_KO,0,FALSE,reclustered_cones
mysample2_AGGAGCCAGCAATCAT-1_2,Gls,0,30dayS2,P35,KO,P35_KO,0,FALSE,reclustered_cones
mysample2_AGGAGCCAGCAATCAT-1_2,Gls2,0,30dayS2,P35,KO,P35_KO,0,FALSE,reclustered_cones
mysample2_AGGATCAGTTATATCG-1_2,Gls,0,30dayS2,P35,KO,P35_KO,0,FALSE,reclustered_cones
mysample2_AGGATCAGTTATATCG-1_2,Gls2,0,30dayS2,P35,KO,P35_KO,0,FALSE,reclustered_cones
mysample2_AGGCGCAGTGATGCTT-1_2,Gls,0,30dayS2,P35,KO,P35_KO,0,FALSE,reclustered_cones
mysample2_AGGCGCAGTGATGCTT-1_2,Gls2,0,30dayS2,P35,KO,P35_KO,0,FALSE,reclustered_cones
mysample2_AGGGCATGTTGCGTGC-1_2,Gls,0,30dayS2,P35,KO,P35_KO,0,FALSE,reclustered_cones
mysample2_AGGGCATGTTGCGTGC-1_2,Gls2,0,30dayS2,P35,KO,P35_KO,0,FALSE,reclustered_cones
mysample2_AGGGTTAGTTGCGACC-1_2,Gls,0.4121241745246951,30dayS2,P35,KO,P35_KO,1,TRUE,reclustered_cones
mysample2_AGGGTTAGTTGCGACC-1_2,Gls2,0,30dayS2,P35,KO,P35_KO,0,FALSE,reclustered_cones
mysample2_AGGTAAATCATGCTTC-1_2,Gls,0,30dayS2,P35,KO,P35_KO,0,FALSE,reclustered_cones
mysample2_AGGTAAATCATGCTTC-1_2,Gls2,0,30dayS2,P35,KO,P35_KO,0,FALSE,reclustered_cones
mysample2_AGTACAGGTTGCTTAA-1_2,Gls,0.7686175751184058,30dayS2,P35,KO,P35_KO,3,TRUE,reclustered_cones
mysample2_AGTACAGGTTGCTTAA-1_2,Gls2,0,30dayS2,P35,KO,P35_KO,0,FALSE,reclustered_cones
mysample2_AGTATCCGTGATGGAC-1_2,Gls,0.3416367580521497,30dayS2,P35,KO,P35_KO,1,TRUE,reclustered_cones
mysample2_AGTATCCGTGATGGAC-1_2,Gls2,0,30dayS2,P35,KO,P35_KO,0,FALSE,reclustered_cones
mysample2_AGTTTCCTCTTGAGTG-1_2,Gls,0,30dayS2,P35,KO,P35_KO,0,FALSE,reclustered_cones
mysample2_AGTTTCCTCTTGAGTG-1_2,Gls2,0,30dayS2,P35,KO,P35_KO,0,FALSE,reclustered_cones
mysample2_ATACGAAAGGCTCAGT-1_2,Gls,0,30dayS2,P35,KO,P35_KO,0,FALSE,reclustered_cones
mysample2_ATACGAAAGGCTCAGT-1_2,Gls2,0,30dayS2,P35,KO,P35_KO,0,FALSE,reclustered_cones
mysample2_ATACTCCTCACTGGGT-1_2,Gls,0,30dayS2,P35,KO,P35_KO,0,FALSE,reclustered_cones
mysample2_ATACTCCTCACTGGGT-1_2,Gls2,0,30dayS2,P35,KO,P35_KO,0,FALSE,reclustered_cones
mysample2_ATATCCTCACATACGG-1_2,Gls,0,30dayS2,P35,KO,P35_KO,0,FALSE,reclustered_cones
mysample2_ATATCCTCACATACGG-1_2,Gls2,0,30dayS2,P35,KO,P35_KO,0,FALSE,reclustered_cones
mysample2_ATCAACTAGATAGCCC-1_2,Gls,0,30dayS2,P35,KO,P35_KO,0,FALSE,reclustered_cones
mysample2_ATCAACTAGATAGCCC-1_2,Gls2,0,30dayS2,P35,KO,P35_KO,0,FALSE,reclustered_cones
mysample2_ATCAAGCCAATATCCT-1_2,Gls,0.9721626146379811,30dayS2,P35,KO,P35_KO,1,TRUE,reclustered_cones
mysample2_ATCAAGCCAATATCCT-1_2,Gls2,0,30dayS2,P35,KO,P35_KO,0,FALSE,reclustered_cones
mysample2_ATCACAACAATTACGA-1_2,Gls,0,30dayS2,P35,KO,P35_KO,0,FALSE,reclustered_cones
mysample2_ATCACAACAATTACGA-1_2,Gls2,0,30dayS2,P35,KO,P35_KO,0,FALSE,reclustered_cones
mysample2_ATCAGTTAGATAGATG-1_2,Gls,0.39837630504301946,30dayS2,P35,KO,P35_KO,1,TRUE,reclustered_cones
mysample2_ATCAGTTAGATAGATG-1_2,Gls2,0,30dayS2,P35,KO,P35_KO,0,FALSE,reclustered_cones
mysample2_ATCATGGTCCCCAGAG-1_2,Gls,0,30dayS2,P35,KO,P35_KO,0,FALSE,reclustered_cones
mysample2_ATCATGGTCCCCAGAG-1_2,Gls2,0,30dayS2,P35,KO,P35_KO,0,FALSE,reclustered_cones
mysample2_ATCCAATAGCAAGTGG-1_2,Gls,1.2370360523267792,30dayS2,P35,KO,P35_KO,3,TRUE,reclustered_cones
mysample2_ATCCAATAGCAAGTGG-1_2,Gls2,0,30dayS2,P35,KO,P35_KO,0,FALSE,reclustered_cones
mysample2_ATCCACGGTGCATCCA-1_2,Gls,0,30dayS2,P35,KO,P35_KO,0,FALSE,reclustered_cones
mysample2_ATCCACGGTGCATCCA-1_2,Gls2,0,30dayS2,P35,KO,P35_KO,0,FALSE,reclustered_cones
mysample2_ATCGCATGTTCGGCTA-1_2,Gls,0,30dayS2,P35,KO,P35_KO,0,FALSE,reclustered_cones
mysample2_ATCGCATGTTCGGCTA-1_2,Gls2,0,30dayS2,P35,KO,P35_KO,0,FALSE,reclustered_cones
mysample2_ATGCCCAGTGCATCGC-1_2,Gls,0,30dayS2,P35,KO,P35_KO,0,FALSE,reclustered_cones
mysample2_ATGCCCAGTGCATCGC-1_2,Gls2,0,30dayS2,P35,KO,P35_KO,0,FALSE,reclustered_cones
mysample2_ATGCTGATCGAACGAG-1_2,Gls,0,30dayS2,P35,KO,P35_KO,0,FALSE,reclustered_cones
mysample2_ATGCTGATCGAACGAG-1_2,Gls2,0,30dayS2,P35,KO,P35_KO,0,FALSE,reclustered_cones
mysample2_ATGTGGGAGGGTCCTG-1_2,Gls,0,30dayS2,P35,KO,P35_KO,0,FALSE,reclustered_cones
mysample2_ATGTGGGAGGGTCCTG-1_2,Gls2,0,30dayS2,P35,KO,P35_KO,0,FALSE,reclustered_cones
mysample2_ATGTGGGAGTTGCGAC-1_2,Gls,0,30dayS2,P35,KO,P35_KO,0,FALSE,reclustered_cones
mysample2_ATGTGGGAGTTGCGAC-1_2,Gls2,0,30dayS2,P35,KO,P35_KO,0,FALSE,reclustered_cones
mysample2_ATTACCTCACAACGTG-1_2,Gls,0,30dayS2,P35,KO,P35_KO,0,FALSE,reclustered_cones
mysample2_ATTACCTCACAACGTG-1_2,Gls2,0,30dayS2,P35,KO,P35_KO,0,FALSE,reclustered_cones
mysample2_ATTACGTAGGATGTCC-1_2,Gls,0,30dayS2,P35,KO,P35_KO,0,FALSE,reclustered_cones
mysample2_ATTACGTAGGATGTCC-1_2,Gls2,0,30dayS2,P35,KO,P35_KO,0,FALSE,reclustered_cones
mysample2_ATTATCCCAAAGGGTA-1_2,Gls,0,30dayS2,P35,KO,P35_KO,0,FALSE,reclustered_cones
mysample2_ATTATCCCAAAGGGTA-1_2,Gls2,0,30dayS2,P35,KO,P35_KO,0,FALSE,reclustered_cones
mysample2_CAAAGTAAGGTACGGA-1_2,Gls,0,30dayS2,P35,KO,P35_KO,0,FALSE,reclustered_cones
mysample2_CAAAGTAAGGTACGGA-1_2,Gls2,0,30dayS2,P35,KO,P35_KO,0,FALSE,reclustered_cones
mysample2_CAACCCAGTCAGTGCC-1_2,Gls,0,30dayS2,P35,KO,P35_KO,0,FALSE,reclustered_cones
mysample2_CAACCCAGTCAGTGCC-1_2,Gls2,0,30dayS2,P35,KO,P35_KO,0,FALSE,reclustered_cones
mysample2_CAACGAAGTAGCTGGG-1_2,Gls,0.6136161307572535,30dayS2,P35,KO,P35_KO,1,TRUE,reclustered_cones
mysample2_CAACGAAGTAGCTGGG-1_2,Gls2,0,30dayS2,P35,KO,P35_KO,0,FALSE,reclustered_cones
mysample2_CAAGACAGTAATGCTC-1_2,Gls,0,30dayS2,P35,KO,P35_KO,0,FALSE,reclustered_cones
mysample2_CAAGACAGTAATGCTC-1_2,Gls2,0,30dayS2,P35,KO,P35_KO,0,FALSE,reclustered_cones
mysample2_CAAGCCACATTAGGGT-1_2,Gls,0,30dayS2,P35,KO,P35_KO,0,FALSE,reclustered_cones
mysample2_CAAGCCACATTAGGGT-1_2,Gls2,0,30dayS2,P35,KO,P35_KO,0,FALSE,reclustered_cones
mysample2_CACCTAAAGTAATGTC-1_2,Gls,0,30dayS2,P35,KO,P35_KO,0,FALSE,reclustered_cones
mysample2_CACCTAAAGTAATGTC-1_2,Gls2,0,30dayS2,P35,KO,P35_KO,0,FALSE,reclustered_cones
mysample2_CACCTTTAGTCAGGCT-1_2,Gls,0,30dayS2,P35,KO,P35_KO,0,FALSE,reclustered_cones
mysample2_CACCTTTAGTCAGGCT-1_2,Gls2,0,30dayS2,P35,KO,P35_KO,0,FALSE,reclustered_cones
mysample2_CACGACCGTTAGTCAC-1_2,Gls,0,30dayS2,P35,KO,P35_KO,0,FALSE,reclustered_cones
mysample2_CACGACCGTTAGTCAC-1_2,Gls2,0,30dayS2,P35,KO,P35_KO,0,FALSE,reclustered_cones
mysample2_CACGTAATCAATTGGT-1_2,Gls,0,30dayS2,P35,KO,P35_KO,0,FALSE,reclustered_cones
mysample2_CACGTAATCAATTGGT-1_2,Gls2,0,30dayS2,P35,KO,P35_KO,0,FALSE,reclustered_cones
mysample2_CACTTCACAAGCCTAG-1_2,Gls,0.5361253426315766,30dayS2,P35,KO,P35_KO,1,TRUE,reclustered_cones
mysample2_CACTTCACAAGCCTAG-1_2,Gls2,0,30dayS2,P35,KO,P35_KO,0,FALSE,reclustered_cones
mysample2_CATAGCCAGGAGGTCA-1_2,Gls,0,30dayS2,P35,KO,P35_KO,0,FALSE,reclustered_cones
mysample2_CATAGCCAGGAGGTCA-1_2,Gls2,0,30dayS2,P35,KO,P35_KO,0,FALSE,reclustered_cones
mysample2_CATCGTTTCCAGGTGT-1_2,Gls,0,30dayS2,P35,KO,P35_KO,0,FALSE,reclustered_cones
mysample2_CATCGTTTCCAGGTGT-1_2,Gls2,0,30dayS2,P35,KO,P35_KO,0,FALSE,reclustered_cones
mysample2_CATCTAAGTAAGTGCA-1_2,Gls,0.9634087226593486,30dayS2,P35,KO,P35_KO,2,TRUE,reclustered_cones
mysample2_CATCTAAGTAAGTGCA-1_2,Gls2,0,30dayS2,P35,KO,P35_KO,0,FALSE,reclustered_cones
mysample2_CATTAACAGGTCAAGG-1_2,Gls,0,30dayS2,P35,KO,P35_KO,0,FALSE,reclustered_cones
mysample2_CATTAACAGGTCAAGG-1_2,Gls2,0,30dayS2,P35,KO,P35_KO,0,FALSE,reclustered_cones
mysample2_CCAGCCTTCACCTATC-1_2,Gls,0,30dayS2,P35,KO,P35_KO,0,FALSE,reclustered_cones
mysample2_CCAGCCTTCACCTATC-1_2,Gls2,0,30dayS2,P35,KO,P35_KO,0,FALSE,reclustered_cones
mysample2_CCAGCTAGTGATTGAG-1_2,Gls,0,30dayS2,P35,KO,P35_KO,0,FALSE,reclustered_cones
mysample2_CCAGCTAGTGATTGAG-1_2,Gls2,0,30dayS2,P35,KO,P35_KO,0,FALSE,reclustered_cones
mysample2_CCATGCCTCACATGGC-1_2,Gls,0,30dayS2,P35,KO,P35_KO,0,FALSE,reclustered_cones
mysample2_CCATGCCTCACATGGC-1_2,Gls2,0,30dayS2,P35,KO,P35_KO,0,FALSE,reclustered_cones
mysample2_CCATTGAAGGTACGGA-1_2,Gls,0.3987304138564667,30dayS2,P35,KO,P35_KO,1,TRUE,reclustered_cones
mysample2_CCATTGAAGGTACGGA-1_2,Gls2,0,30dayS2,P35,KO,P35_KO,0,FALSE,reclustered_cones
mysample2_CCCAATTTCACGTTGA-1_2,Gls,0,30dayS2,P35,KO,P35_KO,0,FALSE,reclustered_cones
mysample2_CCCAATTTCACGTTGA-1_2,Gls2,0,30dayS2,P35,KO,P35_KO,0,FALSE,reclustered_cones
mysample2_CCCAGCAAGTTAGCCA-1_2,Gls,0,30dayS2,P35,KO,P35_KO,0,FALSE,reclustered_cones
mysample2_CCCAGCAAGTTAGCCA-1_2,Gls2,0,30dayS2,P35,KO,P35_KO,0,FALSE,reclustered_cones
mysample2_CCCATTGTCTAGTCTC-1_2,Gls,0,30dayS2,P35,KO,P35_KO,0,FALSE,reclustered_cones
mysample2_CCCATTGTCTAGTCTC-1_2,Gls2,0,30dayS2,P35,KO,P35_KO,0,FALSE,reclustered_cones
mysample2_CCCGAACGTCATGAGA-1_2,Gls,0,30dayS2,P35,KO,P35_KO,0,FALSE,reclustered_cones
mysample2_CCCGAACGTCATGAGA-1_2,Gls2,0,30dayS2,P35,KO,P35_KO,0,FALSE,reclustered_cones
mysample2_CCGACATAGCCGACAT-1_2,Gls,0,30dayS2,P35,KO,P35_KO,0,FALSE,reclustered_cones
mysample2_CCGACATAGCCGACAT-1_2,Gls2,0,30dayS2,P35,KO,P35_KO,0,FALSE,reclustered_cones
mysample2_CCGACTTCACCATTGC-1_2,Gls,0,30dayS2,P35,KO,P35_KO,0,FALSE,reclustered_cones
mysample2_CCGACTTCACCATTGC-1_2,Gls2,0,30dayS2,P35,KO,P35_KO,0,FALSE,reclustered_cones
mysample2_CCGTGTGAGTTACGAT-1_2,Gls,0.45200590393537865,30dayS2,P35,KO,P35_KO,1,TRUE,reclustered_cones
mysample2_CCGTGTGAGTTACGAT-1_2,Gls2,0,30dayS2,P35,KO,P35_KO,0,FALSE,reclustered_cones
mysample2_CCGTGTTCACAGCAAT-1_2,Gls,0,30dayS2,P35,KO,P35_KO,0,FALSE,reclustered_cones
mysample2_CCGTGTTCACAGCAAT-1_2,Gls2,0,30dayS2,P35,KO,P35_KO,0,FALSE,reclustered_cones
mysample2_CCGTTCGCAAGCGGAG-1_2,Gls,0,30dayS2,P35,KO,P35_KO,0,FALSE,reclustered_cones
mysample2_CCGTTCGCAAGCGGAG-1_2,Gls2,0,30dayS2,P35,KO,P35_KO,0,FALSE,reclustered_cones
mysample2_CCTCAACCACATGACG-1_2,Gls,0,30dayS2,P35,KO,P35_KO,0,FALSE,reclustered_cones
mysample2_CCTCAACCACATGACG-1_2,Gls2,0,30dayS2,P35,KO,P35_KO,0,FALSE,reclustered_cones
mysample2_CCTCATTAGCGCCTTC-1_2,Gls,0.4016027611428174,30dayS2,P35,KO,P35_KO,1,TRUE,reclustered_cones
mysample2_CCTCATTAGCGCCTTC-1_2,Gls2,0,30dayS2,P35,KO,P35_KO,0,FALSE,reclustered_cones
mysample2_CGAGTCCGTCAACCAT-1_2,Gls,0.9343018781315975,30dayS2,P35,KO,P35_KO,3,TRUE,reclustered_cones
mysample2_CGAGTCCGTCAACCAT-1_2,Gls2,0,30dayS2,P35,KO,P35_KO,0,FALSE,reclustered_cones
mysample2_CGATCTAAGGGTACTC-1_2,Gls,0,30dayS2,P35,KO,P35_KO,0,FALSE,reclustered_cones
mysample2_CGATCTAAGGGTACTC-1_2,Gls2,0,30dayS2,P35,KO,P35_KO,0,FALSE,reclustered_cones
mysample2_CGATGAGAGTACCACA-1_2,Gls,0,30dayS2,P35,KO,P35_KO,0,FALSE,reclustered_cones
mysample2_CGATGAGAGTACCACA-1_2,Gls2,0,30dayS2,P35,KO,P35_KO,0,FALSE,reclustered_cones
mysample2_CGATGTCAGGCAATGG-1_2,Gls,0,30dayS2,P35,KO,P35_KO,0,FALSE,reclustered_cones
mysample2_CGATGTCAGGCAATGG-1_2,Gls2,0,30dayS2,P35,KO,P35_KO,0,FALSE,reclustered_cones
mysample2_CGCCTGAAGGAACTGG-1_2,Gls,0,30dayS2,P35,KO,P35_KO,0,FALSE,reclustered_cones
mysample2_CGCCTGAAGGAACTGG-1_2,Gls2,0,30dayS2,P35,KO,P35_KO,0,FALSE,reclustered_cones
mysample2_CGCTAAATCCTCTCGA-1_2,Gls,0.415669016666017,30dayS2,P35,KO,P35_KO,1,TRUE,reclustered_cones
mysample2_CGCTAAATCCTCTCGA-1_2,Gls2,0,30dayS2,P35,KO,P35_KO,0,FALSE,reclustered_cones
mysample2_CGCTGCTTCTAGTAAC-1_2,Gls,0.37080014619714496,30dayS2,P35,KO,P35_KO,1,TRUE,reclustered_cones
mysample2_CGCTGCTTCTAGTAAC-1_2,Gls2,0,30dayS2,P35,KO,P35_KO,0,FALSE,reclustered_cones
mysample2_CGCTTAGGTCTTACGG-1_2,Gls,0,30dayS2,P35,KO,P35_KO,0,FALSE,reclustered_cones
mysample2_CGCTTAGGTCTTACGG-1_2,Gls2,0,30dayS2,P35,KO,P35_KO,0,FALSE,reclustered_cones
mysample2_CGGAACCCACAATGCG-1_2,Gls,0,30dayS2,P35,KO,P35_KO,0,FALSE,reclustered_cones
mysample2_CGGAACCCACAATGCG-1_2,Gls2,0,30dayS2,P35,KO,P35_KO,0,FALSE,reclustered_cones
mysample2_CGGCTGATCCATCAAG-1_2,Gls,0,30dayS2,P35,KO,P35_KO,0,FALSE,reclustered_cones
mysample2_CGGCTGATCCATCAAG-1_2,Gls2,0.7712118783966394,30dayS2,P35,KO,P35_KO,1,TRUE,reclustered_cones
mysample2_CGTAATGTCCCGTGAG-1_2,Gls,0,30dayS2,P35,KO,P35_KO,0,FALSE,reclustered_cones
mysample2_CGTAATGTCCCGTGAG-1_2,Gls2,0,30dayS2,P35,KO,P35_KO,0,FALSE,reclustered_cones
mysample2_CGTACTAAGGCTTAAT-1_2,Gls,0,30dayS2,P35,KO,P35_KO,0,FALSE,reclustered_cones
mysample2_CGTACTAAGGCTTAAT-1_2,Gls2,0,30dayS2,P35,KO,P35_KO,0,FALSE,reclustered_cones
mysample2_CGTAGGGGTGGAAGCT-1_2,Gls,0,30dayS2,P35,KO,P35_KO,0,FALSE,reclustered_cones
mysample2_CGTAGGGGTGGAAGCT-1_2,Gls2,0,30dayS2,P35,KO,P35_KO,0,FALSE,reclustered_cones
mysample2_CGTATCCCATAAGCGT-1_2,Gls,1.3643521383056247,30dayS2,P35,KO,P35_KO,3,TRUE,reclustered_cones
mysample2_CGTATCCCATAAGCGT-1_2,Gls2,0,30dayS2,P35,KO,P35_KO,0,FALSE,reclustered_cones
mysample2_CGTCACCTCCCCAGTC-1_2,Gls,0,30dayS2,P35,KO,P35_KO,0,FALSE,reclustered_cones
mysample2_CGTCACCTCCCCAGTC-1_2,Gls2,0,30dayS2,P35,KO,P35_KO,0,FALSE,reclustered_cones
mysample2_CGTCATCCACAACGTG-1_2,Gls,0,30dayS2,P35,KO,P35_KO,0,FALSE,reclustered_cones
mysample2_CGTCATCCACAACGTG-1_2,Gls2,0,30dayS2,P35,KO,P35_KO,0,FALSE,reclustered_cones
mysample2_CGTTCAGGTTTGACTA-1_2,Gls,0,30dayS2,P35,KO,P35_KO,0,FALSE,reclustered_cones
mysample2_CGTTCAGGTTTGACTA-1_2,Gls2,0,30dayS2,P35,KO,P35_KO,0,FALSE,reclustered_cones
mysample2_CTAAACCGTCTAGGAA-1_2,Gls,0,30dayS2,P35,KO,P35_KO,0,FALSE,reclustered_cones
mysample2_CTAAACCGTCTAGGAA-1_2,Gls2,0,30dayS2,P35,KO,P35_KO,0,FALSE,reclustered_cones
mysample2_CTAACCTTCTGTGCCC-1_2,Gls,0,30dayS2,P35,KO,P35_KO,0,FALSE,reclustered_cones
mysample2_CTAACCTTCTGTGCCC-1_2,Gls2,0,30dayS2,P35,KO,P35_KO,0,FALSE,reclustered_cones
mysample2_CTACATTCAAACCGGC-1_2,Gls,0,30dayS2,P35,KO,P35_KO,0,FALSE,reclustered_cones
mysample2_CTACATTCAAACCGGC-1_2,Gls2,0,30dayS2,P35,KO,P35_KO,0,FALSE,reclustered_cones
mysample2_CTACGTTTCATGCGGT-1_2,Gls,0,30dayS2,P35,KO,P35_KO,0,FALSE,reclustered_cones
mysample2_CTACGTTTCATGCGGT-1_2,Gls2,0,30dayS2,P35,KO,P35_KO,0,FALSE,reclustered_cones
mysample2_CTAGCCAGTTTCCGAG-1_2,Gls,0,30dayS2,P35,KO,P35_KO,0,FALSE,reclustered_cones
mysample2_CTAGCCAGTTTCCGAG-1_2,Gls2,0,30dayS2,P35,KO,P35_KO,0,FALSE,reclustered_cones
mysample2_CTATCAAGTAACCCAT-1_2,Gls,0,30dayS2,P35,KO,P35_KO,0,FALSE,reclustered_cones
mysample2_CTATCAAGTAACCCAT-1_2,Gls2,0,30dayS2,P35,KO,P35_KO,0,FALSE,reclustered_cones
mysample2_CTATGTTCAATCTACT-1_2,Gls,0,30dayS2,P35,KO,P35_KO,0,FALSE,reclustered_cones
mysample2_CTATGTTCAATCTACT-1_2,Gls2,0,30dayS2,P35,KO,P35_KO,0,FALSE,reclustered_cones
mysample2_CTCAACTTCCAGGCCA-1_2,Gls,0,30dayS2,P35,KO,P35_KO,0,FALSE,reclustered_cones
mysample2_CTCAACTTCCAGGCCA-1_2,Gls2,0,30dayS2,P35,KO,P35_KO,0,FALSE,reclustered_cones
mysample2_CTCATGAAGGTGCATC-1_2,Gls,0,30dayS2,P35,KO,P35_KO,0,FALSE,reclustered_cones
mysample2_CTCATGAAGGTGCATC-1_2,Gls2,0,30dayS2,P35,KO,P35_KO,0,FALSE,reclustered_cones
mysample2_CTCATTCAGTTACCCT-1_2,Gls,0,30dayS2,P35,KO,P35_KO,0,FALSE,reclustered_cones
mysample2_CTCATTCAGTTACCCT-1_2,Gls2,0,30dayS2,P35,KO,P35_KO,0,FALSE,reclustered_cones
mysample2_CTCCTTAGTTCACCGA-1_2,Gls,0,30dayS2,P35,KO,P35_KO,0,FALSE,reclustered_cones
mysample2_CTCCTTAGTTCACCGA-1_2,Gls2,0,30dayS2,P35,KO,P35_KO,0,FALSE,reclustered_cones
mysample2_CTGTACTTCAAGTGAA-1_2,Gls,0,30dayS2,P35,KO,P35_KO,0,FALSE,reclustered_cones
mysample2_CTGTACTTCAAGTGAA-1_2,Gls2,0,30dayS2,P35,KO,P35_KO,0,FALSE,reclustered_cones
mysample2_CTGTTGAAGCAGGTGA-1_2,Gls,0,30dayS2,P35,KO,P35_KO,0,FALSE,reclustered_cones
mysample2_CTGTTGAAGCAGGTGA-1_2,Gls2,0,30dayS2,P35,KO,P35_KO,0,FALSE,reclustered_cones
mysample2_CTGTTGGGTTAAGCCT-1_2,Gls,0.9441866947497728,30dayS2,P35,KO,P35_KO,4,TRUE,reclustered_cones
mysample2_CTGTTGGGTTAAGCCT-1_2,Gls2,0,30dayS2,P35,KO,P35_KO,0,FALSE,reclustered_cones
mysample2_CTTATGGAGTAGAGGT-1_2,Gls,0,30dayS2,P35,KO,P35_KO,0,FALSE,reclustered_cones
mysample2_CTTATGGAGTAGAGGT-1_2,Gls2,0,30dayS2,P35,KO,P35_KO,0,FALSE,reclustered_cones
mysample2_CTTCATTGTTCGCATG-1_2,Gls,0,30dayS2,P35,KO,P35_KO,0,FALSE,reclustered_cones
mysample2_CTTCATTGTTCGCATG-1_2,Gls2,0,30dayS2,P35,KO,P35_KO,0,FALSE,reclustered_cones
mysample2_CTTGCCATCGCTCTGC-1_2,Gls,1.1727344246262297,30dayS2,P35,KO,P35_KO,3,TRUE,reclustered_cones
mysample2_CTTGCCATCGCTCTGC-1_2,Gls2,0,30dayS2,P35,KO,P35_KO,0,FALSE,reclustered_cones
mysample2_GCAACGGGTTGCCTAG-1_2,Gls,0.34524586895446135,30dayS2,P35,KO,P35_KO,1,TRUE,reclustered_cones
mysample2_GCAACGGGTTGCCTAG-1_2,Gls2,0,30dayS2,P35,KO,P35_KO,0,FALSE,reclustered_cones
mysample2_GCAAGCTTCCGGTAGT-1_2,Gls,0,30dayS2,P35,KO,P35_KO,0,FALSE,reclustered_cones
mysample2_GCAAGCTTCCGGTAGT-1_2,Gls2,0,30dayS2,P35,KO,P35_KO,0,FALSE,reclustered_cones
mysample2_GCAATTTAGGTTACAT-1_2,Gls,0,30dayS2,P35,KO,P35_KO,0,FALSE,reclustered_cones
mysample2_GCAATTTAGGTTACAT-1_2,Gls2,0,30dayS2,P35,KO,P35_KO,0,FALSE,reclustered_cones
mysample2_GCACGGTCAGTAAGGA-1_2,Gls,0,30dayS2,P35,KO,P35_KO,0,FALSE,reclustered_cones
mysample2_GCACGGTCAGTAAGGA-1_2,Gls2,0,30dayS2,P35,KO,P35_KO,0,FALSE,reclustered_cones
mysample2_GCACTAGCAATCGTCC-1_2,Gls,0,30dayS2,P35,KO,P35_KO,0,FALSE,reclustered_cones
mysample2_GCACTAGCAATCGTCC-1_2,Gls2,0,30dayS2,P35,KO,P35_KO,0,FALSE,reclustered_cones
mysample2_GCACTATGTCAGTATC-1_2,Gls,0,30dayS2,P35,KO,P35_KO,0,FALSE,reclustered_cones
mysample2_GCACTATGTCAGTATC-1_2,Gls2,0,30dayS2,P35,KO,P35_KO,0,FALSE,reclustered_cones
mysample2_GCATAAGGTCTGTGCA-1_2,Gls,0.8937390955438582,30dayS2,P35,KO,P35_KO,3,TRUE,reclustered_cones
mysample2_GCATAAGGTCTGTGCA-1_2,Gls2,0,30dayS2,P35,KO,P35_KO,0,FALSE,reclustered_cones
mysample2_GCGACATTCGACCCGA-1_2,Gls,0,30dayS2,P35,KO,P35_KO,0,FALSE,reclustered_cones
mysample2_GCGACATTCGACCCGA-1_2,Gls2,0,30dayS2,P35,KO,P35_KO,0,FALSE,reclustered_cones
mysample2_GCGACTTAGCTTCCCA-1_2,Gls,0.3924524683318229,30dayS2,P35,KO,P35_KO,1,TRUE,reclustered_cones
mysample2_GCGACTTAGCTTCCCA-1_2,Gls2,0,30dayS2,P35,KO,P35_KO,0,FALSE,reclustered_cones
mysample2_GCGCATTAGCTATGCA-1_2,Gls,1.1909639035688744,30dayS2,P35,KO,P35_KO,6,TRUE,reclustered_cones
mysample2_GCGCATTAGCTATGCA-1_2,Gls2,0,30dayS2,P35,KO,P35_KO,0,FALSE,reclustered_cones
mysample2_GCGTAGCCAGTAAGTC-1_2,Gls,0,30dayS2,P35,KO,P35_KO,0,FALSE,reclustered_cones
mysample2_GCGTAGCCAGTAAGTC-1_2,Gls2,0,30dayS2,P35,KO,P35_KO,0,FALSE,reclustered_cones
mysample2_GCTAAATTCGCTATCT-1_2,Gls,0,30dayS2,P35,KO,P35_KO,0,FALSE,reclustered_cones
mysample2_GCTAAATTCGCTATCT-1_2,Gls2,0,30dayS2,P35,KO,P35_KO,0,FALSE,reclustered_cones
mysample2_GCTATTGAGGATTCAT-1_2,Gls,0,30dayS2,P35,KO,P35_KO,0,FALSE,reclustered_cones
mysample2_GCTATTGAGGATTCAT-1_2,Gls2,0,30dayS2,P35,KO,P35_KO,0,FALSE,reclustered_cones
mysample2_GCTGCCTTCACTGGTA-1_2,Gls,0,30dayS2,P35,KO,P35_KO,0,FALSE,reclustered_cones
mysample2_GCTGCCTTCACTGGTA-1_2,Gls2,0,30dayS2,P35,KO,P35_KO,0,FALSE,reclustered_cones
mysample2_GGAAACTAGGCGCTCA-1_2,Gls,0,30dayS2,P35,KO,P35_KO,0,FALSE,reclustered_cones
mysample2_GGAAACTAGGCGCTCA-1_2,Gls2,0,30dayS2,P35,KO,P35_KO,0,FALSE,reclustered_cones
mysample2_GGAGCATGTGCGGTAG-1_2,Gls,0,30dayS2,P35,KO,P35_KO,0,FALSE,reclustered_cones
mysample2_GGAGCATGTGCGGTAG-1_2,Gls2,0,30dayS2,P35,KO,P35_KO,0,FALSE,reclustered_cones
mysample2_GGATGTGAGTAGGTCC-1_2,Gls,0,30dayS2,P35,KO,P35_KO,0,FALSE,reclustered_cones
mysample2_GGATGTGAGTAGGTCC-1_2,Gls2,0,30dayS2,P35,KO,P35_KO,0,FALSE,reclustered_cones
mysample2_GGCCGATCAATGACAC-1_2,Gls,0,30dayS2,P35,KO,P35_KO,0,FALSE,reclustered_cones
mysample2_GGCCGATCAATGACAC-1_2,Gls2,0,30dayS2,P35,KO,P35_KO,0,FALSE,reclustered_cones
mysample2_GGCTATTGTTGACCCA-1_2,Gls,0,30dayS2,P35,KO,P35_KO,0,FALSE,reclustered_cones
mysample2_GGCTATTGTTGACCCA-1_2,Gls2,0,30dayS2,P35,KO,P35_KO,0,FALSE,reclustered_cones
mysample2_GGGTCATTCACTTGAG-1_2,Gls,0.4307721471350508,30dayS2,P35,KO,P35_KO,1,TRUE,reclustered_cones
mysample2_GGGTCATTCACTTGAG-1_2,Gls2,0,30dayS2,P35,KO,P35_KO,0,FALSE,reclustered_cones
mysample2_GGTACTATCACTCGGG-1_2,Gls,0.688135136224212,30dayS2,P35,KO,P35_KO,1,TRUE,reclustered_cones
mysample2_GGTACTATCACTCGGG-1_2,Gls2,0,30dayS2,P35,KO,P35_KO,0,FALSE,reclustered_cones
mysample2_GGTTAATTCCACCTGC-1_2,Gls,1.6812361777656881,30dayS2,P35,KO,P35_KO,11,TRUE,reclustered_cones
mysample2_GGTTAATTCCACCTGC-1_2,Gls2,0,30dayS2,P35,KO,P35_KO,0,FALSE,reclustered_cones
mysample2_GTAACCTGTGACCGAG-1_2,Gls,0,30dayS2,P35,KO,P35_KO,0,FALSE,reclustered_cones
mysample2_GTAACCTGTGACCGAG-1_2,Gls2,0,30dayS2,P35,KO,P35_KO,0,FALSE,reclustered_cones
mysample2_GTAACGGAGGTGAGGC-1_2,Gls,0,30dayS2,P35,KO,P35_KO,0,FALSE,reclustered_cones
mysample2_GTAACGGAGGTGAGGC-1_2,Gls2,0,30dayS2,P35,KO,P35_KO,0,FALSE,reclustered_cones
mysample2_GTAAGGGTCAGCATAT-1_2,Gls,0,30dayS2,P35,KO,P35_KO,0,FALSE,reclustered_cones
mysample2_GTAAGGGTCAGCATAT-1_2,Gls2,0,30dayS2,P35,KO,P35_KO,0,FALSE,reclustered_cones
mysample2_GTAGATGGTGCACGTC-1_2,Gls,0,30dayS2,P35,KO,P35_KO,0,FALSE,reclustered_cones
mysample2_GTAGATGGTGCACGTC-1_2,Gls2,0,30dayS2,P35,KO,P35_KO,0,FALSE,reclustered_cones
mysample2_GTAGGGGCATGGTCAG-1_2,Gls,0.4560320356369707,30dayS2,P35,KO,P35_KO,1,TRUE,reclustered_cones
mysample2_GTAGGGGCATGGTCAG-1_2,Gls2,0,30dayS2,P35,KO,P35_KO,0,FALSE,reclustered_cones
mysample2_GTCATAGTCTATCAGG-1_2,Gls,0,30dayS2,P35,KO,P35_KO,0,FALSE,reclustered_cones
mysample2_GTCATAGTCTATCAGG-1_2,Gls2,0,30dayS2,P35,KO,P35_KO,0,FALSE,reclustered_cones
mysample2_GTCCCTTGTTCCAGAT-1_2,Gls,0,30dayS2,P35,KO,P35_KO,0,FALSE,reclustered_cones
mysample2_GTCCCTTGTTCCAGAT-1_2,Gls2,0,30dayS2,P35,KO,P35_KO,0,FALSE,reclustered_cones
mysample2_GTGAGGATCCACCATT-1_2,Gls,0,30dayS2,P35,KO,P35_KO,0,FALSE,reclustered_cones
mysample2_GTGAGGATCCACCATT-1_2,Gls2,0,30dayS2,P35,KO,P35_KO,0,FALSE,reclustered_cones
mysample2_GTGATATTCCGTGGCA-1_2,Gls,0,30dayS2,P35,KO,P35_KO,0,FALSE,reclustered_cones
mysample2_GTGATATTCCGTGGCA-1_2,Gls2,0,30dayS2,P35,KO,P35_KO,0,FALSE,reclustered_cones
mysample2_GTGGAACGTTTGACCG-1_2,Gls,0,30dayS2,P35,KO,P35_KO,0,FALSE,reclustered_cones
mysample2_GTGGAACGTTTGACCG-1_2,Gls2,0,30dayS2,P35,KO,P35_KO,0,FALSE,reclustered_cones
mysample2_GTGGACCCATGGCTTC-1_2,Gls,0,30dayS2,P35,KO,P35_KO,0,FALSE,reclustered_cones
mysample2_GTGGACCCATGGCTTC-1_2,Gls2,0,30dayS2,P35,KO,P35_KO,0,FALSE,reclustered_cones
mysample2_GTGTTACGTAGTCAAG-1_2,Gls,0,30dayS2,P35,KO,P35_KO,0,FALSE,reclustered_cones
mysample2_GTGTTACGTAGTCAAG-1_2,Gls2,0,30dayS2,P35,KO,P35_KO,0,FALSE,reclustered_cones
mysample2_GTGTTACGTTTCGCAG-1_2,Gls,0,30dayS2,P35,KO,P35_KO,0,FALSE,reclustered_cones
mysample2_GTGTTACGTTTCGCAG-1_2,Gls2,0,30dayS2,P35,KO,P35_KO,0,FALSE,reclustered_cones
mysample2_GTTACCCCAAGGTACT-1_2,Gls,0,30dayS2,P35,KO,P35_KO,0,FALSE,reclustered_cones
mysample2_GTTACCCCAAGGTACT-1_2,Gls2,0,30dayS2,P35,KO,P35_KO,0,FALSE,reclustered_cones
mysample2_GTTAGCATCGTCTCCA-1_2,Gls,0,30dayS2,P35,KO,P35_KO,0,FALSE,reclustered_cones
mysample2_GTTAGCATCGTCTCCA-1_2,Gls2,0.6055681700192849,30dayS2,P35,KO,P35_KO,1,TRUE,reclustered_cones
mysample2_GTTCACAAGTTGCCTT-1_2,Gls,0,30dayS2,P35,KO,P35_KO,0,FALSE,reclustered_cones
mysample2_GTTCACAAGTTGCCTT-1_2,Gls2,0,30dayS2,P35,KO,P35_KO,0,FALSE,reclustered_cones
mysample2_GTTCACCCAAGTGTAC-1_2,Gls,0,30dayS2,P35,KO,P35_KO,0,FALSE,reclustered_cones
mysample2_GTTCACCCAAGTGTAC-1_2,Gls2,0,30dayS2,P35,KO,P35_KO,0,FALSE,reclustered_cones
mysample2_GTTCCCGCAGTAATCA-1_2,Gls,0,30dayS2,P35,KO,P35_KO,0,FALSE,reclustered_cones
mysample2_GTTCCCGCAGTAATCA-1_2,Gls2,0,30dayS2,P35,KO,P35_KO,0,FALSE,reclustered_cones
mysample2_GTTCGAATCATGCGCG-1_2,Gls,0.7781075433958713,30dayS2,P35,KO,P35_KO,3,TRUE,reclustered_cones
mysample2_GTTCGAATCATGCGCG-1_2,Gls2,0,30dayS2,P35,KO,P35_KO,0,FALSE,reclustered_cones
mysample2_GTTCGATGTTCCGCTT-1_2,Gls,0.874213569816475,30dayS2,P35,KO,P35_KO,4,TRUE,reclustered_cones
mysample2_GTTCGATGTTCCGCTT-1_2,Gls2,0,30dayS2,P35,KO,P35_KO,0,FALSE,reclustered_cones
mysample2_GTTGCGCGTTCCGTCT-1_2,Gls,0,30dayS2,P35,KO,P35_KO,0,FALSE,reclustered_cones
mysample2_GTTGCGCGTTCCGTCT-1_2,Gls2,0,30dayS2,P35,KO,P35_KO,0,FALSE,reclustered_cones
mysample2_GTTGCTGGTCATTACA-1_2,Gls,0,30dayS2,P35,KO,P35_KO,0,FALSE,reclustered_cones
mysample2_GTTGCTGGTCATTACA-1_2,Gls2,0,30dayS2,P35,KO,P35_KO,0,FALSE,reclustered_cones
mysample2_TAAGGCGAGGTCGAAG-1_2,Gls,0,30dayS2,P35,KO,P35_KO,0,FALSE,reclustered_cones
mysample2_TAAGGCGAGGTCGAAG-1_2,Gls2,0,30dayS2,P35,KO,P35_KO,0,FALSE,reclustered_cones
mysample2_TAAGTGAAGCTAGTTG-1_2,Gls,0,30dayS2,P35,KO,P35_KO,0,FALSE,reclustered_cones
mysample2_TAAGTGAAGCTAGTTG-1_2,Gls2,0,30dayS2,P35,KO,P35_KO,0,FALSE,reclustered_cones
mysample2_TAAGTGAAGTGAGTGG-1_2,Gls,0,30dayS2,P35,KO,P35_KO,0,FALSE,reclustered_cones
mysample2_TAAGTGAAGTGAGTGG-1_2,Gls2,0,30dayS2,P35,KO,P35_KO,0,FALSE,reclustered_cones
mysample2_TACGCCTCAACCGTGA-1_2,Gls,0,30dayS2,P35,KO,P35_KO,0,FALSE,reclustered_cones
mysample2_TACGCCTCAACCGTGA-1_2,Gls2,0,30dayS2,P35,KO,P35_KO,0,FALSE,reclustered_cones
mysample2_TAGCCTGGTTGTGATC-1_2,Gls,0.40793020808619296,30dayS2,P35,KO,P35_KO,1,TRUE,reclustered_cones
mysample2_TAGCCTGGTTGTGATC-1_2,Gls2,0,30dayS2,P35,KO,P35_KO,0,FALSE,reclustered_cones
mysample2_TATAGGGGTTAGTGAG-1_2,Gls,0,30dayS2,P35,KO,P35_KO,0,FALSE,reclustered_cones
mysample2_TATAGGGGTTAGTGAG-1_2,Gls2,0,30dayS2,P35,KO,P35_KO,0,FALSE,reclustered_cones
mysample2_TATGAGGGTGCAGCTC-1_2,Gls,0,30dayS2,P35,KO,P35_KO,0,FALSE,reclustered_cones
mysample2_TATGAGGGTGCAGCTC-1_2,Gls2,0,30dayS2,P35,KO,P35_KO,0,FALSE,reclustered_cones
mysample2_TCACATAGTTCTGGTG-1_2,Gls,0.8194613431887728,30dayS2,P35,KO,P35_KO,2,TRUE,reclustered_cones
mysample2_TCACATAGTTCTGGTG-1_2,Gls2,0,30dayS2,P35,KO,P35_KO,0,FALSE,reclustered_cones
mysample2_TCACCATTCGCGCACA-1_2,Gls,0,30dayS2,P35,KO,P35_KO,0,FALSE,reclustered_cones
mysample2_TCACCATTCGCGCACA-1_2,Gls2,0,30dayS2,P35,KO,P35_KO,0,FALSE,reclustered_cones
mysample2_TCACCGCTCGAATGGG-1_2,Gls,0,30dayS2,P35,KO,P35_KO,0,FALSE,reclustered_cones
mysample2_TCACCGCTCGAATGGG-1_2,Gls2,0,30dayS2,P35,KO,P35_KO,0,FALSE,reclustered_cones
mysample2_TCACGAATCGCATCCC-1_2,Gls,0,30dayS2,P35,KO,P35_KO,0,FALSE,reclustered_cones
mysample2_TCACGAATCGCATCCC-1_2,Gls2,0,30dayS2,P35,KO,P35_KO,0,FALSE,reclustered_cones
mysample2_TCACGAATCGTGACCG-1_2,Gls,0,30dayS2,P35,KO,P35_KO,0,FALSE,reclustered_cones
mysample2_TCACGAATCGTGACCG-1_2,Gls2,0,30dayS2,P35,KO,P35_KO,0,FALSE,reclustered_cones
mysample2_TCACTTATCCTGCTGC-1_2,Gls,0,30dayS2,P35,KO,P35_KO,0,FALSE,reclustered_cones
mysample2_TCACTTATCCTGCTGC-1_2,Gls2,0,30dayS2,P35,KO,P35_KO,0,FALSE,reclustered_cones
mysample2_TCAGTAACAAGCATCG-1_2,Gls,0,30dayS2,P35,KO,P35_KO,0,FALSE,reclustered_cones
mysample2_TCAGTAACAAGCATCG-1_2,Gls2,0,30dayS2,P35,KO,P35_KO,0,FALSE,reclustered_cones
mysample2_TCATGGGCAACATCGG-1_2,Gls,0,30dayS2,P35,KO,P35_KO,0,FALSE,reclustered_cones
mysample2_TCATGGGCAACATCGG-1_2,Gls2,0,30dayS2,P35,KO,P35_KO,0,FALSE,reclustered_cones
mysample2_TCCAGGCGTCAAGCCC-1_2,Gls,0,30dayS2,P35,KO,P35_KO,0,FALSE,reclustered_cones
mysample2_TCCAGGCGTCAAGCCC-1_2,Gls2,0,30dayS2,P35,KO,P35_KO,0,FALSE,reclustered_cones
mysample2_TCCCACGCAACCTGGA-1_2,Gls,0,30dayS2,P35,KO,P35_KO,0,FALSE,reclustered_cones
mysample2_TCCCACGCAACCTGGA-1_2,Gls2,0,30dayS2,P35,KO,P35_KO,0,FALSE,reclustered_cones
mysample2_TCCCATTAGTTGGCGT-1_2,Gls,1.1453758681301072,30dayS2,P35,KO,P35_KO,1,TRUE,reclustered_cones
mysample2_TCCCATTAGTTGGCGT-1_2,Gls2,0,30dayS2,P35,KO,P35_KO,0,FALSE,reclustered_cones
mysample2_TCCCCTGGTGCGCATC-1_2,Gls,0,30dayS2,P35,KO,P35_KO,0,FALSE,reclustered_cones
mysample2_TCCCCTGGTGCGCATC-1_2,Gls2,0,30dayS2,P35,KO,P35_KO,0,FALSE,reclustered_cones
mysample2_TCCCTTAGTTAACGTC-1_2,Gls,0,30dayS2,P35,KO,P35_KO,0,FALSE,reclustered_cones
mysample2_TCCCTTAGTTAACGTC-1_2,Gls2,0,30dayS2,P35,KO,P35_KO,0,FALSE,reclustered_cones
mysample2_TCGCAATGTGGCTGAG-1_2,Gls,0,30dayS2,P35,KO,P35_KO,0,FALSE,reclustered_cones
mysample2_TCGCAATGTGGCTGAG-1_2,Gls2,0,30dayS2,P35,KO,P35_KO,0,FALSE,reclustered_cones
mysample2_TCGCTCTGTCTCAGTG-1_2,Gls,0,30dayS2,P35,KO,P35_KO,0,FALSE,reclustered_cones
mysample2_TCGCTCTGTCTCAGTG-1_2,Gls2,0,30dayS2,P35,KO,P35_KO,0,FALSE,reclustered_cones
mysample2_TCGGCCAAGTTAGTAC-1_2,Gls,0,30dayS2,P35,KO,P35_KO,0,FALSE,reclustered_cones
mysample2_TCGGCCAAGTTAGTAC-1_2,Gls2,0,30dayS2,P35,KO,P35_KO,0,FALSE,reclustered_cones
mysample2_TCGTTCCGTTTCGCAG-1_2,Gls,0,30dayS2,P35,KO,P35_KO,0,FALSE,reclustered_cones
mysample2_TCGTTCCGTTTCGCAG-1_2,Gls2,0,30dayS2,P35,KO,P35_KO,0,FALSE,reclustered_cones
mysample2_TCTAATCCATTACCAT-1_2,Gls,0,30dayS2,P35,KO,P35_KO,0,FALSE,reclustered_cones
mysample2_TCTAATCCATTACCAT-1_2,Gls2,0,30dayS2,P35,KO,P35_KO,0,FALSE,reclustered_cones
mysample2_TCTAGTGAGCGAGACA-1_2,Gls,1.8141904744450241,30dayS2,P35,KO,P35_KO,1,TRUE,reclustered_cones
mysample2_TCTAGTGAGCGAGACA-1_2,Gls2,0,30dayS2,P35,KO,P35_KO,0,FALSE,reclustered_cones
mysample2_TCTATCTGTTGCGTGC-1_2,Gls,1.5193608925900663,30dayS2,P35,KO,P35_KO,3,TRUE,reclustered_cones
mysample2_TCTATCTGTTGCGTGC-1_2,Gls2,0,30dayS2,P35,KO,P35_KO,0,FALSE,reclustered_cones
mysample2_TCTCGAGGTTGGCGCT-1_2,Gls,1.6721102315614322,30dayS2,P35,KO,P35_KO,2,TRUE,reclustered_cones
mysample2_TCTCGAGGTTGGCGCT-1_2,Gls2,0,30dayS2,P35,KO,P35_KO,0,FALSE,reclustered_cones
mysample2_TCTCGATTCACTCAGA-1_2,Gls,0,30dayS2,P35,KO,P35_KO,0,FALSE,reclustered_cones
mysample2_TCTCGATTCACTCAGA-1_2,Gls2,0,30dayS2,P35,KO,P35_KO,0,FALSE,reclustered_cones
mysample2_TGAACATTCGTGATGC-1_2,Gls,0,30dayS2,P35,KO,P35_KO,0,FALSE,reclustered_cones
mysample2_TGAACATTCGTGATGC-1_2,Gls2,0,30dayS2,P35,KO,P35_KO,0,FALSE,reclustered_cones
mysample2_TGACACGCATGGTATA-1_2,Gls,0,30dayS2,P35,KO,P35_KO,0,FALSE,reclustered_cones
mysample2_TGACACGCATGGTATA-1_2,Gls2,0,30dayS2,P35,KO,P35_KO,0,FALSE,reclustered_cones
mysample2_TGAGCTGCATCCGTTA-1_2,Gls,0,30dayS2,P35,KO,P35_KO,0,FALSE,reclustered_cones
mysample2_TGAGCTGCATCCGTTA-1_2,Gls2,0,30dayS2,P35,KO,P35_KO,0,FALSE,reclustered_cones
mysample2_TGAGGCGGTTCACTAA-1_2,Gls,0,30dayS2,P35,KO,P35_KO,0,FALSE,reclustered_cones
mysample2_TGAGGCGGTTCACTAA-1_2,Gls2,0,30dayS2,P35,KO,P35_KO,0,FALSE,reclustered_cones
mysample2_TGAGTAGGTAAGTACG-1_2,Gls,0.7786596937024055,30dayS2,P35,KO,P35_KO,2,TRUE,reclustered_cones
mysample2_TGAGTAGGTAAGTACG-1_2,Gls2,0,30dayS2,P35,KO,P35_KO,0,FALSE,reclustered_cones
mysample2_TGCCGTTCACTTCAAT-1_2,Gls,0.9195128013012722,30dayS2,P35,KO,P35_KO,1,TRUE,reclustered_cones
mysample2_TGCCGTTCACTTCAAT-1_2,Gls2,0,30dayS2,P35,KO,P35_KO,0,FALSE,reclustered_cones
mysample2_TGCGATGCAATCGACG-1_2,Gls,0,30dayS2,P35,KO,P35_KO,0,FALSE,reclustered_cones
mysample2_TGCGATGCAATCGACG-1_2,Gls2,0,30dayS2,P35,KO,P35_KO,0,FALSE,reclustered_cones
mysample2_TGCTCGCTCCCTGTAT-1_2,Gls,0,30dayS2,P35,KO,P35_KO,0,FALSE,reclustered_cones
mysample2_TGCTCGCTCCCTGTAT-1_2,Gls2,0,30dayS2,P35,KO,P35_KO,0,FALSE,reclustered_cones
mysample2_TGCTGGACACAACGAT-1_2,Gls,0,30dayS2,P35,KO,P35_KO,0,FALSE,reclustered_cones
mysample2_TGCTGGACACAACGAT-1_2,Gls2,0,30dayS2,P35,KO,P35_KO,0,FALSE,reclustered_cones
mysample2_TGGCATTGTGAGTGAC-1_2,Gls,0,30dayS2,P35,KO,P35_KO,0,FALSE,reclustered_cones
mysample2_TGGCATTGTGAGTGAC-1_2,Gls2,0,30dayS2,P35,KO,P35_KO,0,FALSE,reclustered_cones
mysample2_TGGCGAGGTCTAGAGA-1_2,Gls,0,30dayS2,P35,KO,P35_KO,0,FALSE,reclustered_cones
mysample2_TGGCGAGGTCTAGAGA-1_2,Gls2,0,30dayS2,P35,KO,P35_KO,0,FALSE,reclustered_cones
mysample2_TGGCTTGGTAATTGGG-1_2,Gls,0,30dayS2,P35,KO,P35_KO,0,FALSE,reclustered_cones
mysample2_TGGCTTGGTAATTGGG-1_2,Gls2,0,30dayS2,P35,KO,P35_KO,0,FALSE,reclustered_cones
mysample2_TGGGATTCATGGAGCC-1_2,Gls,0,30dayS2,P35,KO,P35_KO,0,FALSE,reclustered_cones
mysample2_TGGGATTCATGGAGCC-1_2,Gls2,0,30dayS2,P35,KO,P35_KO,0,FALSE,reclustered_cones
mysample2_TGGTTAGTCAGGTCTA-1_2,Gls,0,30dayS2,P35,KO,P35_KO,0,FALSE,reclustered_cones
mysample2_TGGTTAGTCAGGTCTA-1_2,Gls2,0,30dayS2,P35,KO,P35_KO,0,FALSE,reclustered_cones
mysample2_TGGTTTGAGCCACACG-1_2,Gls,0,30dayS2,P35,KO,P35_KO,0,FALSE,reclustered_cones
mysample2_TGGTTTGAGCCACACG-1_2,Gls2,0,30dayS2,P35,KO,P35_KO,0,FALSE,reclustered_cones
mysample2_TGTACTTCAGGATAGA-1_2,Gls,0,30dayS2,P35,KO,P35_KO,0,FALSE,reclustered_cones
mysample2_TGTACTTCAGGATAGA-1_2,Gls2,0,30dayS2,P35,KO,P35_KO,0,FALSE,reclustered_cones
mysample2_TGTAGGTCATAGGCGC-1_2,Gls,0,30dayS2,P35,KO,P35_KO,0,FALSE,reclustered_cones
mysample2_TGTAGGTCATAGGCGC-1_2,Gls2,0,30dayS2,P35,KO,P35_KO,0,FALSE,reclustered_cones
mysample2_TGTGGTCAGCATCCGG-1_2,Gls,0,30dayS2,P35,KO,P35_KO,0,FALSE,reclustered_cones
mysample2_TGTGGTCAGCATCCGG-1_2,Gls2,0,30dayS2,P35,KO,P35_KO,0,FALSE,reclustered_cones
