age,celltype,gene,score,log2fc_ko_vs_ctrl,p_value,p_adj_bh,ko_pct_detected_rank_genes_groups,ctrl_n_cells,ctrl_avg_lognorm_expr,ctrl_pct_detected,ko_n_cells,ko_avg_lognorm_expr,ko_pct_detected,direction
P15,Rod,Map2,23.178455,0.7038635,7.510920528159587e-119,4.0288577713048026e-115,0.9318975552968568,4510,1.9702764,87.00665188470612,3436,2.4028323,93.18975552967774,up_in_KO
P15,Rod,H3f3b,15.396625,0.55601853,1.7243851287574283e-53,1.541600305109141e-50,0.9121071012805588,4510,2.4441173,87.13968957871944,3436,2.801366,91.2107101280483,up_in_KO
P15,Rod,Snap25,14.0613165,0.38642704,6.565367614750501e-45,3.5216631885521684e-42,0.9356810244470314,4510,2.091757,90.24390243903014,3436,2.330164,93.56810244469513,up_in_KO
P15,Rod,Nr2e3,12.835182,0.3694274,1.0415728268306217e-37,4.2976897254765035e-35,0.9033760186263097,4510,2.0693047,87.58314855876382,3436,2.2964332,90.33760186262356,up_in_KO
P15,Rod,Mir124a-1hg,12.623294,0.24418308,1.5711035302597673e-36,6.019570954509566e-34,0.9650756693830035,4510,3.1799278,95.587583148565,3436,3.3426843,96.50756693829179,not_significant
P15,Rod,Rp1,12.404133,0.19079995,2.481849846310891e-35,8.320401609757263e-33,0.9956344586728755,4510,3.4527495,99.53436807096004,3436,3.5810719,99.5634458672784,not_significant
P15,Rod,Hmgn2,11.10731,0.51582336,1.1558892220669147e-28,2.8182680850758775e-26,0.7662980209545984,4510,1.4643546,67.89356984479305,3436,1.7498543,76.629802095455,up_in_KO
P15,Rod,Ckb,11.062611,0.44457144,1.904714390824737e-28,4.4421252140799517e-26,0.8058789289871944,4510,1.6149179,75.0554323725099,3436,1.8688813,80.58789289871386,up_in_KO
P15,Rod,Rps23,10.609904,0.63156414,2.680221943529552e-26,5.32470759447871e-24,0.5273573923166472,4510,0.79884887,42.682926829269675,3436,1.0628784,52.73573923166437,up_in_KO
P15,Rod,Glo1,10.421624,0.5098205,1.9754987852386697e-25,3.784491244292937e-23,0.610302677532014,4510,0.9212132,52.90465631929278,3436,1.1484754,61.03026775319948,up_in_KO
P15,Rod,Plekhb1,9.6907835,0.43488234,3.2998752854368575e-22,5.206038538553913e-20,0.6379511059371362,4510,0.9699539,56.65188470066786,3436,1.1675205,63.79511059371119,up_in_KO
P15,Rod,Fgfbp3,9.624644,1.1700913,6.292399800083756e-22,9.375675702124796e-20,0.12136204889406287,4510,0.074028775,6.0975609756097455,3436,0.15948357,12.13620488940632,up_in_KO
P15,Rod,Tuba1a,9.392755,0.5331465,5.845119862218188e-21,8.250848142352201e-19,0.48544819557625146,4510,0.6429716,40.13303769401445,3436,0.83527523,48.544819557625296,up_in_KO
P15,Rod,Atf4,9.290186,0.496361,1.540187858584074e-20,2.118350685498711e-18,0.5203725261932479,4510,0.6758948,42.949002217296304,3436,0.85967535,52.03725261932457,up_in_KO
P15,Rod,Gm12802,9.173745,1.0910693,4.5686291322667793e-20,5.69909922453e-18,0.12427240977881257,4510,0.085738614,6.541019955654099,3436,0.1745491,12.427240977881292,up_in_KO
P15,Rod,Ide,8.936499,0.7188536,4.0169717033478973e-19,4.7882302703906936e-17,0.23690337601862632,4510,0.22077206,15.942350332594293,3436,0.34117186,23.6903376018627,up_in_KO
P15,Rod,Trib1,8.325062,0.7240894,8.42850677677809e-17,7.794915577696152e-15,0.20983701979045402,4510,0.19070782,14.10199556541032,3436,0.29792836,20.983701979045463,up_in_KO
P15,Rod,Kif19a,8.311848,0.8305399,9.422335419962771e-17,8.566340202149204e-15,0.14115250291036088,4510,0.11327637,8.2705099778271,3436,0.19334215,14.115250291036126,up_in_KO
P15,Rod,Hnrnpf,8.127017,0.37693635,4.3998388722586683e-16,3.9334559517992495e-14,0.6082654249126892,4510,0.9205801,53.658536585368246,3436,1.0858065,60.82654249126704,up_in_KO
P15,Rod,Gldc,8.019796,1.009371,1.0592053416208393e-15,8.877464769459661e-14,0.10186263096623982,4510,0.07767558,5.432372505543228,3436,0.15065604,10.186263096624009,up_in_KO
P15,Rod,Rcvrn,7.9417286,0.25654307,1.9938312098460164e-15,1.6453708630175435e-13,0.9385913853317811,4510,2.8408902,93.54767184036082,3436,3.0091588,93.85913853317005,up_in_KO
P15,Rod,E230016M11Rik,7.80634,0.4536907,5.887251792104376e-15,4.644002737183511e-13,0.46856810244470315,4510,0.6468134,38.736141906874636,3436,0.80893725,46.85681024447046,up_in_KO
P15,Rod,Ndfip1,7.7851543,0.33107537,6.962826980343162e-15,5.335514846080103e-13,0.7377764842840512,4510,1.2766916,67.38359201774202,3436,1.4472715,73.77764842840082,up_in_KO
P15,Rod,Gpx4,7.722975,0.37954655,1.1364563018442062e-14,8.585847328299045e-13,0.7424330616996507,4510,1.4638768,67.00665188470428,3436,1.6719602,74.24330616996069,up_in_KO
P15,Rod,Jam2,7.520247,0.32305592,5.4672852392973224e-14,3.85875237152511e-12,0.7089639115250291,4510,1.2142891,65.58758314856225,3436,1.376795,70.89639115249915,up_in_KO
P15,Rod,Lrp4,7.35463,0.49112242,1.9145639014332184e-13,1.316630867600998e-11,0.35273573923166474,4510,0.45588806,27.82705099778272,3436,0.59432256,35.27357392316658,up_in_KO
P15,Rod,Dscam,7.1527047,0.56481254,8.508442035509448e-13,5.306893381217753e-11,0.3224679860302678,4510,0.44830152,26.097560975609614,3436,0.6079751,32.246798603026875,up_in_KO
P15,Rod,Gm47283,7.1011987,0.5147324,1.2367952140833388e-12,7.538829009480716e-11,0.28550640279394646,4510,0.327294,21.75166297117503,3436,0.4403281,28.550640279394727,up_in_KO
P15,Rod,E130310I04Rik,7.090686,0.34237573,1.334489293358793e-12,8.042921988288276e-11,0.6216530849825378,4510,0.9399516,54.63414634146589,3436,1.0911347,62.16530849825166,up_in_KO
P15,Rod,Rab10,7.0286956,0.44343504,2.0847350136553773e-12,1.2425020681386048e-10,0.3862048894062864,4510,0.49532694,31.8181818181822,3436,0.62684786,38.62048894062875,up_in_KO
P15,Rod,Sdhaf4,6.984628,0.58150697,2.856109385414358e-12,1.6652359503655016e-10,0.23370197904540163,4510,0.23229735,17.472283813747236,3436,0.33024147,23.370197904540234,up_in_KO
P15,Rod,Cox7c,6.932491,0.38637125,4.134948295747457e-12,2.384931468644017e-10,0.5596623981373691,4510,0.9307426,49.2461197339266,3436,1.1013489,55.96623981373594,up_in_KO
P15,Rod,Rpl10a,6.9042926,0.32908294,5.0454158773794284e-12,2.8791075283258785e-10,0.639697322467986,4510,1.0943428,57.80487804878326,3436,1.2517259,63.96973224679614,up_in_KO
P15,Rod,Cdk2ap2,6.8503847,0.3585267,7.365166603101802e-12,4.115286839483132e-10,0.5142607683352736,4510,0.74330133,44.78935698448051,3436,0.8812858,51.42607683352725,up_in_KO
P15,Rod,Tmsb4x,6.7796955,0.35744298,1.2042952531088252e-11,6.591673201709937e-10,0.5980791618160652,4510,1.0271012,53.37028824833939,3436,1.1930304,59.80791618160484,up_in_KO
P15,Rod,Jund,6.559562,0.44985926,5.396594179852399e-11,2.680308442660025e-09,0.3224679860302678,4510,0.37124747,26.075388026607392,3436,0.47873566,32.246798603026875,up_in_KO
P15,Rod,Drd4,6.4794173,0.2804901,9.207740248995643e-11,4.490028972328421e-09,0.7246798603026775,4510,1.3540188,67.69401330377308,3436,1.5017439,72.4679860302637,up_in_KO
P15,Rod,Prtg,6.4450474,0.8076956,1.1556448974852119e-10,5.485733831956351e-09,0.10128055878928988,4510,0.089747265,6.230598669623049,3436,0.15217146,10.128055878929015,up_in_KO
P15,Rod,Btaf1,6.4250603,0.38427597,1.3181721549754225e-10,6.095409861455316e-09,0.4121071012805588,4510,0.5373072,34.14634146341523,3436,0.65674937,41.21071012805601,up_in_KO
P15,Rod,Fos,6.410586,0.77037704,1.449612691559713e-10,6.645916647458377e-09,0.13329452852153667,4510,0.1271694,9.00221729490029,3436,0.20807941,13.329452852153704,up_in_KO
P15,Rod,Fam104a,6.395839,0.37319428,1.596681889525074e-10,7.258136996112286e-09,0.4339348079161816,4510,0.571055,37.361419068737035,3436,0.6918905,43.393480791618295,up_in_KO
P15,Rod,Grm7,6.3929653,0.63687706,1.626992618411316e-10,7.333771769040587e-09,0.22584400465657742,4510,0.31212172,17.38359201773837,3436,0.4508298,22.584400465657808,up_in_KO
P15,Rod,Egr1,6.381763,0.7303316,1.75061039620194e-10,7.760557161344798e-09,0.1009895227008149,4510,0.098932184,6.186252771618615,3436,0.15915856,10.098952270081517,up_in_KO
P15,Rod,Desi1,6.3692484,0.31639442,1.8995682391942864e-10,8.351872159867339e-09,0.589639115250291,4510,0.9132146,53.592017738361584,3436,1.0502127,58.96391152502758,up_in_KO
P15,Rod,Dlc1,6.352425,0.4153807,2.1194649346560276e-10,9.242934885768238e-09,0.35477299185098954,4510,0.4491471,29.44567627494473,3436,0.5631219,35.477299185099056,up_in_KO
P15,Rod,Atp5g3,6.351078,0.37304372,2.1381132110659987e-10,9.249063922708078e-09,0.4458672875436554,4510,0.63265747,38.736141906874636,3436,0.7622286,44.58672875436568,up_in_KO
P15,Rod,Insm1,6.2730637,0.5180266,3.5401160575748684e-10,1.5051774692475926e-08,0.23486612339930152,4510,0.24945132,18.02660753880265,3436,0.3405455,23.486612339930222,up_in_KO
P15,Rod,Hmgn1,6.27203,0.1784885,3.563712501760706e-10,1.5051774692475926e-08,0.9534342258440046,4510,2.617704,94.19068736142519,3436,2.7328932,95.34342258439213,not_significant
P15,Rod,Ndufs2,6.121024,0.29661483,9.297571154919614e-10,3.667071446690354e-08,0.6958672875436555,4510,1.2988153,63.76940133038026,3436,1.4523757,69.58672875436203,up_in_KO
P15,Rod,Cerkl,6.1040416,0.30649036,1.0341946321418377e-09,4.049211683802056e-08,0.5893480791618161,4510,0.94218755,53.54767184035715,3436,1.0770999,58.93480791618009,up_in_KO
P15,Rod,Wdfy1,6.0945225,0.5719069,1.0976464115980848e-09,4.26650387812473e-08,0.1350407450523865,4510,0.12564848,9.113082039911381,3436,0.18150133,13.504074505238686,up_in_KO
P15,Rod,Mrps33,6.0907335,0.3616831,1.1239441358563336e-09,4.3372923343405566e-08,0.40657741559953436,4510,0.53644836,34.78935698447959,3436,0.64825207,40.65774155995356,up_in_KO
P15,Rod,Epb41,6.0560675,0.124449775,1.3948937433647222e-09,5.19597919403359e-08,0.9877764842840512,4510,2.9981494,98.51441241685795,3436,3.080283,98.77764842839613,not_significant
P15,Rod,Ap2m1,6.0294313,0.44414285,1.645377325983042e-09,6.08676136315382e-08,0.3032596041909197,4510,0.35739723,25.254988913525278,3436,0.46025544,30.325960419092056,up_in_KO
P15,Rod,Ptprn2,6.011347,0.6356355,1.8398810910990275e-09,6.713688552826656e-08,0.13154831199068684,4510,0.13487922,9.00221729490029,3436,0.2024024,13.15483119906872,up_in_KO
P15,Rod,Pde6g,5.974841,0.1955597,2.3031419850118515e-09,8.291311146042665e-08,0.9252037252619325,4510,2.8253393,92.19512195122545,3436,2.9533486,92.52037252618544,not_significant
P15,Rod,Hsbp1l1,5.952841,0.3454353,2.635275193736778e-09,9.361335191525879e-08,0.41559953434225844,4510,0.5344008,35.742793791575025,3436,0.64055747,41.559953434225974,up_in_KO
P15,Rod,Snhg15,5.9280477,0.6538378,3.0655732786501983e-09,1.0818246754394515e-07,0.1309662398137369,4510,0.11269259,9.02439024390251,3436,0.17200291,13.096623981373726,up_in_KO
P15,Rod,Kansl1l,5.9165506,0.2993615,3.2876318503203326e-09,1.1526050487005401e-07,0.5928405122235157,4510,0.9899071,53.88026607539044,3436,1.1252307,59.28405122234999,up_in_KO
P15,Rod,Rdh10,5.874484,0.61317503,4.241623407952206e-09,1.4678753522745567e-07,0.12194412107101281,4510,0.11479789,8.226164079822663,3436,0.17064825,12.194412107101314,up_in_KO
P15,Rod,Arl6ip1,5.8515525,0.3155117,4.870054291266084e-09,1.6745494370738e-07,0.49621653084982537,4510,0.72427607,43.725055432373985,3436,0.84292316,49.62165308498269,up_in_KO
P15,Rod,Mrpl9,5.845412,0.52111655,5.053173862251477e-09,1.7264474265679569e-07,0.2217694994179278,4510,0.26784867,17.095343680709554,3436,0.3651843,22.17694994179285,up_in_KO
P15,Rod,Dcun1d3,5.832419,0.4379645,5.462959827395126e-09,1.8546402857055353e-07,0.2543655413271246,4510,0.2895577,20.177383592017655,3436,0.3749746,25.43655413271253,up_in_KO
P15,Rod,Atp5a1,5.821141,0.28101826,5.844736248548827e-09,1.947277343926454e-07,0.5427823050058207,4510,0.7983731,49.57871396895989,3436,0.9101519,54.27823050058143,up_in_KO
P15,Rod,Samsn1,5.8013625,0.5321987,6.577814470110296e-09,2.1646255716362962e-07,0.23486612339930152,4510,0.32242224,18.647450110864714,3436,0.4383881,23.486612339930222,up_in_KO
P15,Rod,Tmem230,5.7652216,0.4075096,8.155070665781088e-09,2.6511393364393795e-07,0.28346915017462165,4510,0.3180105,22.86031042128586,3436,0.4031894,28.346915017462248,up_in_KO
P15,Rod,Spcs1,5.7409544,0.51964647,9.414449398810754e-09,2.988112815101827e-07,0.18247962747380675,4510,0.1742673,13.680709534368205,3436,0.24131393,18.24796274738073,up_in_KO
P15,Rod,Unc5c,5.685526,0.44052005,1.304109034228447e-08,4.0434918263591855e-07,0.2988940628637951,4510,0.45632637,24.72283813747205,3436,0.5792837,29.8894062863796,up_in_KO
P15,Rod,Gnb3,5.679123,0.5096846,1.3538705127536047e-08,4.1736559944886987e-07,0.20168800931315484,4510,0.2192854,15.52106430155218,3436,0.2994243,20.16880093131554,up_in_KO
P15,Rod,Atp1a3,5.6256876,0.20104702,1.8477051340598592e-08,5.599486067286489e-07,0.8041327124563445,4510,1.5741696,77.13968957871852,3436,1.6862062,80.41327124562892,not_significant
P15,Rod,Rbm39,5.6174707,0.17950113,1.9377275916779963e-08,5.839309439191445e-07,0.8547729918509895,4510,1.702441,83.05986696231108,3436,1.8053112,85.47729918509246,not_significant
P15,Rod,Ormdl3,5.596052,0.34435692,2.19287850292109e-08,6.534777938704847e-07,0.3882421420256112,4510,0.49534962,33.50332594235087,3436,0.5954774,38.82421420256124,up_in_KO
P15,Rod,Btg1,5.575643,0.36358306,2.4661741594907125e-08,7.228720323228515e-07,0.36554132712456344,4510,0.46064156,31.59645232816001,3436,0.5612078,36.55413271245646,up_in_KO
P15,Rod,Ndufb11,5.5713205,0.33330107,2.5281560232672218e-08,7.370124406959444e-07,0.4630384167636787,4510,0.7303058,40.354767184036646,3436,0.8566627,46.303841676368016,up_in_KO
P15,Rod,Tmem9,5.5602803,0.37039897,2.693420286463463e-08,7.767476568059147e-07,0.3131548311990687,4510,0.36690518,26.053215077605174,3436,0.45298994,31.31548311990696,up_in_KO
P15,Rod,Ttyh2,5.510545,0.3817241,3.577243965856099e-08,1.015255906500112e-06,0.3169383003492433,4510,0.3908707,26.385809312638465,3436,0.4843583,31.693830034924424,up_in_KO
P15,Rod,Spcs2,5.487495,0.30618984,4.076739257884082e-08,1.1509278620679061e-06,0.4508149010477299,4510,0.62337214,40.354767184036646,3436,0.72743934,45.08149010477313,up_in_KO
P15,Rod,Tmem127,5.4534764,0.43188563,4.939446752583895e-08,1.372807895381348e-06,0.20663562281722933,4510,0.22250912,15.920177383592076,3436,0.28981408,20.663562281722996,up_in_KO
P15,Rod,Fgd4,5.400003,0.26597708,6.663980886407283e-08,1.7872796737344331e-06,0.5713038416763678,4510,0.89270353,51.97339246119957,3436,1.0056186,57.130384167635604,up_in_KO
P15,Rod,Chchd3,5.3905296,0.22475426,7.025025397150073e-08,1.8639865932055086e-06,0.7206053550640279,4510,1.2749467,68.58093126386186,3436,1.3895841,72.06053550639882,not_significant
P15,Rod,Ubxn1,5.3551087,0.37731186,8.550493382106357e-08,2.2482767892950247e-06,0.29452852153667053,4510,0.3459247,24.567627494456534,3436,0.42972752,29.45285215366714,up_in_KO
P15,Rod,5830448L01Rik,5.318671,0.46731228,1.0452775982473226e-07,2.708632385023497e-06,0.18684516880093133,4510,0.1998424,14.390243902439135,3436,0.26683882,18.684516880093184,up_in_KO
P15,Rod,Ppib,5.305056,0.3730987,1.1263820610497773e-07,2.8908676437660314e-06,0.319848661233993,4510,0.38151008,27.20620842572058,3436,0.4709917,31.984866123399396,up_in_KO
P15,Rod,Rraga,5.2981524,0.3553726,1.1698019530563789e-07,2.9738472399025667e-06,0.34342258440046564,4510,0.42701828,29.49002217294917,3436,0.5196673,34.34225844004667,up_in_KO
P15,Rod,Klhl23,5.2762823,0.41400084,1.3183078849630314e-07,3.3036129389357454e-06,0.21856810244470315,4510,0.2526859,17.18403547671842,3436,0.3242766,21.856810244470378,up_in_KO
P15,Rod,Oaz1,5.275399,0.23835719,1.3246742553139774e-07,3.3036129389357454e-06,0.7540745052386496,4510,1.5153047,71.3968957871437,3436,1.6464828,75.40745052386035,not_significant
P15,Rod,Cst3,5.27462,0.22608152,1.3303139351419108e-07,3.3036129389357454e-06,0.8440046565774156,4510,2.205828,81.90687361419567,3436,2.3464286,84.40046565773527,not_significant
P15,Rod,Cpm,5.270806,0.53119755,1.3582601749310843e-07,3.357468930106146e-06,0.14377182770663563,4510,0.15240078,10.53215077605333,3436,0.21342196,14.377182770663602,up_in_KO
P15,Rod,Ssu72,5.243227,0.25064448,1.5779200908063536e-07,3.8298476774141544e-06,0.6484284051222352,4510,1.1419729,60.376940133040705,3436,1.2634624,64.84284051222089,up_in_KO
P15,Rod,Ebpl,5.2414045,0.20963512,1.5935901354345804e-07,3.850458327239229e-06,0.7313736903376019,4510,1.4117352,70.48780487805271,3436,1.523527,73.137369033756,not_significant
P15,Rod,Nsd1,5.219706,0.26792538,1.7920715777138593e-07,4.27229864126984e-06,0.5291036088474971,4510,0.7873255,47.649667405766806,3436,0.8927723,52.910360884749316,up_in_KO
P15,Rod,Ndrg1,5.212262,0.23296893,1.8655158280337627e-07,4.427711018395178e-06,0.6280558789289872,4510,1.0419255,59.64523281596746,3436,1.1493692,62.805587892896476,not_significant
P15,Rod,Ptms,5.2084327,0.2611302,1.9044251329463902e-07,4.480410707510718e-06,0.5864377182770664,4510,0.99774957,53.592017738361584,3436,1.1157628,58.64377182770517,up_in_KO
P15,Rod,Sys1,5.193614,0.25975284,2.0625041381921043e-07,4.789295323490237e-06,0.5317229336437719,4510,0.78946465,48.004434589802315,3436,0.8917448,53.17229336437674,up_in_KO
P15,Rod,Gadd45a,5.1807365,0.41787964,2.2101145390394104e-07,5.109937235951464e-06,0.23282887077997672,4510,0.26354274,18.824833702882447,3436,0.3384966,23.282887077997742,up_in_KO
P15,Rod,Gpm6b,5.141132,0.22837293,2.7308801377411184e-07,6.221320587398296e-06,0.8015133876600699,4510,1.7020485,76.51884700665637,3436,1.8332883,80.15133876600149,not_significant
P15,Rod,Tspan3,5.1399035,0.31553817,2.748793771837055e-07,6.221320587398296e-06,0.35651920838183937,4510,0.44658768,30.443458980044603,3436,0.53098243,35.65192083818404,up_in_KO
P15,Rod,Grcc10,5.136382,0.36848187,2.800778878230007e-07,6.312343656649477e-06,0.3137369033760186,4510,0.42028672,26.762749445676192,3436,0.51546276,31.373690337601957,up_in_KO
P15,Rod,Ercc3,5.135486,0.56742376,2.8141538040285666e-07,6.315950211217251e-06,0.13329452852153667,4510,0.12957668,9.756097560975702,3436,0.18648958,13.329452852153704,up_in_KO
P15,Rod,Arl6,5.134497,0.22274768,2.8289914611810683e-07,6.322795915739687e-06,0.6376600698486612,4510,1.0424432,60.044345898007414,3436,1.1450785,63.7660069848637,not_significant
P15,Rod,Lpgat1,5.110154,0.2735284,3.2189640903017543e-07,7.134336713273236e-06,0.4959254947613504,4510,0.7236183,44.87804878048939,3436,0.8257344,49.5925494761352,up_in_KO
P15,Rod,A930003A15Rik,5.1093903,0.24323012,3.23199817547613e-07,7.134336713273236e-06,0.5838183934807916,4510,0.9853253,54.966740576499184,3436,1.0942543,58.38183934807775,not_significant
P15,Rod,Nadk2,5.0494847,0.19245943,4.4300383697328175e-07,9.543263379617202e-06,0.7630966239813737,4510,1.3966031,73.17073170732125,3436,1.4986216,76.30966239813259,not_significant
P15,Rod,Pmm1,5.0442276,0.29216677,4.553568328879004e-07,9.770136206442792e-06,0.42956926658905703,4510,0.5960974,38.536585365854656,3436,0.692135,42.956926658905836,up_in_KO
P15,Rod,Ttyh1,5.0263352,0.30773664,4.999417240991229e-07,1.0641616698681329e-05,0.40279394644935973,4510,0.5434027,35.410199556541734,3436,0.6384208,40.2793946449361,up_in_KO
P15,Rod,Ier3,5.006461,0.31888336,5.543985633362557e-07,1.1707849975337304e-05,0.36874272409778813,4510,0.49011558,32.12860310421327,3436,0.58163655,36.874272409778925,up_in_KO
P15,Rod,Acadvl,4.9911757,0.334273,6.001287950148924e-07,1.2574573658046418e-05,0.30471478463329454,4510,0.36707273,25.543237250554128,3436,0.44413573,30.471478463329543,up_in_KO
P15,Rod,Cox5a,4.980891,0.30338657,6.329209374248277e-07,1.3057645801333754e-05,0.4089057043073341,4510,0.56538093,36.36363636363716,3436,0.661663,40.89057043073353,up_in_KO
P15,Rod,BC031181,4.97144,0.33379614,6.645743398655172e-07,1.3658148502063731e-05,0.31431897555296856,4510,0.3722438,26.607538802660656,3436,0.4500497,31.43189755529695,up_in_KO
P15,Rod,Unc5d,4.9458838,0.4375238,7.579926059067751e-07,1.551859671024405e-05,0.28987194412107103,4510,0.45617977,24.944567627494216,3436,0.5781955,28.987194412107186,up_in_KO
P15,Rod,Aipl1,4.9153695,0.16890526,8.861505549062959e-07,1.7869592392922447e-05,0.8492433061699651,4510,1.7363144,82.32815964523785,3436,1.8337349,84.92433061699012,not_significant
P15,Rod,Ckmt1,4.895897,0.30678242,9.785836148003114e-07,1.944119448069952e-05,0.3582654249126892,4510,0.4618072,31.086474501108963,3436,0.54581445,35.826542491269024,up_in_KO
P15,Rod,Osgep,4.887977,0.30137792,1.0187731328721878e-06,2.0017212764565625e-05,0.3870779976717113,4510,0.5351912,34.10199556541079,3436,0.6271177,38.707799767171245,up_in_KO
P15,Rod,Immp1l,4.883777,0.29323527,1.0407277082409618e-06,2.0341866293869746e-05,0.40570430733410945,4510,0.54685587,36.05321507760609,3436,0.637555,40.570430733411065,up_in_KO
P15,Rod,Slc25a11,4.8833694,0.405733,1.0428809155134565e-06,2.0341866293869746e-05,0.17840512223515717,4510,0.18230112,13.83592017738372,3436,0.23500878,17.840512223515766,up_in_KO
P15,Rod,Rom1,4.8657537,0.141216,1.140215414758214e-06,2.20798392951735e-05,0.9176367869615832,4510,2.6546514,91.86252771619216,3436,2.74596,91.76367869615065,not_significant
P15,Rod,Ubb,4.860063,0.23079261,1.1734831817747626e-06,2.2642315780718798e-05,0.8044237485448196,4510,2.0077639,77.02882483370742,3436,2.1476886,80.44237485447641,not_significant
P15,Rod,Tuba1b,4.85268,0.2559155,1.2180395108666178e-06,2.3417791886338844e-05,0.5357974388824214,4510,0.8337509,49.00221729490218,3436,0.9379097,53.57974388824162,up_in_KO
P15,Rod,Mtch1,4.8399673,0.37999213,1.2986059974579818e-06,2.487758060844505e-05,0.26629802095459837,4510,0.31197947,22.483370288248178,3436,0.38964328,26.629802095459915,up_in_KO
P15,Rod,Max,4.8018723,0.31025746,1.5718902239148322e-06,2.9989424586711835e-05,0.3440046565774156,4510,0.42834902,29.77827050997802,3436,0.5086329,34.40046565774166,up_in_KO
P15,Rod,Rab2a,4.80127,0.2666775,1.5766252299501749e-06,2.9989424586711835e-05,0.45168800931315484,4510,0.62018335,40.3104212860322,3436,0.7098707,45.16880093131562,up_in_KO
P15,Rod,1500011B03Rik,4.756397,0.35382813,1.9707905956936036e-06,3.68122968679775e-05,0.24738067520372525,4510,0.2815785,20.421286031042037,3436,0.34756368,24.7380675203726,up_in_KO
P15,Rod,Tmem126a,4.7558126,0.34354344,1.9764991606967786e-06,3.68122968679775e-05,0.25582072176949944,4510,0.29861867,21.1751662971174,3436,0.36572668,25.582072176950017,up_in_KO
P15,Rod,Tmem167,4.7526565,0.2909364,2.0076125011021166e-06,3.713390846866122e-05,0.39231664726426074,4510,0.53132457,34.92239467849291,3436,0.61942047,39.231664726426196,up_in_KO
P15,Rod,Fth1,4.7420077,0.2419353,2.116107220446791e-06,3.900618257895734e-05,0.6685098952270081,4510,1.3897333,61.995565410202715,3436,1.5182076,66.85098952269782,not_significant
P15,Rod,Tma7,4.7411556,0.14121144,2.1250279128629085e-06,3.9036471659577535e-05,0.9359720605355064,4510,2.7989948,93.21507760532754,3436,2.8911872,93.59720605354262,not_significant
P15,Rod,Tmsb10,4.7392826,0.41907108,2.1447602216296955e-06,3.92644840574119e-05,0.22788125727590222,4510,0.2785486,18.93569844789353,3436,0.35731107,22.788125727590288,up_in_KO
P15,Rod,Ift22,4.730394,0.42440566,2.240848385265559e-06,4.088405013117163e-05,0.15774155995343422,4510,0.15650167,12.128603104213022,3436,0.20486163,15.774155995343467,up_in_KO
P15,Rod,Pcsk2,4.707147,0.32087952,2.512077472545874e-06,4.539866921908974e-05,0.29540162980209544,4510,0.38623217,25.121951219511963,3436,0.46301374,29.540162980209633,up_in_KO
P15,Rod,Samd7,4.7070165,0.26116008,2.513684705083828e-06,4.539866921908974e-05,0.5209545983701979,4510,0.86193955,47.7605321507779,3436,0.97046274,52.095459837019554,up_in_KO
P15,Rod,Ptov1,4.706032,0.36843517,2.52585156709954e-06,4.546532820779172e-05,0.24854481955762514,4510,0.28116682,20.753880266075285,3436,0.35005042,24.85448195576259,up_in_KO
P15,Rod,Unc119,4.692572,0.16363022,2.697914442587227e-06,4.840004371250129e-05,0.9091967403958091,4510,2.43206,89.93348115299908,3436,2.5360148,90.9196740395734,not_significant
P15,Rod,Crx,4.6639466,0.16074492,3.102017749596337e-06,5.491492808196288e-05,0.8492433061699651,4510,1.7046571,82.10643015521565,3436,1.79672,84.92433061699012,not_significant
P15,Rod,Atp5b,4.656498,0.22586545,3.216332709661004e-06,5.675134425862377e-05,0.6184516880093132,4510,1.0685439,57.627494456765504,3436,1.1740407,61.84516880092925,not_significant
P15,Rod,Zranb1,4.650247,0.24428171,3.315378375176786e-06,5.8307179030977966e-05,0.5276484284051223,4510,0.7757882,47.871396895789,3436,0.87070525,52.76484284051186,not_significant
P15,Rod,Atp1b2,4.646365,0.18898381,3.378350498361011e-06,5.9027596329669254e-05,0.6466821885913854,4510,1.0967559,61.884700665191616,3436,1.1858834,64.66821885913593,not_significant
P15,Rod,Rd3l,4.6389217,0.44886294,3.5023169112034026e-06,6.0994895817191727e-05,0.18830034924330616,4510,0.2102469,15.25498891352558,3436,0.2771602,18.830034924330672,up_in_KO
P15,Rod,Cep57,4.61412,0.38438693,3.947645030866887e-06,6.808735673816714e-05,0.2048894062863795,4510,0.22793096,16.563192904656358,3436,0.28829896,20.488940628638012,up_in_KO
P15,Rod,Klhdc8b,4.600334,0.333478,4.218139553338723e-06,7.23919861416363e-05,0.2628055878928987,4510,0.30565047,21.973392461197196,3436,0.37189245,26.280558789289948,up_in_KO
P15,Rod,Ppargc1b,4.600034,0.22495991,4.224215447862074e-06,7.23919861416363e-05,0.6414435389988359,4510,1.0411541,59.49002217295193,3436,1.1447672,64.1443538998811,not_significant
P15,Rod,Mrpl49,4.594386,0.41339162,4.3402541759321785e-06,7.414370509458664e-05,0.21129220023282888,4510,0.23615031,17.405764966740588,3436,0.3036152,21.12922002328295,up_in_KO
P15,Rod,Smim40,4.579755,0.2504681,4.6552140747877135e-06,7.902078575051043e-05,0.579452852153667,4510,1.0828604,52.638580931266155,3436,1.2009932,57.945285215365374,up_in_KO
P15,Rod,Magi2,4.5749044,0.15475881,4.764375131332656e-06,8.06186378689854e-05,0.8768917345750873,4510,2.5105217,87.76053215078157,3436,2.6095016,87.68917345750182,not_significant
P15,Rod,C1qtnf12,4.5734496,0.50699806,4.797587434060245e-06,8.092534275565771e-05,0.13533178114086147,4510,0.13010181,10.31042128603115,3436,0.18019629,13.533178114086184,up_in_KO
P15,Rod,Neurod1,4.564275,0.16684286,5.012238040426189e-06,8.409540376956207e-05,0.840512223515716,4510,1.8490037,81.66297117517126,3436,1.9473141,84.05122235156537,not_significant
P15,Rod,Mir124-2hg,4.5640807,0.10757126,5.016877182375068e-06,8.409540376956207e-05,0.9653667054714785,4510,2.6573596,96.00886917960717,3436,2.7268732,96.53667054713928,not_significant
P15,Rod,Srsf11,4.5621295,0.25487342,5.063734139688744e-06,8.461641721274275e-05,0.4659487776484284,4510,0.65938014,42.06208425720753,3436,0.7485784,46.594877764842984,up_in_KO
P15,Rod,Ubap1l,4.5435467,0.22145134,5.531553042461656e-06,9.18614567175366e-05,0.529976717112922,4510,0.79285103,49.31263858093325,3436,0.8797843,52.997671711291794,not_significant
P15,Rod,Exosc4,4.4708076,0.41363624,7.792471323524638e-06,0.00012628041141808508,0.14668218859138532,4510,0.146153,11.286031042128739,3436,0.19031239,14.668218859138573,up_in_KO
P15,Rod,Erh,4.4557257,0.34551093,8.360997322372012e-06,0.00013416302326497916,0.22962747380675202,4510,0.2552278,19.090909090909044,3436,0.31439805,22.96274738067527,up_in_KO
P15,Rod,Dusp22,4.4495544,0.3091706,8.604868356434265e-06,0.0001373705769759327,0.2936554132712456,4510,0.36363244,25.1662971175164,3436,0.43395934,29.36554132712465,up_in_KO
P15,Rod,Abhd14b,4.440146,0.39224306,8.989785163806926e-06,0.00014266629472976436,0.20983701979045402,4510,0.2455261,17.31707317073172,3436,0.3113313,20.983701979045463,up_in_KO
P15,Rod,Ccdc39,4.438753,0.40431502,9.04815199273252e-06,0.0001431689890531482,0.1679278230500582,4510,0.18476485,13.303769401330523,3436,0.23789597,16.79278230500587,up_in_KO
P15,Rod,Pde4b,4.431118,0.30482304,9.374575579038118e-06,0.00014746399825794857,0.3859138533178114,4510,0.69048655,34.50110864745074,3436,0.80141926,38.59138533178126,up_in_KO
P15,Rod,Bbs5,4.421785,0.1922932,9.788896705605622e-06,0.00015263849397926905,0.6868451688009313,4510,1.1422355,65.01108647450454,3436,1.234891,68.68451688008979,not_significant
P15,Rod,Ssb,4.420301,0.24449411,9.85636360618268e-06,0.00015324502719873593,0.43975552968568105,4510,0.6055795,39.49002217295009,3436,0.6861334,43.97555296856824,not_significant
P15,Rod,Srsf2,4.4171066,0.24312142,1.0003098470150127e-05,0.00015507693697654708,0.4740977881257276,4510,0.67424065,42.88248337028965,3436,0.76044035,47.4097788125729,not_significant
P15,Rod,Mcts1,4.412906,0.28508857,1.0199225143345236e-05,0.0001576617973167258,0.3087892898719441,4510,0.38605562,26.541019955654,3436,0.4536893,30.878928987194502,up_in_KO
P15,Rod,Zfp1,4.4037085,0.33506995,1.0641602772963404e-05,0.0001640274634315394,0.20023282887077998,4510,0.22820272,16.164079822616458,3436,0.28017166,20.023282887078057,up_in_KO
P15,Rod,Pfn1,4.4028754,0.3725064,1.0682555320345787e-05,0.00016418689609838053,0.20547147846332944,4510,0.22140604,16.91796008869182,3436,0.27826858,20.547147846333004,up_in_KO
P15,Rod,Atp6v0c,4.400786,0.22807218,1.0785948916057292e-05,0.00016530237138780377,0.5040745052386496,4510,0.7829478,46.91796008869357,3436,0.8718627,50.40745052386504,not_significant
P15,Rod,Zfp24,4.3964725,0.32577088,1.1002428852697602e-05,0.0001681396819540454,0.25785797438882424,4510,0.3035444,21.81818181818168,3436,0.36776122,25.785797438882497,up_in_KO
P15,Rod,Morn2,4.386633,0.40424854,1.1511876244905508e-05,0.0001754252959592987,0.17869615832363214,4510,0.18928756,14.390243902439135,3436,0.24355866,17.869615832363266,up_in_KO
P15,Rod,Hsp90aa1,4.382725,0.13877228,1.1720421168218959e-05,0.00017809727803491925,0.8981373690337602,4510,2.574794,89.623059866968,3436,2.6639733,89.8137369033687,not_significant
P15,Rod,Cox6a1,4.364318,0.32418522,1.275200868723387e-05,0.00019268105520654219,0.309953434225844,4510,0.4127749,27.427937915742774,3436,0.49454772,30.995343422584494,up_in_KO
P15,Rod,Slc25a3,4.3455343,0.24452327,1.3893698483846519e-05,0.00020875573856401323,0.4429569266589057,4510,0.6382721,40.48780487804996,3436,0.7218226,44.295692665890705,not_significant
P15,Rod,Slc17a7,4.3290586,0.14523906,1.4974801687758544e-05,0.0002231245451476023,0.8454598370197904,4510,1.7511475,82.37250554324228,3436,1.8350562,84.54598370197273,not_significant
P15,Rod,Slc25a4,4.314675,0.20876445,1.5983803369218452e-05,0.00023619041672861649,0.5573341094295693,4510,0.9244,51.7738359201796,3436,1.0141691,55.733410942956006,not_significant
P15,Rod,Sf3b6,4.2853065,0.30006814,1.8248747138116744e-05,0.0002659953251327669,0.28143189755529685,4510,0.33496,24.21286031042107,3436,0.39869344,28.143189755529768,up_in_KO
P15,Rod,Dnttip2,4.2836766,0.34437022,1.838299936315172e-05,0.0002672260395228884,0.2450523864959255,4510,0.28692004,20.97560975609745,3436,0.35200047,24.505238649592624,up_in_KO
P15,Rod,Scand1,4.268929,0.24684027,1.9641376482671407e-05,0.00028342950751212133,0.4179278230500582,4510,0.6060996,37.51662971175257,3436,0.68751144,41.79278230500595,not_significant
P15,Rod,Snhg9,4.260953,0.43535993,2.035570984991923e-05,0.0002927292966084899,0.1388242142025611,4510,0.14708345,10.798226164079946,3436,0.19413857,13.882421420256149,up_in_KO
P15,Rod,Lztfl1,4.259511,0.25577095,2.048748395803798e-05,0.00029383653462811696,0.41006984866123397,4510,0.55081826,36.96230598669709,3436,0.6297699,41.006984866123524,up_in_KO
P15,Rod,Lman1,4.254727,0.26234055,2.093042791416104e-05,0.0002993888408841595,0.38649592549476136,4510,0.51838374,34.700665188470715,3436,0.5959653,38.64959254947625,up_in_KO
P15,Rod,Cyc1,4.2539673,0.33701685,2.1001615975128073e-05,0.00029960815981539094,0.2217694994179278,4510,0.247448,18.47006651884698,3436,0.30352885,22.17694994179285,up_in_KO
P15,Rod,Srsf9,4.2469664,0.39373055,2.1668466086564166e-05,0.000308301464425279,0.15250291036088476,4510,0.15663894,12.017738359201932,3436,0.20112948,15.250291036088518,up_in_KO
P15,Rod,Ndufs3,4.2375226,0.29484165,2.2599973569431807e-05,0.0003207043868424133,0.290162980209546,4510,0.3486936,25.121951219511963,3436,0.41331354,29.016298020954682,up_in_KO
P15,Rod,Wdr6,4.2335734,0.3688018,2.3000697324166146e-05,0.000325529658171048,0.19470314318975554,4510,0.21326531,15.96452328159651,3436,0.2676991,19.47031431897561,up_in_KO
P15,Rod,Mdh2,4.2185683,0.26709667,2.4585870421518817e-05,0.0003434658785658394,0.35360884749708965,4510,0.45716694,31.441241685144472,3436,0.52914065,35.36088474970907,up_in_KO
P15,Rod,Sumo2,4.2171245,0.2317722,2.4743724987583856e-05,0.00034474114502181766,0.4607101280558789,4510,0.6765901,42.106430155211974,3436,0.75879914,46.07101280558803,not_significant
P15,Rod,Eny2,4.2134633,0.3554681,2.514846064978486e-05,0.00034902728228570026,0.23020954598370197,4510,0.26101282,19.44567627494451,3436,0.3232234,23.020954598370267,up_in_KO
P15,Rod,Mrps18a,4.2092404,0.3831567,2.562304470610439e-05,0.0003542319891843916,0.1670547147846333,4510,0.17615354,13.39246119733939,3436,0.22411515,16.705471478463377,up_in_KO
P15,Rod,Sra1,4.2016144,0.4880018,2.650184123461561e-05,0.0003635700163234735,0.10768335273573923,4510,0.098567784,8.04878048780492,3436,0.13565266,10.768335273573951,up_in_KO
P15,Rod,Lrrc51,4.184859,0.49424434,2.8534339941563998e-05,0.0003894610672940186,0.13591385331781142,4510,0.15143603,10.64301552106442,3436,0.20726518,13.591385331781177,up_in_KO
P15,Rod,Ywhaq,4.1815205,0.25416064,2.8956632971366112e-05,0.0003942217747675325,0.3789289871944121,4510,0.4974322,33.61419068736197,3436,0.5702168,37.89289871944133,up_in_KO
P15,Rod,Snta1,4.1780667,0.19565473,2.9399767748320004e-05,0.0003992414030430089,0.6231082654249127,4510,1.0338402,58.58093126386093,3436,1.1233041,62.31082654248912,not_significant
P15,Rod,Cox4i1,4.167983,0.24190153,3.073070591529874e-05,0.0004131315953124372,0.5034924330616997,4510,0.87553,46.297117516631424,3436,0.97672445,50.34924330617005,not_significant
P15,Rod,Rsl24d1,4.15048,0.4583423,3.3177904764024285e-05,0.0004433920769543278,0.12776484284051223,4510,0.12232628,9.911308203991227,3436,0.16448319,12.776484284051257,up_in_KO
P15,Rod,Fyco1,4.1501236,0.14237405,3.322960755697982e-05,0.0004433920769543278,0.8154831199068685,4510,1.6019616,79.42350332594711,3436,1.6815299,81.54831199068109,not_significant
P15,Rod,Polr2e,4.149164,0.3288207,3.33691065786885e-05,0.0004441486046850747,0.23224679860302677,4510,0.2592969,19.490022172948944,3436,0.3161204,23.224679860302746,up_in_KO
P15,Rod,Cul4a,4.141849,0.26599187,3.445173330197491e-05,0.0004574235084945382,0.3425494761350407,4510,0.44877315,29.8669623059869,3436,0.51942545,34.25494761350418,up_in_KO
P15,Rod,Ctsl,4.1373825,0.31115186,3.5129002979320975e-05,0.00046526412834834,0.26018626309662396,4510,0.31310523,22.15077605321493,3436,0.37580404,26.018626309662473,up_in_KO
P15,Rod,Cadm2,4.1329045,0.028690252,3.582078770055382e-05,0.00047209509883481735,0.9959254947613504,4510,4.4956765,99.91130820399778,3436,4.515336,99.5925494761259,not_significant
P15,Rod,Xrcc6,4.118871,0.2707078,3.8073321723817935e-05,0.0005005522003101947,0.31664726426076834,4510,0.42105976,27.56097560975609,3436,0.4895862,31.66472642607693,up_in_KO
P15,Rod,Myo10,4.111925,0.26700196,3.923734900205269e-05,0.0005133393659683186,0.35040745052386496,4510,0.49155182,30.864745011086768,3436,0.56753844,35.040745052386605,up_in_KO
P15,Rod,Gm4258,4.0936036,0.19124033,4.247201692428115e-05,0.000552960919373408,0.6228172293364377,4510,1.1505282,60.08869179601185,3436,1.243003,62.281722933641625,not_significant
P15,Rod,Bfar,4.0913105,0.3688336,4.289425259830385e-05,0.0005562748955475684,0.1850989522700815,4510,0.20894496,15.210643015521146,3436,0.26241842,18.5098952270082,up_in_KO
P15,Rod,Clta,4.091096,0.19681078,4.293396844830226e-05,0.0005562748955475684,0.5250291036088475,4510,0.8096348,49.66740576496876,3436,0.8876296,52.502910360884435,not_significant
P15,Rod,Zc2hc1a,4.088086,0.42646492,4.3494625833603725e-05,0.0005621811396902419,0.12427240977881257,4510,0.13671026,9.578713968957958,3436,0.17971925,12.427240977881292,up_in_KO
P15,Rod,Abhd17a,4.083856,0.38362646,4.429450923832661e-05,0.0005711436239288076,0.19441210710128057,4510,0.21367083,16.252771618625324,3436,0.27062207,19.44121071012811,up_in_KO
P15,Rod,Tax1bp1,4.0791864,0.14664647,4.519358489685499e-05,0.0005813390632775304,0.8055878928987195,4510,1.5767989,78.00443458980507,3436,1.6582723,80.55878928986637,not_significant
P15,Rod,Map1lc3a,4.0780687,0.31948733,4.5411336350877105e-05,0.0005813518095133766,0.26135040745052385,4510,0.31997472,22.72727272727256,3436,0.38564962,26.135040745052464,up_in_KO
P15,Rod,Tob1,4.0774865,0.28076518,4.552521265669971e-05,0.0005814220016441363,0.29307334109429567,4510,0.35971853,25.432372505543032,3436,0.42260757,29.307334109429657,up_in_KO
P15,Rod,Cnot8,4.073688,0.47363737,4.627445790746036e-05,0.0005895871549064546,0.11583236321303841,4510,0.11556012,8.891352549889202,3436,0.1570951,11.583236321303874,up_in_KO
P15,Rod,Mtfp1,4.0605097,0.3598274,4.896567584695759e-05,0.0006209264426550367,0.1510477299185099,4510,0.1590392,11.973392461197497,3436,0.19984658,15.104772991851032,up_in_KO
P15,Rod,Brd7,4.034818,0.31915906,5.464454716749425e-05,0.0006848442780524279,0.2139115250291036,4510,0.24704273,17.849223946784917,3436,0.29982352,21.391152502910423,up_in_KO
P15,Rod,Dhdh,4.0273595,0.33073732,5.640677114653618e-05,0.0007052818658042426,0.18975552968568102,4510,0.21169718,15.565410199556611,3436,0.25968534,18.975552968568156,up_in_KO
P15,Rod,Dyrk2,4.014651,0.24879259,5.9533862954556955e-05,0.000742650327647078,0.38562281722933645,4510,0.51892096,34.78935698447959,3436,0.5923529,38.56228172293376,not_significant
P15,Rod,Rpp21,4.0132294,0.31716743,5.9893621056584785e-05,0.000745404601734387,0.21682188591385332,4510,0.24715808,18.20399113082038,3436,0.29960254,21.682188591385394,up_in_KO
P15,Rod,2810403D21Rik,4.0045857,0.4880643,6.21262575547063e-05,0.0007696195046730822,0.11321303841676368,4510,0.13383959,8.69179600886924,3436,0.18303803,11.321303841676398,up_in_KO
P15,Rod,Tmed2,3.9774373,0.31025064,6.966200680821325e-05,0.0008531210148841459,0.24650756693830034,4510,0.28470427,21.1751662971174,3436,0.3424485,24.650756693830107,up_in_KO
P15,Rod,Cfl2,3.9701707,0.24120967,7.182114237126814e-05,0.000873643570406657,0.3757275902211874,4510,0.49795443,33.59201773835975,3436,0.56690145,37.57275902211886,not_significant
P15,Rod,Sdhb,3.9602697,0.32123485,7.486512986781767e-05,0.0009024192283392674,0.2089639115250291,4510,0.23408104,17.51662971175167,3436,0.28482217,20.89639115250297,up_in_KO
P15,Rod,Srsf7,3.9509583,0.20614935,7.783888505147095e-05,0.000936160940394821,0.5363795110593713,4510,0.79259497,49.534368070955445,3436,0.87331975,53.63795110593661,not_significant
P15,Rod,Hnrnpa0,3.9502387,0.23760132,7.807330899185208e-05,0.000936879707902225,0.39086146682188594,4510,0.532671,35.23281596452398,3436,0.6039994,39.08614668218871,not_significant
P15,Rod,Eif4a1,3.9446504,0.24960567,7.991644587105004e-05,0.0009568567313667688,0.3588474970896391,4510,0.46919888,32.372505543237686,3436,0.5375453,35.88474970896402,not_significant
P15,Rod,Rhoa,3.9419615,0.2678291,8.081796073325507e-05,0.0009654956378021832,0.3116996507566938,4510,0.38635206,27.317073170731675,3436,0.44967723,31.169965075669477,up_in_KO
P15,Rod,Pten,3.9347134,0.19830798,8.329604306988204e-05,0.0009906873060462245,0.5355064027939465,4510,0.80657125,49.80044345898208,3436,0.88499033,53.55064027939414,not_significant
P15,Rod,Tigd2,3.9255428,0.28910136,8.653432866978993e-05,0.0010224011871910862,0.25,4510,0.29979178,21.463414634146215,3436,0.3556737,25.00000000000007,up_in_KO
P15,Rod,Luc7l2,3.9235065,0.18385822,8.726941992769026e-05,0.001028820150532155,0.6248544819557625,4510,1.0288305,59.15742793791864,3436,1.1125636,62.485448195574065,not_significant
P15,Rod,Snhg20,3.9213138,0.23417993,8.806746099948337e-05,0.0010359514491255018,0.3917345750873108,4510,0.5367934,35.34368070953507,3436,0.60744345,39.173457508731204,not_significant
P15,Rod,Ncbp2,3.9141164,0.30839247,9.073590535933598e-05,0.0010650052436487487,0.21041909196740397,4510,0.23725165,17.64966740576497,3436,0.28636223,21.04190919674046,up_in_KO
P15,Rod,4632427E13Rik,3.9117336,0.22627185,9.163598002303276e-05,0.0010732213904880955,0.41443538998835855,4510,0.59820616,37.84922394678586,3436,0.67187315,41.44353899883598,not_significant
P15,Rod,Zfp438,3.9096322,0.4007751,9.243676175272902e-05,0.0010802413726397353,0.15570430733410942,4510,0.1868618,12.660753880266244,3436,0.2400028,15.570430733410987,up_in_KO
P15,Rod,Dlg2,3.9028897,0.09037636,9.505104243543323e-05,0.0011011960942195762,0.94965075669383,4510,3.1271143,95.67627494457388,3436,3.1870916,94.96507566937473,not_significant
P15,Rod,Rpl10,3.8916855,0.28280205,9.955019611095733e-05,0.001143441652974679,0.259604190919674,4510,0.318361,22.350332594234878,3436,0.37572914,25.96041909196748,up_in_KO
P15,Rod,Zdhhc16,3.889891,0.39380458,0.00010028927390891393,0.0011494693701867827,0.1370779976717113,4510,0.13856383,10.886917960088818,3436,0.17837112,13.707799767171167,up_in_KO
P15,Rod,Rae1,3.8892658,0.3838325,0.00010054799376817535,0.0011499774809648029,0.13853317811408614,4510,0.14850982,10.997782705099906,3436,0.18971448,13.853317811408653,up_in_KO
P15,Rod,Enah,3.885225,0.19604366,0.00010223514721082187,0.001166785807742231,0.5474388824214202,4510,0.88328564,51.15299334811746,3436,0.96521217,54.743888242141296,not_significant
P15,Rod,Rbm3,3.8787663,0.3622324,0.00010498755790685546,0.001195654481130303,0.17433061699650756,4510,0.19361366,14.390243902439135,3436,0.24263178,17.433061699650807,up_in_KO
P15,Rod,Rbx1,3.8756468,0.20763472,0.00010634181685895235,0.0012059566715252018,0.4970896391152503,4510,0.76543015,45.63192904656484,3436,0.84497386,49.70896391152518,not_significant
P15,Rod,Kin,3.869922,0.3934477,0.0001088702038137663,0.0012294311015937736,0.14231664726426077,4510,0.15340385,11.374722838137611,3436,0.19702739,14.231664726426116,up_in_KO
P15,Rod,Ssr2,3.861897,0.34189937,0.00011250997041989137,0.0012659439436725933,0.17549476135040745,4510,0.18761797,14.478935698448,3436,0.23235035,17.549476135040795,up_in_KO
P15,Rod,Rpl21,3.8617547,0.18681523,0.00011257555203799905,0.0012659439436725933,0.5940046565774156,4510,1.1101425,55.23281596452582,3436,1.1987876,59.40046565773996,not_significant
P15,Rod,Erg28,3.8541276,0.33497137,0.00011614303154200106,0.0013033289146261373,0.17956926658905703,4510,0.19613092,14.833702882483465,3436,0.24162574,17.956926658905754,up_in_KO
P15,Rod,Gnb1,3.8535762,0.0413465,0.00011640497511301219,0.0013035413079461324,0.9976717112922002,4510,3.730767,99.73392461198002,3436,3.7587504,99.76717112921085,not_significant
P15,Rod,Rer1,3.8478312,0.27824387,0.00011916805951063955,0.0013289344515905832,0.27153667054714786,4510,0.3262114,23.725055432372304,3436,0.38373467,27.153667054714862,up_in_KO
P15,Rod,Tmem106c,3.844962,0.32661578,0.0001205711214195289,0.0013390134478143954,0.19761350407450523,4510,0.21939832,16.54101995565414,3436,0.26823705,19.761350407450582,up_in_KO
P15,Rod,Trim9,3.843246,0.3417281,0.00012141760603333283,0.0013428536881707161,0.1658905704307334,4510,0.2002436,13.525498891352688,3436,0.24760573,16.58905704307339,up_in_KO
P15,Rod,Zkscan1,3.8424647,0.3134835,0.00012180498202682565,0.0013443660979257054,0.22206053550640278,4510,0.2603874,18.91352549889131,3436,0.31453407,22.206053550640345,up_in_KO
P15,Rod,H3f3a,3.835923,0.17756017,0.00012509365870202275,0.0013778283065249486,0.7887077997671711,4510,1.7421055,75.72062084257648,3436,1.844689,78.87077997671186,not_significant
P15,Rod,Cep19,3.8333817,0.39692518,0.00012639358474088379,0.001386781412056977,0.11292200232828871,4510,0.11271631,8.713968957871458,3436,0.14591776,11.292200232828902,up_in_KO
P15,Rod,Mpped2,3.832175,0.19091356,0.0001270153165229643,0.001386781412056977,0.6228172293364377,4510,1.1473234,59.246119733927515,3436,1.2395071,62.281722933641625,not_significant
P15,Rod,Xrcc4,3.8319314,0.27346334,0.0001271412564689267,0.001386781412056977,0.3265424912689173,4510,0.48754162,29.268292682926976,3436,0.56499565,32.654249126891834,up_in_KO
P15,Rod,Dad1,3.8310995,0.25161704,0.00012757184988863903,0.001386781412056977,0.30587892898719443,4510,0.39140463,26.984478935698387,3436,0.45129025,30.58789289871953,up_in_KO
P15,Rod,Nxnl2,3.8309913,0.1839969,0.00012762801599437763,0.001386781412056977,0.5654831199068685,4510,0.9546135,53.680709534370465,3436,1.0349602,56.548311990685775,not_significant
P15,Rod,Atp5g2,3.827418,0.23792975,0.00012949445248677257,0.001403248976038481,0.41443538998835855,4510,0.6356277,38.3592017738369,3436,0.71660143,41.44353899883598,not_significant
P15,Rod,Rplp0,3.816386,0.24649258,0.00013542057835402084,0.001464508028812435,0.36030267753201395,4510,0.53254217,32.43902439024434,3436,0.6066566,36.03026775320151,not_significant
P15,Rod,Ankrd12,3.8138385,0.13867499,0.00013682488403970677,0.0014767176619496722,0.880384167636787,4510,1.9744141,85.92017738359738,3436,2.0577288,88.03841676367172,not_significant
P15,Rod,Dync2li1,3.8129385,0.36084062,0.00013732435943343197,0.001479132257029978,0.17142025611175785,4510,0.18335675,14.190687361419185,3436,0.2298655,17.142025611175836,up_in_KO
P15,Rod,Ranbp17,3.8111389,0.35331637,0.000138328089508543,0.001486957659566783,0.1420256111757858,4510,0.17650944,11.352549889135394,3436,0.22043154,14.202561117578618,up_in_KO
P15,Rod,Naa20,3.8028052,0.26822576,0.00014306680906213984,0.001522639610732774,0.3018044237485448,4510,0.37946177,26.82926829268285,3436,0.4419859,30.18044237485457,up_in_KO
P15,Rod,Plekhh2,3.8021529,0.28378612,0.00014344414626604884,0.0015236324763783882,0.24126891734575087,4510,0.3195043,20.554323725055337,3436,0.37725732,24.12689173457516,up_in_KO
P15,Rod,Rgs22,3.799751,0.31938928,0.00014484156549696153,0.0015354350935290547,0.20372526193247964,4510,0.25987318,17.117516629711773,3436,0.31503305,20.37252619324802,up_in_KO
P15,Rod,Plpp2,3.798771,0.27413276,0.00014541544086110557,0.0015384781553825844,0.279976717112922,4510,0.3511831,24.456762749445453,3436,0.41131186,27.997671711292284,up_in_KO
P15,Rod,Gm5914,3.796093,0.33847547,0.00014699442456885247,0.0015491127024879925,0.16850989522700816,4510,0.18477319,13.791574279379287,3436,0.22841631,16.850989522700864,up_in_KO
P15,Rod,Ran,3.7960865,0.28604016,0.00014699820387143703,0.0015491127024879925,0.2581490104772992,4510,0.3133002,22.52771618625261,3436,0.3706084,25.814901047729993,up_in_KO
P15,Rod,Plxna2,3.788801,0.19735268,0.00015137615552997442,0.0015921209769858486,0.5826542491268918,4510,0.9941347,54.76718403547921,3436,1.0824628,58.26542491268778,not_significant
P15,Rod,Sag,3.785326,0.045899883,0.0001535071506217459,0.0016113744734540998,0.9982537834691502,4510,4.4360743,99.91130820399778,3436,4.467522,99.82537834690584,not_significant
P15,Rod,Spata7,3.7743335,0.32528353,0.00016043609349387637,0.0016775423109184266,0.1920838183934808,4510,0.23811361,16.09756097560981,3436,0.29031548,19.208381839348135,up_in_KO
P15,Rod,Pdc,3.7665942,0.092667215,0.00016548970739018362,0.001720323237288653,0.9863213038416764,4510,3.685726,98.82483370288902,3436,3.748403,98.63213038415867,not_significant
P15,Rod,Rps14,3.765042,0.19977507,0.00016652111605792785,0.0017276968404926981,0.5480209545983702,4510,0.9896037,50.13303769401537,3436,1.0788164,54.80209545983627,not_significant
P15,Rod,Dynll1,3.7625556,0.20045228,0.00016818597401804667,0.001738245789273222,0.5107683352735739,4510,0.8239335,47.00665188470244,3436,0.9042833,51.076833527357344,not_significant
P15,Rod,Slc3a2,3.7618735,0.30621055,0.0001686452885395815,0.0017396410148582985,0.22642607683352736,4510,0.2677806,19.423503325942292,3436,0.32184136,22.642607683352804,up_in_KO
P15,Rod,Phpt1,3.7599943,0.42995632,0.00016991728558784003,0.0017460465898336665,0.12048894062863795,4510,0.113784686,9.512195121951304,3436,0.15044484,12.048894062863829,up_in_KO
P15,Rod,Zbtb20,3.7528713,0.119511105,0.00017482071754316658,0.00179065539993489,0.8588474970896391,4510,2.0518174,85.23281596452857,3436,2.1243901,85.88474970895734,not_significant
P15,Rod,Btf3,3.75272,0.24405132,0.0001749260681517305,0.00179065539993489,0.3349825378346915,4510,0.4408591,30.15521064301575,3436,0.50450194,33.49825378346925,not_significant
P15,Rod,Psma1,3.7378001,0.266198,0.00018563739954381337,0.0018930779679715113,0.23806752037252618,4510,0.277287,20.35476718403539,3436,0.3251916,23.80675203725269,up_in_KO
P15,Rod,Rps18,3.7310693,0.20526049,0.00019066869124668696,0.001937020567892479,0.49650756693830034,4510,0.8565011,45.343680709535995,3436,0.9408133,49.65075669383019,not_significant
P15,Rod,Cnpy2,3.7225797,0.27973348,0.0001971976249668919,0.0019957887930611476,0.26979045401629803,4510,0.33223543,23.791574279378956,3436,0.39096206,26.979045401629882,up_in_KO
P15,Rod,Cited2,3.720584,0.1935366,0.0001987626983538055,0.002007840139302849,0.5227008149010477,4510,0.8304188,48.78048780487999,3436,0.9082946,52.2700814901045,not_significant
P15,Rod,Phf3,3.7110283,0.21633255,0.00020641892043564905,0.002081261445896281,0.4220023282887078,4510,0.5899583,38.536585365854656,3436,0.659574,42.20023282887091,not_significant
P15,Rod,Tmem237,3.7100847,0.1920195,0.00020718984634716497,0.0020851150765594613,0.5069848661233993,4510,0.7692195,46.984478935700224,3436,0.8428364,50.698486612339956,not_significant
P15,Rod,Arrdc3,3.7084875,0.30414888,0.00020850092364350356,0.002094380064463957,0.19819557625145517,4510,0.23606831,16.651884700665224,3436,0.28423843,19.819557625145574,up_in_KO
P15,Rod,Socs5,3.7065427,0.26295608,0.0002101077016946486,0.0021065751624113928,0.2636786961583236,4510,0.3268727,22.83813747228364,3436,0.38112083,26.36786961583244,up_in_KO
P15,Rod,Rsrc2,3.7041748,0.15345898,0.0002120800083334562,0.0021185722260386158,0.7517462165308498,4510,1.3666607,72.21729490022582,3436,1.4469645,75.17462165308042,not_significant
P15,Rod,Jun,3.7016077,0.35918185,0.00021423776790230835,0.0021360062955910445,0.18859138533178113,4510,0.21631189,15.920177383592076,3436,0.26984254,18.859138533178168,up_in_KO
P15,Rod,Gm44196,3.6916173,0.1521923,0.00022283263369806384,0.0022073791466405935,0.8492433061699651,4510,2.2669005,83.45898004435102,3436,2.3619652,84.92433061699012,not_significant
P15,Rod,2510009E07Rik,3.6822255,0.25585032,0.0002312068480480416,0.002279767523767822,0.3457508731082654,4510,0.47091392,31.419068736142254,3436,0.54125595,34.575087310826646,up_in_KO
P15,Rod,2610020C07Rik,3.6799123,0.23238547,0.0002333140854358273,0.0022963243197757386,0.4167636786961583,4510,0.64078516,38.470066518848,3436,0.7202332,41.67636786961596,not_significant
P15,Rod,Bax,3.6769083,0.35598466,0.00023607792458850207,0.0023192710393639656,0.16356228172293363,4510,0.1726642,13.547671840354905,3436,0.21608768,16.35622817229341,up_in_KO
P15,Rod,Pura,3.6709836,0.19343582,0.00024161899669339885,0.002369368004137827,0.5232828870779976,4510,0.79563487,48.84700665188665,3436,0.8714191,52.32828870779949,not_significant
P15,Rod,Tmem181a,3.6698878,0.41367543,0.0002426568797418299,0.0023752034725094445,0.12485448195576251,4510,0.13544749,9.977827050997881,3436,0.17665236,12.485448195576286,up_in_KO
P15,Rod,Gpcpd1,3.6676378,0.26068193,0.000244801688013903,0.0023881934591441193,0.279685681024447,4510,0.3671807,24.54545454545432,3436,0.42626262,27.968568102444785,up_in_KO
P15,Rod,Cdk5r2,3.6675618,0.261495,0.0002448744225446058,0.0023881934591441193,0.2671711292200233,4510,0.32288715,23.414634146341275,3436,0.3762721,26.717112922002407,up_in_KO
P15,Rod,Eif1,3.6591165,0.1915265,0.0002530862376864284,0.002450459528790617,0.6446449359720605,4510,1.2303724,59.17960088692086,3436,1.3261279,64.4644935972035,not_significant
P15,Rod,Psma3,3.6528177,0.19749023,0.000259378410147554,0.0025023485468192077,0.4490686845168801,4510,0.63575,41.59645232816093,3436,0.7024895,44.90686845168815,not_significant
P15,Rod,Clcn3,3.6481104,0.15112814,0.00026417606223656635,0.0025440581648778133,0.6469732246798603,4510,1.0930378,62.328159645236006,3436,1.1638877,64.69732246798343,not_significant
P15,Rod,Gnl2,3.6452565,0.31958643,0.0002671251232851255,0.0025678479593215287,0.15512223515715948,4510,0.17284407,12.68292682926846,3436,0.21145016,15.512223515715991,up_in_KO
P15,Rod,Srrm4,3.6432195,0.19450998,0.00026924917678806265,0.002583636107855399,0.5768335273573924,4510,0.972149,53.325942350334955,3436,1.0580846,57.68335273573795,not_significant
P15,Rod,Guk1,3.6379468,0.2061673,0.0002748202433503072,0.0026323853309482997,0.5026193247962747,4510,0.8348752,47.16186252771798,3436,0.91825956,50.26193247962758,not_significant
P15,Rod,Ppp1r10,3.635935,0.21279676,0.00027697401377465376,0.0026448491176643447,0.3914435389988359,4510,0.534991,35.49889135255061,3436,0.59876305,39.144353899883704,not_significant
P15,Rod,Mtln,3.6349244,0.31204572,0.0002780622157995704,0.0026448491176643447,0.18073341094295692,4510,0.20206378,15.099778270510065,3436,0.24529386,18.073341094295746,up_in_KO
P15,Rod,Mrps16,3.634895,0.39488262,0.0002780937551011727,0.0026448491176643447,0.12747380675203726,4510,0.12608933,10.221729490022279,3436,0.16270725,12.74738067520376,up_in_KO
P15,Rod,Dpy30,3.632176,0.21909949,0.00028104148067473514,0.00266815310148545,0.38445867287543656,4510,0.5206195,34.90022172949069,3436,0.58505946,38.44586728754377,not_significant
P15,Rod,Rbmxl1,3.6278687,0.31731334,0.0002857705888115705,0.002698720842227578,0.17636786961583237,4510,0.19335112,14.656319290465733,3436,0.23569201,17.636786961583287,up_in_KO
P15,Rod,Slc25a5,3.6241503,0.20588258,0.00028991306515353506,0.0027330293171943095,0.4778812572759022,4510,0.767823,44.434589800445,3436,0.84683174,47.78812572759037,not_significant
P15,Rod,Ramac,3.6207066,0.36693314,0.0002937995221258335,0.002764808134531528,0.14260768335273574,4510,0.14282367,11.596452328159792,3436,0.18064424,14.260768335273614,up_in_KO
P15,Rod,Tcf12,3.6173751,0.13951568,0.00029760572852911144,0.002795721765026539,0.7115832363213038,4510,1.3762239,70.0221729490061,3436,1.4493746,71.15832363212658,not_significant
P15,Rod,Mrps10,3.6113372,0.3281209,0.0003046221956535071,0.002856631918680791,0.15541327124563445,4510,0.16716175,12.727272727272892,3436,0.20572072,15.54132712456349,up_in_KO
P15,Rod,Podxl2,3.6057906,0.2953724,0.0003112040620453282,0.0029132610624976276,0.19644935972060534,4510,0.2277204,16.518847006651924,3436,0.27295202,19.644935972060594,up_in_KO
P15,Rod,Morf4l2,3.586103,0.29717058,0.00033565654690227573,0.0031247318064715154,0.22206053550640278,4510,0.2575342,19.223946784922344,3436,0.30816314,22.206053550640345,up_in_KO
P15,Rod,Ppie,3.5814497,0.37245235,0.00034169282725735295,0.0031655273323116426,0.12310826542491268,4510,0.1253474,9.822616407982355,3436,0.1594599,12.310826542491302,up_in_KO
P15,Rod,Mxra7,3.5716074,0.23978604,0.00035479697552734163,0.0032643756033081655,0.3070430733410943,4510,0.39631966,27.339246119733897,3436,0.4538006,30.704307334109522,not_significant
P15,Rod,Gabarap,3.5668478,0.29491612,0.00036130120405495963,0.003318526812586992,0.22526193247962747,4510,0.26246482,19.51219512195116,3436,0.31349936,22.526193247962816,up_in_KO
P15,Rod,Atxn10,3.5642827,0.24486384,0.0003648525714268178,0.0033420270471674492,0.27182770663562283,4510,0.3420561,23.68070953436787,3436,0.39425698,27.182770663562362,not_significant
P15,Rod,Scaper,3.5641007,0.22431886,0.0003651058630947288,0.0033420270471674492,0.3719441210710128,4510,0.5572135,33.769401330377505,3436,0.62661433,37.19441210710139,not_significant
P15,Rod,Ppia,3.5614383,0.23289175,0.00036882885085150375,0.0033609170872583223,0.34429569266589055,4510,0.47467992,30.753880266075672,3436,0.53878766,34.42956926658916,not_significant
P15,Rod,Ryr2,3.5596297,0.3733099,0.0003713781105611696,0.003372135068476859,0.11961583236321303,4510,0.14049344,9.512195121951304,3436,0.17847101,11.961583236321337,up_in_KO
P15,Rod,Mtch2,3.552752,0.2973401,0.000381223579385261,0.003454194729429966,0.19819557625145517,4510,0.2297974,16.829268292682954,3436,0.27571654,19.819557625145574,up_in_KO
P15,Rod,Tubb4b,3.5515273,0.3096072,0.0003830024590809155,0.0034586282668519035,0.2191501746216531,4510,0.2538156,19.024390243902396,3436,0.3060836,21.915017462165373,up_in_KO
P15,Rod,Tmem11,3.5463083,0.35544023,0.0003906689730047032,0.0035195138075855095,0.1239813736903376,4510,0.12973423,9.933481152993446,3436,0.16316134,12.398137369033794,up_in_KO
P15,Rod,Atp5c1,3.5381806,0.20752679,0.0004028943264167642,0.003607888425541775,0.400174621653085,4510,0.5728316,36.65188470066602,3436,0.6381161,40.01746216530862,not_significant
P15,Rod,Park7,3.5366945,0.21325207,0.00040516797761802706,0.003622201719905162,0.3838766006984866,4510,0.5534221,34.98891352549956,3436,0.6189345,38.38766006984878,not_significant
P15,Rod,Ywhaz,3.5337257,0.2243771,0.00040974590682332383,0.0036570333514148235,0.3413853317811409,4510,0.44693732,30.975609756097867,3436,0.505818,34.13853317811419,not_significant
P15,Rod,Nlk,3.5172727,0.12185921,0.0004360055180424554,0.00387849684706423,0.8928987194412107,4510,2.0115733,87.51662971175716,3436,2.085143,89.28987194411387,not_significant
P15,Rod,E2f4,3.5103304,0.38520178,0.0004475500803787279,0.003968030795291729,0.12689173457508732,4510,0.13729279,10.243902439024497,3436,0.17580245,12.689173457508765,up_in_KO
P15,Rod,Ccdc173,3.5008683,0.21179649,0.00046374496065866366,0.004098069141636032,0.4010477299185099,4510,0.57572824,36.65188470066602,3436,0.6426519,40.104772991851114,not_significant
P15,Rod,Zfp444,3.4994965,0.18963358,0.00046613795918179854,0.00411244081093942,0.490104772991851,4510,0.71462584,45.698447893571505,3436,0.7838996,49.010477299185254,not_significant
P15,Rod,Nap1l1,3.4972932,0.16948675,0.0004700047418255173,0.004137684454709318,0.5628637951105937,4510,0.9238263,54.05764966740819,3436,0.99630386,56.28637951105835,not_significant
P15,Rod,Rps27a,3.4969885,0.1859456,0.00047054204276149965,0.004137684454709318,0.5750873108265425,4510,1.0519984,52.195121951221765,3436,1.1377368,57.508731082653,not_significant
P15,Rod,Cd81,3.4954302,0.2967157,0.00047329828482153385,0.004155109655945512,0.21827706635622818,4510,0.25523314,18.891352549889096,3436,0.305392,21.82770663562288,up_in_KO
P15,Rod,Otud7b,3.485913,0.14862064,0.0004904602539570857,0.0042777704101232645,0.6740395809080326,4510,1.1976502,65.01108647450454,3436,1.2706676,67.40395809080016,not_significant
P15,Rod,Zfp280d,3.4851775,0.19119023,0.0004918104810268656,0.0042800554382621085,0.5119324796274738,4510,0.7930124,47.45011086474683,3436,0.8677345,51.193247962747314,not_significant
P15,Rod,Mapk6,3.4833431,0.328278,0.0004951933164184858,0.004298085678428411,0.17316647264260768,4510,0.19580477,14.6119733924613,3436,0.24024002,17.31664726426082,up_in_KO
P15,Rod,Pias3,3.4768128,0.21339864,0.0005074116809585794,0.004389679299530468,0.3850407450523865,4510,0.52866155,35.033259423504006,3436,0.59206504,38.50407450523877,not_significant
P15,Rod,Arpc5l,3.4714394,0.34300175,0.0005176762450510244,0.004450974060365662,0.15715948777648428,4510,0.16816026,13.05986696230614,3436,0.20886298,15.715948777648473,up_in_KO
P15,Rod,Smap1,3.4713821,0.21780078,0.000517786691586162,0.004450974060365662,0.369906868451688,4510,0.49654222,33.74722838137528,3436,0.55836785,36.990686845168916,not_significant
P15,Rod,Ndufs7,3.470898,0.25440544,0.0005187210399298394,0.004451871453093854,0.27386495925494764,4510,0.34016934,24.41241685144102,3436,0.394285,27.38649592549484,up_in_KO
P15,Rod,Snx15,3.45228,0.37439564,0.0005558705097472171,0.004755485509224996,0.14027939464493597,4510,0.15361074,11.574279379157574,3436,0.19493595,14.027939464493636,up_in_KO
P15,Rod,Uqcrfs1,3.4483442,0.28660202,0.0005640346620919309,0.004809987166074908,0.19528521536670548,4510,0.2211197,16.629711751663006,3436,0.26379278,19.528521536670603,up_in_KO
P15,Rod,Rtbdn,3.4389026,0.10711785,0.0005840772799606066,0.004949432116443434,0.8684516880093132,4510,1.974544,85.94235033259959,3436,2.0388095,86.84516880092457,not_significant
P15,Rod,Ggps1,3.4362977,0.25483343,0.000589722603842482,0.004989388086768255,0.24126891734575087,4510,0.29882488,20.86474501108637,3436,0.3475247,24.12689173457516,up_in_KO
P15,Rod,Snhg1,3.4152772,0.34447592,0.0006371709934811479,0.00534028938911387,0.13387660069848661,4510,0.142905,10.886917960088818,3436,0.17818798,13.387660069848698,up_in_KO
P15,Rod,Atp6v1a,3.4105272,0.2526061,0.00064837437170848,0.00540883379447012,0.24825378346915017,4510,0.30454105,21.7073170731706,3436,0.35355872,24.82537834691509,up_in_KO
P15,Rod,Atp6v1g1,3.4064538,0.22751513,0.000658126684589709,0.00546523646829621,0.3128637951105937,4510,0.4001298,27.804878048780502,3436,0.45493045,31.286379511059465,not_significant
P15,Rod,Emc4,3.4062302,0.33481324,0.0006586658625063567,0.00546523646829621,0.14930151338766007,4510,0.15488288,12.37250554323742,3436,0.19167782,14.930151338766048,up_in_KO
P15,Rod,Actg1,3.405945,0.18895072,0.0006593541925810103,0.00546523646829621,0.4330616996507567,4510,0.6540675,39.97782705099892,3436,0.7190855,43.3061699650758,not_significant
P15,Rod,Ndufv1,3.4053245,0.2540839,0.0006608546854543455,0.00546523646829621,0.25756693830034927,4510,0.31017816,22.815964523281426,3436,0.3602598,25.756693830034997,up_in_KO
P15,Rod,Tpt1,3.4051616,0.16301002,0.000661248782237927,0.00546523646829621,0.5951688009313155,4510,1.1505028,55.0997782705125,3436,1.2290952,59.51688009312992,not_significant
P15,Rod,Mier1,3.3998182,0.20344482,0.0006743065159330599,0.00556458484840759,0.43131548311990686,4510,0.66065365,40.50997782705218,3436,0.73131746,43.13154831199082,not_significant
P15,Rod,Prdm1,3.3979826,0.22045167,0.0006788475992050151,0.0055855884230024124,0.3879511059371362,4510,0.5993109,35.60975609756171,3436,0.67110026,38.79511059371374,not_significant
P15,Rod,Oat,3.3977094,0.3026335,0.0006795256578769277,0.0055855884230024124,0.1452270081490105,4510,0.15581523,11.951219512195278,3436,0.18893546,14.522700814901087,up_in_KO
P15,Rod,Tsr3,3.3971095,0.3783688,0.000681016933005887,0.0055855884230024124,0.12077997671711292,4510,0.12382302,9.77827050997792,3436,0.15815115,12.077997671711325,up_in_KO
P15,Rod,Gnptg,3.384591,0.27513766,0.0007128438875338598,0.005793476685957006,0.21478463329452852,4510,0.2511057,18.647450110864714,3436,0.2967068,21.478463329452914,up_in_KO
P15,Rod,Slc7a8,3.382958,0.22237036,0.0007170958915881448,0.005819216887259922,0.32828870779976715,4510,0.45877308,29.44567627494473,3436,0.51828384,32.82887077997682,not_significant
P15,Rod,Mob4,3.376492,0.23520972,0.0007341652919664961,0.005913006946108535,0.31839348079161817,4510,0.41121915,28.80266075388037,3436,0.46920848,31.839348079161912,not_significant
P15,Rod,Psmb2,3.3696327,0.22186148,0.0007526840854843162,0.006036441623962673,0.32159487776484286,4510,0.41162884,28.913525498891467,3436,0.4662054,32.15948777648438,not_significant
P15,Rod,A930015D03Rik,3.3694634,0.1935284,0.0007531466030189921,0.006036441623962673,0.36961583236321305,4510,0.515528,33.54767184035531,3436,0.5717445,36.96158323632142,not_significant
P15,Rod,Mettl23,3.3676255,0.28021187,0.0007581851139307881,0.006036441623962673,0.21565774155995343,4510,0.25228626,18.73614190687358,3436,0.29897952,21.565774155995406,up_in_KO
P15,Rod,Hspa8,3.3675132,0.19876252,0.00075849396990135,0.006036441623962673,0.42607683352735737,4510,0.6477169,39.445676274945654,3436,0.71577233,42.60768335273587,not_significant
P15,Rod,Cecr2,3.3539815,0.17827748,0.0007965767988625939,0.0062976129169767985,0.5925494761350407,4510,0.96830374,55.210643015523594,3436,1.046732,59.254947613502495,not_significant
P15,Rod,Strn3,3.3538458,0.1852158,0.0007969671804547375,0.0062976129169767985,0.4790454016298021,4510,0.7486307,44.81152993348273,3436,0.8183328,47.90454016298036,not_significant
P15,Rod,Knop1,3.3511758,0.28462407,0.0008046917285579791,0.006347597694095587,0.22206053550640278,4510,0.27100205,19.44567627494451,3436,0.3214783,22.206053550640345,up_in_KO
P15,Rod,Rbm42,3.344623,0.35358933,0.0008239447242703919,0.006489925845794981,0.13736903376018628,4510,0.1434073,11.352549889135394,3436,0.17984061,13.736903376018663,up_in_KO
P15,Rod,Gm30593,3.3282008,0.26526442,0.00087408851172985,0.006834709587345358,0.2371944121071013,4510,0.3111827,20.86474501108637,3436,0.36375657,23.719441210710198,up_in_KO
P15,Rod,Actr10,3.3277905,0.24126177,0.0008753766209513078,0.006834818333017198,0.2860884749708964,4510,0.35956946,25.720620842571883,3436,0.41308743,28.608847497089723,not_significant
P15,Rod,Arl5b,3.3267865,0.2960098,0.0008785363838837656,0.006849519132489125,0.139988358556461,4510,0.15689196,11.463414634146483,3436,0.18942621,13.998835855646139,up_in_KO
P15,Rod,Ttc8,3.3218234,0.14159518,0.0008943130849170557,0.006952312155789981,0.7025611175785798,4510,1.2495396,67.56097560975977,3436,1.3205245,70.25611175785433,not_significant
P15,Rod,Atf2,3.3173969,0.23252705,0.0009086047224088243,0.007012598174102063,0.33760186263096625,4510,0.47115827,30.953436807095645,3436,0.5348004,33.76018626309673,not_significant
P15,Rod,Mri1,3.3120487,0.39175358,0.0009261546951406282,0.0071173263391609305,0.12194412107101281,4510,0.1316211,9.977827050997881,3436,0.16937578,12.194412107101314,up_in_KO
P15,Rod,Rorb,3.3112376,0.10411026,0.000928842934491675,0.007127773248373884,0.8536088474970897,4510,1.9025581,84.47893569845311,3436,1.9642808,85.36088474970249,not_significant
P15,Rod,Mrpl43,3.3095453,0.3087807,0.0009344765105933954,0.007160760004032819,0.20430733410942956,4510,0.22937138,17.8270509977827,3436,0.27712986,20.430733410943017,up_in_KO
P15,Rod,Atp5j,3.3064446,0.20645541,0.0009448801425849247,0.007230152760093489,0.3733993015133877,4510,0.5526795,33.96895787139748,3436,0.6159575,37.339930151338876,not_significant
P15,Rod,2610008E11Rik,3.3048234,0.24689943,0.0009503623238056358,0.007261742884463576,0.24825378346915017,4510,0.3125135,21.840354767183896,3436,0.36139572,24.82537834691509,not_significant
P15,Rod,Nt5dc1,3.2877626,0.36186108,0.0010098694967607788,0.007683602809396904,0.12543655413271246,4510,0.1486752,10.266075388026714,3436,0.18730375,12.54365541327128,up_in_KO
P15,Rod,Cttnbp2,3.286019,0.3107167,0.0010161416232366597,0.007720373466064366,0.12165308498253784,4510,0.14795971,9.822616407982355,3436,0.18047783,12.165308498253816,up_in_KO
P15,Rod,Cplx3,3.2832923,0.3171635,0.0010260218248148692,0.007778492533157753,0.13649592549476136,4510,0.15429074,11.197339246119869,3436,0.18884203,13.649592549476171,up_in_KO
P15,Rod,Xpo1,3.2831085,0.22955793,0.0010266914081796586,0.007778492533157753,0.2939464493597206,4510,0.39058903,26.18625277161849,3436,0.44485766,29.394644935972146,not_significant
P15,Rod,Rnasek,3.271108,0.23590703,0.0010712700004442055,0.008104784601386063,0.28958090803259606,4510,0.377013,25.8536585365852,3436,0.43130967,28.95809080325969,not_significant
P15,Rod,Borcs8,3.2681227,0.33301437,0.0010826345742031922,0.008167724129431678,0.12019790454016298,4510,0.12374412,9.733924611973483,3436,0.15351725,12.01979045401633,up_in_KO
P15,Rod,Gm19522,3.2628224,0.30015638,0.0011030865116521394,0.00831033152879505,0.15424912689173456,4510,0.1855946,12.949002217295059,3436,0.22402275,15.424912689173501,up_in_KO
P15,Rod,Gatad1,3.2568414,0.282532,0.0011265937586462985,0.008475524433911284,0.1650174621653085,4510,0.18205327,13.90243902439037,3436,0.21742629,16.501746216530897,up_in_KO
P15,Rod,Prr14,3.2547176,0.1835823,0.0011350512822239263,0.00852719198578311,0.4368451688009313,4510,0.62503433,40.39911308204108,3436,0.6861931,43.68451688009326,not_significant
P15,Rod,Snrpc,3.252813,0.30914137,0.0011426866104477988,0.00856057399223742,0.17345750873108265,4510,0.19046707,14.81152993348125,3436,0.23107523,17.345750873108315,up_in_KO
P15,Rod,Ube2e1,3.2496831,0.35042477,0.0011553369036185015,0.008631235586364402,0.11670547147846333,4510,0.12280473,9.44567627494465,3436,0.15408307,11.670547147846365,up_in_KO
P15,Rod,Tomm20,3.2487414,0.16757508,0.0011591678024560211,0.008647810976876351,0.5282305005820722,4510,0.8458117,49.2461197339266,3436,0.91375464,52.823050058206846,not_significant
P15,Rod,Prdx1,3.2465546,0.32449102,0.0011681102329211066,0.008690402044388274,0.16036088474970897,4510,0.17519128,13.592017738359338,3436,0.21492447,16.036088474970942,up_in_KO
P15,Rod,Atraid,3.2456512,0.2567628,0.0011718226386644832,0.0087058956146763,0.2240977881257276,4510,0.26366723,19.600886917960025,3436,0.30782562,22.409778812572824,up_in_KO
P15,Rod,Sumo1,3.2399287,0.18129116,0.0011955962278023678,0.008870232594649932,0.4051222351571595,4510,0.5640758,36.917960088692645,3436,0.62019616,40.51222351571607,not_significant
P15,Rod,Arf5,3.2359939,0.25476778,0.0012121999199960019,0.008980994987373694,0.2590221187427241,4510,0.31748602,23.281596452327975,3436,0.36869213,25.902211874272485,up_in_KO
P15,Rod,Hirip3,3.233867,0.22915553,0.0012212639087252643,0.009034223269781105,0.2270081490104773,4510,0.27986023,19.64523281596446,3436,0.32102442,22.700814901047796,not_significant
P15,Rod,Zfp800,3.2323287,0.29824585,0.0012278576980522577,0.009059461750140729,0.1941210710128056,4510,0.22963268,16.80709534368074,3436,0.27567428,19.412107101280615,up_in_KO
P15,Rod,Ndufa10,3.2243998,0.17657712,0.0012623699609437002,0.009275825302057545,0.4318975552968568,4510,0.6229414,40.39911308204108,3436,0.6815537,43.18975552968581,not_significant
P15,Rod,Cox5b,3.2235825,0.22038579,0.0012659784697928607,0.00928961492745404,0.3809662398137369,4510,0.5830335,35.32150776053285,3436,0.6534141,38.0966239813738,not_significant
P15,Rod,Sh3glb1,3.219777,0.14359121,0.001282902635143093,0.009388116964403207,0.6286379511059371,4510,1.0319281,59.64523281596746,3436,1.097118,62.86379511059146,not_significant
P15,Rod,Ccdc50,3.214309,0.2878702,0.0013075887570115124,0.009542729377700345,0.16821885913853318,4510,0.2039349,14.257206208425835,3436,0.24386778,16.821885913853365,up_in_KO
P15,Rod,Uqcr10,3.2098494,0.20199385,0.001328045275254231,0.00967885170715176,0.34342258440046564,4510,0.49869817,31.219512195122277,3436,0.55603707,34.34225844004667,not_significant
P15,Rod,Zscan18,3.2088585,0.23906477,0.0013326310845432723,0.009699095166200966,0.22031431897555298,4510,0.27977434,19.090909090909044,3436,0.32281852,22.03143189755536,not_significant
P15,Rod,Trp53inp2,3.2082038,0.24039124,0.0013356679859215738,0.009707058126011558,0.26979045401629803,4510,0.3396821,24.21286031042107,3436,0.3905831,26.979045401629882,not_significant
P15,Rod,Mrps26,3.207843,0.24870041,0.0013373445106492432,0.009707058126011558,0.16618160651920838,4510,0.18598598,13.924611973392587,3436,0.21741636,16.618160651920885,not_significant
P15,Rod,Unc45a,3.2013004,0.27999258,0.0013680887879154685,0.009903411954626953,0.16065192083818394,4510,0.18965025,13.547671840354905,3436,0.22598344,16.065192083818438,up_in_KO
P15,Rod,Actb,3.1992247,0.18870221,0.0013779777100039199,0.009948145944092903,0.41036088474970894,4510,0.6182448,37.605321507761445,3436,0.6806891,41.036088474971024,not_significant
P15,Rod,2810013P06Rik,3.1970272,0.2605289,0.0013885188272397067,0.010008028464566351,0.2756111757857974,4510,0.34795937,25.077605321507523,3436,0.40449357,27.561117578579825,up_in_KO
P15,Rod,Calm2,3.1967187,0.17934738,0.0013900039534119933,0.010008028464566351,0.45168800931315484,4510,0.66364235,41.884700665189776,3436,0.7258698,45.16880093131562,not_significant
P15,Rod,Cdipt,3.19597,0.359806,0.0013936154139231006,0.010020580536573072,0.11554132712456344,4510,0.11756946,9.401330376940214,3436,0.14850487,11.554132712456376,up_in_KO
P15,Rod,Rab5if,3.1954608,0.23322384,0.0013960776505658819,0.010024846743822478,0.2581490104772992,4510,0.31573445,22.97117516629694,3436,0.36214563,25.814901047729993,not_significant
P15,Rod,Tvp23b,3.193969,0.30775002,0.0014033121574081062,0.010049888400984086,0.12892898719441212,4510,0.13500765,10.576496674057765,3436,0.16459444,12.892898719441245,up_in_KO
P15,Rod,Mgarp,3.1848495,0.122801855,0.0014482925916483123,0.01033064024149142,0.729918509895227,4510,1.508528,71.81818181818588,3436,1.5754331,72.99185098951855,not_significant
P15,Rod,Med31,3.1819315,0.2693713,0.0014629643694901403,0.010408418368032019,0.17869615832363214,4510,0.19936888,15.25498891352558,3436,0.23580225,17.869615832363266,up_in_KO
P15,Rod,Pigp,3.181909,0.2946074,0.0014630774514347768,0.010408418368032019,0.13154831199068684,4510,0.13842607,10.798226164079946,3436,0.16729225,13.15483119906872,up_in_KO
P15,Rod,Calr,3.1795168,0.18864153,0.0014752086145919346,0.010466956360676108,0.38154831199068684,4510,0.55827093,34.76718403547737,3436,0.6163134,38.1548311990688,not_significant
P15,Rod,Rev3l,3.1789627,0.15535548,0.001478030594297309,0.010473125637794935,0.5619906868451688,4510,0.9363224,53.37028824833939,3436,1.0031564,56.19906868451587,not_significant
P15,Rod,Psmb3,3.1753929,0.2724704,0.001496337870551214,0.010574909535753243,0.21682188591385332,4510,0.25501433,19.135254988913477,3436,0.30074385,21.682188591385394,up_in_KO
P15,Rod,Ppfia2,3.1727924,0.12534364,0.00150980411804871,0.010656038538438526,0.7383585564610011,4510,1.4662368,72.32815964523692,3436,1.5337263,73.83585564609581,not_significant
P15,Rod,Rpl41,3.1717045,0.15794796,0.0015154706919600937,0.010681977387219373,0.6225261932479628,4510,1.2024131,58.27050997782987,3436,1.2802397,62.25261932479413,not_significant
P15,Rod,Gm42984,3.167541,0.3672593,0.0015373402314693698,0.010793577227227355,0.13416763678696159,4510,0.14434123,11.241685144124304,3436,0.18256602,13.416763678696194,up_in_KO
P15,Rod,Alkbh6,3.15941,0.3617221,0.0015808886844078471,0.011027161122449535,0.10448195576251455,4510,0.106130734,8.403547671840407,3436,0.13442007,10.448195576251482,up_in_KO
P15,Rod,Tmem59,3.1521258,0.20069239,0.0016208638242841437,0.011247494894515068,0.32159487776484286,4510,0.42837298,28.93569844789369,3436,0.47906953,32.15948777648438,not_significant
P15,Rod,Birc2,3.1483061,0.25901517,0.0016421955340297227,0.011366112057465074,0.19615832363213037,4510,0.23595509,16.94013303769404,3436,0.2764587,19.615832363213094,up_in_KO
P15,Rod,Emc3,3.146709,0.32731476,0.0016511929189291542,0.011384317245676071,0.1362048894062864,4510,0.14785619,11.352549889135394,3436,0.18226133,13.620488940628675,up_in_KO
P15,Rod,Pgp,3.1400661,0.24135426,0.0016890968602661291,0.011626521424540107,0.21973224679860304,4510,0.26035067,19.17960088691791,3436,0.30124417,21.97322467986037,not_significant
P15,Rod,Rnf6,3.133385,0.22560748,0.0017280263381890307,0.011853111608754427,0.27648428405122233,4510,0.3460953,24.811529933480916,3436,0.3944288,27.648428405122317,not_significant
P15,Rod,Rasa2,3.1230526,0.18409866,0.0017898573060770914,0.012261551200252256,0.4275320139697322,4510,0.6658679,39.97782705099892,3436,0.7299428,42.75320139697335,not_significant
P15,Rod,Sugp1,3.1197815,0.25450203,0.001809852406755095,0.012382714680911134,0.15715948777648428,4510,0.183228,13.237250554323873,3436,0.21501696,15.715948777648473,up_in_KO
P15,Rod,Mok,3.1183097,0.18621236,0.0018189158083157474,0.01242887184179066,0.3821303841676368,4510,0.5364277,35.12195121951288,3436,0.5920503,38.213038416763794,not_significant
P15,Rod,Jkamp,3.1139488,0.2220809,0.0018460145664206714,0.012540654203922806,0.2607683352735739,4510,0.3210877,23.12638580931246,3436,0.36577827,26.07683352735747,not_significant
P15,Rod,Get4,3.1137972,0.24990913,0.001846964358892434,0.012540654203922806,0.21478463329452852,4510,0.25437695,18.758314855875796,3436,0.29597837,21.478463329452914,not_significant
P15,Rod,Arxes2,3.108518,0.32503572,0.0018802827032328227,0.012734641944622298,0.12252619324796275,4510,0.12828584,10.066518847006753,3436,0.15825634,12.252619324796308,up_in_KO
P15,Rod,Ccny,3.101676,0.20680895,0.0019242838926952905,0.012967159297006956,0.3213038416763679,4510,0.45004156,29.068736141907003,3436,0.5043943,32.13038416763688,not_significant
P15,Rod,Ypel3,3.1009402,0.19023533,0.0019290726614847073,0.012983118891096573,0.36961583236321305,4510,0.50527465,33.902439024390816,3436,0.5596769,36.96158323632142,not_significant
P15,Rod,Gulp1,3.1003249,0.11731747,0.001933085279609398,0.012993821353163924,0.7444703143189756,4510,1.5859697,73.94678492239893,3436,1.6511712,74.44703143189312,not_significant
P15,Rod,Ddi2,3.0945137,0.2326658,0.0019713584757953258,0.013203592762144414,0.22031431897555298,4510,0.27750608,19.17960088691791,3436,0.31903985,22.03143189755536,not_significant
P15,Rod,Eid2,3.0944657,0.28813943,0.001971677442669216,0.013203592762144414,0.1728754365541327,4510,0.19009681,14.833702882483465,3436,0.22765349,17.28754365541332,up_in_KO
P15,Rod,Rxylt1,3.0936048,0.28391522,0.001977406777788189,0.013208978774664815,0.1580325960419092,4510,0.18412231,13.348115299334957,3436,0.22004463,15.803259604190965,up_in_KO
P15,Rod,Tlk2,3.0924451,0.1669751,0.001985149909652491,0.013243852912939141,0.4543073341094296,4510,0.67478573,42.106430155211974,3436,0.7332578,45.4307334109431,not_significant
P15,Rod,R3hcc1l,3.0920842,0.19547375,0.0019875655471506357,0.013243852912939141,0.36146682188591384,4510,0.50135756,33.25942350332646,3436,0.5569927,36.1466821885915,not_significant
P15,Rod,Mrps24,3.0895722,0.2886003,0.002004449795655481,0.013339787473816377,0.17112922002328287,4510,0.19211613,14.700665188470166,3436,0.23009348,17.112922002328336,up_in_KO
P15,Rod,A430005L14Rik,3.0867605,0.40337083,0.002023505591577018,0.01343327226883555,0.11292200232828871,4510,0.11557519,9.312638580931342,3436,0.15017956,11.292200232828902,up_in_KO
P15,Rod,Klc3,3.083706,0.18697158,0.002044395460434957,0.013555175834082953,0.3710710128055879,4510,0.5112067,33.9911308203997,3436,0.5651087,37.1071012805589,not_significant
P15,Rod,Leng8,3.0792675,0.18140306,0.0020751018829142966,0.01374178580241023,0.4278230500582072,4510,0.6143126,39.51219512195231,3436,0.6739935,42.78230500582085,not_significant
P15,Rod,Impg2,3.0784245,0.12729523,0.002080982984631112,0.01376373949391034,0.8739813736903376,4510,1.849304,84.67849223947309,3436,1.9241608,87.39813736902691,not_significant
P15,Rod,Tmem165,3.0636961,0.26373917,0.0021862085461248145,0.014371106178202826,0.18480791618160652,4510,0.21772219,16.008869179600943,3436,0.2562165,18.480791618160705,up_in_KO
P15,Rod,Ndufb8,3.0609832,0.197767,0.0022061152891143182,0.014448838129070656,0.3818393480791618,4510,0.57927835,35.32150776053285,3436,0.64187837,38.183934807916295,not_significant
P15,Rod,Cirbp,3.060618,0.14898625,0.0022088082151077437,0.014448838129070656,0.5940046565774156,4510,0.94536495,56.341463414636785,3436,1.0097673,59.40046565773996,not_significant
P15,Rod,Cct3,3.0595462,0.23618785,0.0022167260071215907,0.014482969917418043,0.24185098952270082,4510,0.29374945,21.507760532150648,3436,0.33803067,24.185098952270152,not_significant
P15,Rod,Dock7,3.0586529,0.2691699,0.002223345838614395,0.014490919900762594,0.2121653084982538,4510,0.28287005,18.625277161862495,3436,0.33217123,21.21653084982544,up_in_KO
P15,Rod,Tmem134,3.058219,0.31599155,0.0022265687078080847,0.014494313772673018,0.10884749708963912,4510,0.11391006,8.824833702882549,3436,0.13993137,10.884749708963941,up_in_KO
P15,Rod,Rdh8,3.0577736,0.19319457,0.0022298798674615507,0.014498273465531829,0.320139697322468,4510,0.43180072,29.068736141907003,3436,0.4808262,32.01396973224689,not_significant
P15,Rod,Srek1,3.0546958,0.15270908,0.0022528888710580644,0.014608035931984056,0.5558789289871944,4510,0.89020187,52.749445676277254,3436,0.953939,55.58789289871855,not_significant
P15,Rod,Cdc42,3.0543988,0.20470034,0.00225512073971496,0.014608035931984056,0.290162980209546,4510,0.37202978,26.14190687361405,3436,0.41830266,29.016298020954682,not_significant
P15,Rod,Wwtr1,3.054062,0.3060369,0.002257655068533703,0.014608035931984056,0.1580325960419092,4510,0.19178464,13.481152993348255,3436,0.23219591,15.803259604190965,up_in_KO
P15,Rod,Pithd1,3.047637,0.31883553,0.002306483424504513,0.014870164770483422,0.13853317811408614,4510,0.15366898,11.662971175166446,3436,0.18829237,13.853317811408653,up_in_KO
P15,Rod,Tmco1,3.0414927,0.2731854,0.002354083647482518,0.015140653099635764,0.13824214202561116,4510,0.15929066,11.529933481153137,3436,0.18952686,13.824214202561155,up_in_KO
P15,Rod,Emc10,3.0404413,0.33084667,0.002362317554379226,0.015163381296527135,0.10942956926658906,4510,0.12045634,8.91352549889142,3436,0.14928748,10.942956926658935,up_in_KO
P15,Rod,Ccnq,3.0400915,0.27807125,0.0023650627921786935,0.015163381296527135,0.19383003492433062,4510,0.22797126,16.91796008869182,3436,0.27039227,19.38300349243312,up_in_KO
P15,Rod,Tmem223,3.0399597,0.320504,0.0023660980882164824,0.015163381296527135,0.14027939464493597,4510,0.14800456,11.862527716186406,3436,0.18165547,14.027939464493636,up_in_KO
P15,Rod,Uhmk1,3.039441,0.18688968,0.002370175402354816,0.015171385272352308,0.4083236321303842,4510,0.5859317,38.403547671841345,3436,0.64545184,40.83236321303854,not_significant
P15,Rod,Ubald2,3.0371108,0.28308508,0.002388577043394331,0.01525277054853237,0.1580325960419092,4510,0.17253853,13.458980044346038,3436,0.2063178,15.803259604190965,up_in_KO
P15,Rod,Nop58,3.0352297,0.2362755,0.0024035251007712877,0.015329974602303433,0.18568102444703144,4510,0.22574916,15.920177383592076,3436,0.2610776,18.568102444703197,not_significant
P15,Rod,Mrpl20,3.0340087,0.23236899,0.0024132735685004313,0.015363229193368938,0.24825378346915017,4510,0.30304646,22.106430155210496,3436,0.34772262,24.82537834691509,not_significant
P15,Rod,Hif1a,3.0331447,0.10905272,0.002420195501192534,0.015363229193368938,0.8533178114086146,4510,1.7795459,83.21507760532661,3436,1.8427771,85.331781140855,not_significant
P15,Rod,Psmd13,3.0213356,0.2646913,0.0025166229213721236,0.015866936187396534,0.17054714784633296,4510,0.19741212,14.589800443459083,3436,0.23285306,17.054714784633344,up_in_KO
P15,Rod,Ube2j2,3.0212548,0.22669384,0.0025172935673889725,0.015866936187396534,0.20285215366705472,4510,0.24809714,17.62749445676275,3436,0.2848002,20.28521536670553,not_significant
P15,Rod,Hmgcs1,3.0179353,0.3408735,0.002545031781507099,0.016004162339981337,0.10972060535506403,4510,0.11569048,8.980044345898074,3436,0.1443921,10.972060535506433,up_in_KO
P15,Rod,Zfp654,3.0144966,0.10469689,0.0025740611495469875,0.016111159867176244,0.6856810244470314,4510,1.2691692,68.33702882483745,3436,1.3218713,68.56810244469982,not_significant
P15,Rod,Bmyc,3.0129566,0.352955,0.002587158642262936,0.01617426451876269,0.12485448195576251,4510,0.13035329,10.42128603104224,3436,0.16366692,12.485448195576286,up_in_KO
P15,Rod,Hadha,3.0121627,0.16006361,0.002593935602906033,0.016195133453217346,0.49068684516880096,4510,0.7354608,45.52106430155375,3436,0.7947662,49.068684516880246,not_significant
P15,Rod,Gm48321,3.007254,0.24632983,0.002636194233290911,0.016404345553796343,0.16152502910360886,4510,0.20244193,13.680709534368205,3436,0.23599383,16.15250291036093,not_significant
P15,Rod,Paxx,3.0039494,0.20526794,0.0026649959759660227,0.01656435505803215,0.22206053550640278,4510,0.26956302,19.356984478935644,3436,0.3050538,22.206053550640345,not_significant
P15,Rod,Tmed4,3.0035496,0.2992381,0.0026684998773294365,0.016566936738420253,0.10739231664726426,4510,0.113653235,8.713968957871458,3436,0.13811426,10.739231664726455,up_in_KO
P15,Rod,Cript,2.999791,0.29962805,0.0027016493523123993,0.01675334927838579,0.14959254947613504,4510,0.16351922,12.705099778270675,3436,0.19774692,14.959254947613546,up_in_KO
P15,Rod,Rapgef5,2.9932811,0.1308537,0.0027599540008307853,0.01709514233309045,0.7325378346915018,4510,1.379399,71.01995565410598,3436,1.4480336,73.25378346914597,not_significant
P15,Rod,Rnf103,2.9873667,0.329798,0.0028139190217207296,0.017409298307393302,0.11059371362048893,4510,0.12129132,9.068736141906946,3436,0.1502062,11.059371362048925,up_in_KO
P15,Rod,Mfap3,2.9849446,0.2391856,0.0028362964473597034,0.017527527815250517,0.2171129220023283,4510,0.2728605,19.113082039911262,3436,0.31502146,21.711292200232894,not_significant
P15,Rod,Sirt1,2.9762392,0.2120243,0.002918070979592047,0.017991416936243378,0.28055878928987193,4510,0.37305862,25.23281596452306,3436,0.42117697,28.055878928987276,not_significant
P15,Rod,Chchd2,2.9746075,0.1596823,0.00293363671518241,0.018045902913117487,0.5180442374854481,4510,0.9050981,47.96008869179788,3436,0.9724736,51.804423748544636,not_significant
P15,Rod,Vwa8,2.973542,0.18935625,0.0029438423523564993,0.01808793857736571,0.28783469150174623,4510,0.4077631,25.698447893569664,3436,0.4536599,28.783469150174707,not_significant
P15,Rod,Zcrb1,2.9716313,0.21343379,0.002962222045316794,0.01814749439601185,0.27939464493597205,4510,0.3589636,25.388026607538595,3436,0.40593126,27.93946449359729,not_significant
P15,Rod,Vapa,2.9714797,0.17945485,0.002963684767133926,0.01814749439601185,0.3617578579743888,4510,0.48235282,33.23725055432424,3436,0.5317973,36.17578579743899,not_significant
P15,Rod,Bet1,2.9667945,0.3437198,0.0030092199046658106,0.01838434575014511,0.13271245634458673,4510,0.14368962,11.219512195122086,3436,0.17906366,13.271245634458708,up_in_KO
P15,Rod,Zfp398,2.964556,0.20837505,0.0030312014623355924,0.01848419389910865,0.22584400465657742,4510,0.29350653,19.75609756097554,3436,0.33226874,22.584400465657808,not_significant
P15,Rod,Spry2,2.9644287,0.21041045,0.003032455374946982,0.01848419389910865,0.2811408614668219,4510,0.3646055,25.254988913525278,3436,0.41146374,28.114086146682272,not_significant
P15,Rod,Pak1ip1,2.9635096,0.31754577,0.0030415268361146564,0.018518444890940997,0.12048894062863795,4510,0.12890378,10.0000000000001,3436,0.15824597,12.048894062863829,up_in_KO
P15,Rod,Krt10,2.962052,0.33766297,0.003055959703992274,0.018564176503074244,0.12339930151338765,4510,0.1312083,10.288248337028932,3436,0.16312045,12.3399301513388,up_in_KO
P15,Rod,Yod1,2.9607341,0.26581866,0.0030690677410437055,0.018622714211491444,0.12892898719441212,4510,0.14380808,10.73170731707329,3436,0.1705471,12.892898719441245,up_in_KO
P15,Rod,Bcat1,2.9587722,0.18868732,0.0030886727923748695,0.018692585259976538,0.32363213038416766,4510,0.45625678,29.312638580931416,3436,0.5061779,32.36321303841686,not_significant
P15,Rod,Armcx3,2.9585364,0.28821525,0.0030910371225949273,0.018692585259976538,0.11030267753201398,4510,0.114130855,9.00221729490029,3436,0.1377016,11.030267753201427,up_in_KO
P15,Rod,Echdc1,2.9576664,0.30607486,0.0030997735596013484,0.018703245639709373,0.11757857974388825,4510,0.13490492,9.711751662971265,3436,0.16429506,11.757857974388857,up_in_KO
P15,Rod,Ssr4,2.9569206,0.29784647,0.0031072800130399207,0.018727471898815882,0.15715948777648428,4510,0.17387412,13.458980044346038,3436,0.20981736,15.715948777648473,up_in_KO
P15,Rod,Cox14,2.9561768,0.28182963,0.0031147847641905804,0.01873963843567601,0.17898719441210711,4510,0.20297217,15.654101995565478,3436,0.24183744,17.898719441210762,up_in_KO
P15,Rod,Rps4x,2.9560282,0.17794363,0.0031162858845307606,0.01873963843567601,0.3620488940628638,4510,0.5562012,32.94900221729539,3436,0.61069095,36.20488940628649,not_significant
P15,Rod,Psma5,2.9534328,0.2601783,0.0031426102022245887,0.01884578681912279,0.19324796274738068,4510,0.21895455,16.91796008869182,3436,0.25708008,19.324796274738123,up_in_KO
P15,Rod,Mmd,2.9533608,0.20861161,0.0031433436045874043,0.01884578681912279,0.31257275902211873,4510,0.41726863,28.53658536585374,3436,0.46898365,31.257275902211966,not_significant
P15,Rod,Ccdc12,2.948752,0.18511747,0.0031906001842843404,0.0190583289404245,0.3087892898719441,4510,0.39973328,27.82705099778272,3436,0.4438573,30.878928987194502,not_significant
P15,Rod,Zdhhc12,2.9467645,0.2675409,0.003211177416600878,0.01912662686761049,0.179860302677532,4510,0.20679133,15.631929046563261,3436,0.24414806,17.986030267753254,up_in_KO
P15,Rod,Pcbp1,2.946607,0.22335671,0.0032128114750130006,0.01912662686761049,0.22846332945285217,4510,0.27067235,20.177383592017655,3436,0.30961144,22.846332945285283,not_significant
P15,Rod,Ten1,2.9462717,0.26470393,0.003216297060884538,0.01912662686761049,0.1510477299185099,4510,0.1674373,12.793791574279542,3436,0.19801341,15.104772991851032,up_in_KO
P15,Rod,Gm43713,2.9425445,0.28586507,0.003255271121628431,0.01933695935372636,0.13911525029103608,4510,0.17084254,11.729490022173099,3436,0.20467879,13.911525029103647,up_in_KO
P15,Rod,Pex13,2.938816,0.21802972,0.0032946845401203503,0.019549433488059247,0.2191501746216531,4510,0.26660118,19.334811529933425,3436,0.30406982,21.915017462165373,not_significant
P15,Rod,Tmem178b,2.9378874,0.30347142,0.003304570843268555,0.019554275037904398,0.12630966239813737,4510,0.16777197,10.53215077605333,3436,0.20329258,12.630966239813771,up_in_KO
P15,Rod,Phactr1,2.9378653,0.10907124,0.0033048065667128632,0.019554275037904398,0.8710710128055879,4510,2.2501462,86.34146341463953,3436,2.3180456,87.10710128055199,not_significant
P15,Rod,Vps28,2.9262505,0.2704897,0.003430746224298358,0.020174141901908364,0.18160651920838183,4510,0.20466088,15.809312638580995,3436,0.24211648,18.160651920838237,up_in_KO
P15,Rod,Tsnax,2.9214327,0.20450449,0.0034842548034859826,0.020447961031150288,0.210128055878929,4510,0.2517315,18.292682926829247,3436,0.28506157,21.01280558789296,not_significant
P15,Rod,Dnaaf4,2.9199922,0.31751385,0.0035004010935916043,0.02049798194980935,0.12689173457508732,4510,0.14649469,10.620842572062202,3436,0.17949134,12.689173457508765,up_in_KO
P15,Rod,Idh3g,2.9160018,0.31011832,0.003545484312756761,0.020739343351829077,0.12019790454016298,4510,0.12699269,10.0000000000001,3436,0.15519106,12.01979045401633,up_in_KO
P15,Rod,Cox16,2.9156015,0.16642113,0.003550036086861287,0.02074334811538556,0.49155995343422587,4510,0.821684,46.607538802662496,3436,0.887948,49.15599534342274,not_significant
P15,Rod,Tomm6,2.9114275,0.20749204,0.003597813787762357,0.02095404251634884,0.2549476135040745,4510,0.340634,22.771618625276993,3436,0.38431865,25.494761350407526,not_significant
P15,Rod,Ube4a,2.910488,0.20382886,0.0036086498227841223,0.020994357537325415,0.2744470314318976,4510,0.36629856,24.700665188469834,3436,0.41179058,27.444703143189837,not_significant
P15,Rod,Hps5,2.9066358,0.29435897,0.003653382427115707,0.021162789782989907,0.1239813736903376,4510,0.14435688,10.332594235033369,3436,0.17432806,12.398137369033794,up_in_KO
P15,Rod,6430590A07Rik,2.900469,0.19060656,0.0037260459364993523,0.021537187934679448,0.3044237485448196,4510,0.40478393,27.84922394678494,3436,0.45072946,30.442374854482047,not_significant
P15,Rod,Tm2d1,2.8955483,0.22215351,0.003784968030351917,0.02183071883312654,0.24476135040745053,4510,0.3021748,21.796008869179463,3436,0.3446737,24.476135040745124,not_significant
P15,Rod,Rps3,2.8907332,0.14953351,0.0038434427849843153,0.022116215107061556,0.4511059371362049,4510,0.7561248,41.46341463414761,3436,0.8124464,45.11059371362063,not_significant
P15,Rod,Mrpl51,2.890119,0.26311636,0.0038509591554801445,0.022116215107061556,0.2060535506402794,4510,0.24233495,18.33702882483368,3436,0.28448978,20.605355064028,up_in_KO
P15,Rod,Fam229b,2.8821378,0.201259,0.003949870370580786,0.022611637852503027,0.2741559953434226,4510,0.3611803,24.6563192904654,3436,0.4055621,27.415599534342338,not_significant
P15,Rod,Cln3,2.8768775,0.25718617,0.0040163132342617884,0.02296748847396613,0.19441210710128057,4510,0.24363364,17.095343680709554,3436,0.28496325,19.44121071012811,up_in_KO
P15,Rod,Snrpb,2.8655534,0.18033196,0.00416280998379177,0.02370415366566779,0.34080325960419094,4510,0.45470214,31.330376940133377,3436,0.5022021,34.080325960419195,not_significant
P15,Rod,Hnrnpa2b1,2.8604996,0.11793524,0.004229741233197438,0.024013877546919138,0.6720023282887078,4510,1.1385641,65.01108647450454,3436,1.1948491,67.20023282886771,not_significant
P15,Rod,Cacfd1,2.860247,0.29388162,0.004233111983064729,0.024013877546919138,0.10651920838183934,4510,0.11228271,8.736141906873677,3436,0.1359954,10.651920838183964,up_in_KO
P15,Rod,Ccnt2,2.8596363,0.21764348,0.004241272340316628,0.02402342643448616,0.23806752037252618,4510,0.3057743,21.3082039911307,3436,0.34777707,23.80675203725269,not_significant
P15,Rod,Tmx2,2.8567402,0.28052828,0.004280158296823261,0.02419259125833506,0.11961583236321303,4510,0.12944934,9.933481152993446,3436,0.15517733,11.961583236321337,up_in_KO
P15,Rod,Syt9,2.855034,0.2807164,0.004303219716087212,0.024287103417205066,0.13533178114086147,4510,0.16875407,11.441241685144266,3436,0.20156448,13.533178114086184,up_in_KO
P15,Rod,Naca,2.8533108,0.15488814,0.004326628200740899,0.02435260615821005,0.4508149010477299,4510,0.7046394,42.12860310421419,3436,0.76037174,45.08149010477313,not_significant
P15,Rod,Gnas,2.85283,0.17255534,0.0043331798107900076,0.0243639166719891,0.40454016298020956,4510,0.5848207,37.960088691796955,3436,0.639553,40.45401629802108,not_significant
P15,Rod,Tmed9,2.8509436,0.19675408,0.004358969200767643,0.024483257374782866,0.2590221187427241,4510,0.32461506,23.215077605321323,3436,0.3643193,25.902211874272485,not_significant
P15,Rod,Mns1,2.8469827,0.26137975,0.004413576459158914,0.024711527443520166,0.16065192083818394,4510,0.1888048,13.83592017738372,3436,0.22240749,16.065192083818438,up_in_KO
P15,Rod,Pdcd7,2.8456895,0.2688171,0.0044315368328039445,0.02476121205329204,0.12165308498253784,4510,0.13625602,10.133037694013407,3436,0.16201158,12.165308498253816,up_in_KO
P15,Rod,Cnbp,2.8448555,0.20365411,0.0044431577812913655,0.024779460782462626,0.3259604190919674,4510,0.43030125,30.443458980044603,3436,0.48196065,32.596041909196835,not_significant
P15,Rod,Airn,2.842338,0.16892503,0.00447839743928606,0.024893392605523756,0.38766006984866125,4510,0.6603196,35.58758314855949,3436,0.7186237,38.766006984866245,not_significant
P15,Rod,E2f3,2.8361619,0.20401172,0.004565929597927138,0.025327452288811964,0.2910360884749709,4510,0.4070236,26.474501108647342,3436,0.4565662,29.103608847497174,not_significant
P15,Rod,Stk16,2.8296165,0.28738824,0.00466038266215366,0.025824682437801897,0.13766006984866122,4510,0.15337373,11.685144124168662,3436,0.18423548,13.766006984866161,up_in_KO
P15,Rod,Timm10b,2.8273597,0.2764266,0.004693358667409788,0.025953789579367115,0.18131548311990686,4510,0.2080492,15.986696230598726,3436,0.24695127,18.131548311990738,up_in_KO
P15,Rod,Pip4p1,2.826131,0.30161324,0.004711396230361665,0.02599992734532919,0.1210710128055879,4510,0.13322723,10.155210643015625,3436,0.16181782,12.107101280558823,up_in_KO
P15,Rod,Lsm7,2.8211334,0.21643828,0.004785428797919932,0.026366136565787554,0.2371944121071013,4510,0.29093847,21.3082039911307,3436,0.33098614,23.719441210710198,not_significant
P15,Rod,Kpna3,2.818631,0.14847988,0.004822893756578152,0.026533335497728416,0.5014551804423748,4510,0.8013555,48.935698447895525,3436,0.8593962,50.14551804423761,not_significant
P15,Rod,Tubb5,2.8165145,0.17129236,0.004854785326475786,0.026681422634442745,0.4254947613504074,4510,0.6590279,40.842572062085466,3436,0.71809393,42.54947613504088,not_significant
P15,Rod,Gm32442,2.8146722,0.13425659,0.004882700077621387,0.026735890853313224,0.7334109429569267,4510,1.5182974,71.35254988913927,3436,1.5916966,73.34109429568845,not_significant
P15,Rod,Rnf170,2.8125765,0.26183385,0.004914633930948619,0.026872677273810798,0.17142025611175785,4510,0.20396504,14.922394678492331,3436,0.24002476,17.142025611175836,up_in_KO
P15,Rod,Arf4,2.808895,0.25460768,0.004971182941070454,0.027154200912323744,0.19121071012805588,4510,0.22823086,16.895787139689606,3436,0.26686078,19.121071012805643,up_in_KO
P15,Rod,Mdh1,2.8059926,0.1688711,0.005016185631595402,0.02734432899174567,0.42054714784633296,4510,0.61863196,39.8447893569856,3436,0.67433727,42.054714784633425,not_significant
P15,Rod,Samd11,2.804368,0.09594642,0.005041533578827144,0.02742676076757485,0.8838766006984866,4510,1.8624054,86.8736141906928,3436,1.9188704,88.38766006984162,not_significant
P15,Rod,Psenen,2.802795,0.2739416,0.005066185460167885,0.027532947120912393,0.17258440046565773,4510,0.1936773,15.077605321507848,3436,0.22983451,17.258440046565823,up_in_KO
P15,Rod,Kif9,2.8017418,0.2898173,0.005082752982345338,0.027595027325202828,0.10855646100116415,4510,0.13309799,8.957871396895856,3436,0.1604469,10.855646100116443,up_in_KO
P15,Rod,Eif2a,2.7995703,0.3285528,0.005117066319007751,0.027753229256984403,0.14493597206053552,4510,0.16848229,12.527716186252944,3436,0.20737155,14.493597206053591,up_in_KO
P15,Rod,Rbm7,2.7952626,0.18843359,0.005185757851678863,0.027978130284395938,0.3256693830034924,4510,0.43638137,30.332594235033504,3436,0.48454326,32.56693830034934,not_significant
P15,Rod,Atp5o,2.795009,0.19298996,0.00518982841778038,0.027978130284395938,0.3320721769499418,4510,0.47846028,30.798226164080113,3436,0.5314582,33.20721769499428,not_significant
P15,Rod,Arglu1,2.792564,0.14486901,0.005229214261757677,0.02812004865408461,0.5151338766006985,4510,0.7827303,48.713968957873334,3436,0.8384861,51.51338766006972,not_significant
P15,Rod,Zfp322a,2.792075,0.20289426,0.005237123155374819,0.02812004865408461,0.2927823050058207,4510,0.39607608,26.85144124168507,3436,0.44428092,29.278230500582158,not_significant
P15,Rod,Rps3a1,2.7906249,0.16383934,0.005260640641008255,0.028213298122628835,0.4220023282887078,4510,0.6703548,39.17960088691902,3436,0.72744,42.20023282887091,not_significant
P15,Rod,Rps13,2.7903562,0.14925605,0.005265009586269848,0.028213298122628835,0.46129220023282885,4510,0.7558906,42.682926829269675,3436,0.8120933,46.12922002328303,not_significant
P15,Rod,Pskh1,2.7856843,0.2990603,0.00534148404383522,0.028566022344099818,0.11961583236321303,4510,0.13656366,10.044345898004535,3436,0.16554272,11.961583236321337,up_in_KO
P15,Rod,Bex3,2.7849278,0.34060392,0.005353963216589555,0.028604241726878858,0.11641443538998836,4510,0.124957025,9.800443458980137,3436,0.15575711,11.641443538998868,up_in_KO
P15,Rod,Polg2,2.78362,0.1604468,0.005375595990244047,0.02869124068822793,0.42956926658905703,4510,0.6175402,40.50997782705218,3436,0.6703199,42.956926658905836,not_significant
P15,Rod,Tmod3,2.7824142,0.33978572,0.005395611801701331,0.028712362801910654,0.10157159487776485,4510,0.11711068,8.381374722838189,3436,0.14603704,10.15715948777651,up_in_KO
P15,Rod,Actr6,2.7819583,0.30674973,0.0054031966259832686,0.028724228643978448,0.10448195576251455,4510,0.11303341,8.625277161862586,3436,0.13803975,10.448195576251482,up_in_KO
P15,Rod,Atp5g1,2.7805817,0.1689443,0.005426159157442824,0.02881774031734981,0.3882421420256112,4510,0.6012357,36.4079822616416,3436,0.65585417,38.82421420256124,not_significant
P15,Rod,Stom,2.779937,0.17835638,0.005436944608410689,0.02884645982147867,0.31752037252619325,4510,0.4335691,28.957871396895907,3436,0.47882542,31.75203725261942,not_significant
P15,Rod,Mrpl17,2.7785141,0.32052267,0.005460814781263023,0.028944476765508747,0.12543655413271246,4510,0.13128127,10.64301552106442,3436,0.16142972,12.54365541327128,up_in_KO
P15,Rod,Car2,2.7780275,0.16534598,0.0054689979258679125,0.028959234821673722,0.3806752037252619,4510,0.5518349,35.47671840354839,3436,0.6020542,38.06752037252631,not_significant
P15,Rod,Ncoa5,2.7773051,0.20112139,0.005481169290226419,0.02899506121575396,0.26949941792782306,4510,0.35527033,24.301552106429934,3436,0.39902914,26.949941792782383,not_significant
P15,Rod,Paip2,2.7769687,0.18205883,0.005486847716868269,0.02899650359929202,0.3492433061699651,4510,0.47798204,32.66075388026653,3436,0.5278251,34.92433061699661,not_significant
P15,Rod,Pebp1,2.7742457,0.19735114,0.005532986944666389,0.0291828337966475,0.340512223515716,4510,0.4999312,31.973392461197736,3436,0.55600214,34.051222351571695,not_significant
P15,Rod,Ngrn,2.7737463,0.2566621,0.005541487051998712,0.02919895535061011,0.14842840512223515,4510,0.16361442,12.749445676275108,3436,0.1925789,14.842840512223557,up_in_KO
P15,Rod,1110065P20Rik,2.7716513,0.26929036,0.005577276941027314,0.029358698245015226,0.14580908032596043,4510,0.16006552,12.505543237250727,3436,0.1899677,14.580908032596081,up_in_KO
P15,Rod,Ccdc28b,2.7691393,0.21014515,0.0056204588988647735,0.02955700150344181,0.27386495925494764,4510,0.348228,25.033259423503086,3436,0.39330685,27.38649592549484,not_significant
P15,Rod,Tmem147,2.7680187,0.23728126,0.005639821620941411,0.02962977784008788,0.1958672875436554,4510,0.22640166,17.294900221729502,3436,0.26198035,19.5867287543656,not_significant
P15,Rod,Copg2,2.7656891,0.18775536,0.0056802657211259214,0.029813058050997498,0.29976717112922,4510,0.42868394,27.339246119733897,3436,0.47600353,29.976717112922092,not_significant
P15,Rod,Adh5,2.7642503,0.30517715,0.005705377972163285,0.02988637445574596,0.1420256111757858,4510,0.15435712,12.217294900221894,3436,0.18749648,14.202561117578618,up_in_KO
P15,Rod,Isca2,2.7632666,0.27762386,0.005722602527614031,0.029938312881265212,0.119906868451688,4510,0.12955539,10.066518847006753,3436,0.15501337,11.990686845168835,up_in_KO
P15,Rod,Myl12b,2.7630467,0.2625506,0.005726455819570863,0.029938312881265212,0.19237485448195576,4510,0.22237855,17.117516629711773,3436,0.2614043,19.23748544819563,up_in_KO
P15,Rod,Trim26,2.7614949,0.20708595,0.005753740735206613,0.030051670208031424,0.21303841676367868,4510,0.26441863,18.91352549889131,3436,0.29965448,21.30384167636793,not_significant
P15,Rod,Ftl1,2.7608883,0.19035897,0.005764438752474475,0.030078258237619733,0.2630966239813737,4510,0.36618295,23.658536585365656,3436,0.40852255,26.309662398137444,not_significant
P15,Rod,Tmem216,2.758093,0.28223094,0.005813963377049395,0.03030719101505632,0.1510477299185099,4510,0.1714243,13.05986696230614,3436,0.20489696,15.104772991851032,up_in_KO
P15,Rod,Serinc3,2.7548742,0.20887391,0.005871469194571502,0.030517985232249554,0.24621653084982537,4510,0.3029117,22.084257206208278,3436,0.34281725,24.62165308498261,not_significant
P15,Rod,Mrps22,2.7515395,0.27232683,0.005931585803454425,0.03074108816398989,0.10855646100116415,4510,0.11897172,8.957871396895856,3436,0.14200746,10.855646100116443,up_in_KO
P15,Rod,Bud31,2.750824,0.28238845,0.005944557544325691,0.030768739347581356,0.11146682188591385,4510,0.11362551,9.268292682926907,3436,0.1365822,11.146682188591415,up_in_KO
P15,Rod,Znhit6,2.7423756,0.24066149,0.006099655194980727,0.0314299235983445,0.13242142025611175,4510,0.15355943,11.17516629711765,3436,0.17907272,13.242142025611212,not_significant
P15,Rod,Cdc42ep3,2.7401025,0.23192549,0.006142002305900906,0.031617754672603124,0.23690337601862632,4510,0.30067292,21.441241685144,3436,0.34496596,23.6903376018627,not_significant
P15,Rod,Tsg101,2.7383013,0.17495257,0.006175748841633033,0.03173057163459731,0.3768917345750873,4510,0.52527845,35.654101995566144,3436,0.57661974,37.68917345750884,not_significant
P15,Rod,Cfap20,2.7338119,0.17852896,0.006260582188053433,0.03210493580948242,0.2811408614668219,4510,0.35492387,25.254988913525278,3436,0.39352638,28.114086146682272,not_significant
P15,Rod,Matr3,2.7328386,0.19522011,0.006279109812968699,0.032169192967300954,0.2910360884749709,4510,0.37516692,26.607538802660656,3436,0.419498,29.103608847497174,not_significant
P15,Rod,Samd8,2.7319393,0.21953413,0.006296273022414951,0.03222634398113912,0.2261350407450524,4510,0.2764617,20.28824833702874,3436,0.31539237,22.613504074505304,not_significant
P15,Rod,Smim10l1,2.7311165,0.23337245,0.006312014446898395,0.03224537666015523,0.19877764842840512,4510,0.23788276,17.671840354767184,3436,0.27437982,19.87776484284057,not_significant
P15,Rod,Cpsf6,2.7293086,0.14345302,0.00634672768286393,0.03239186231292304,0.4758440046565774,4510,0.721897,45.43237250554487,3436,0.7742566,47.584400465657886,not_significant
P15,Rod,Tcp11l1,2.7257624,0.21457201,0.006415315822226702,0.03267972846194115,0.20168800931315484,4510,0.25205344,17.694013303769403,3436,0.28715765,20.16880093131554,not_significant
P15,Rod,Synj2bp,2.724848,0.16911452,0.006433107049906077,0.032739265859294306,0.3646682188591385,4510,0.52076703,33.680709534368624,3436,0.5700196,36.466821885913966,not_significant
P15,Rod,Prpf19,2.7241094,0.25843966,0.006447516087057177,0.032746833960780465,0.12019790454016298,4510,0.13118899,10.088691796008971,3436,0.15502326,12.01979045401633,up_in_KO
P15,Rod,Rdh12,2.7239301,0.084342174,0.006451013851376383,0.032746833960780465,0.9071594877764843,4510,2.0668576,89.77827050998354,3436,2.118107,90.71594877764096,not_significant
P15,Rod,Zfp706,2.7230904,0.22771035,0.006467435606442073,0.032746833960780465,0.19557625145518046,4510,0.22825682,17.31707317073172,3436,0.26255438,19.557625145518102,not_significant
P15,Rod,Paip1,2.722897,0.18438491,0.0064712237133533355,0.032746833960780465,0.29336437718277064,4510,0.3770652,26.740576496673974,3436,0.41899943,29.336437718277153,not_significant
P15,Rod,Slc25a22,2.7220383,0.20300949,0.006488064619498323,0.032801110856728564,0.229918509895227,4510,0.29529783,20.443458980044255,3436,0.33320448,22.99185098952277,not_significant
P15,Rod,Gm16062,2.7215176,0.26326025,0.0064982918259630035,0.03280867833873632,0.17636786961583237,4510,0.21699013,15.52106430155218,3436,0.25529593,17.636786961583287,up_in_KO
P15,Rod,Rs1,2.7213395,0.053810325,0.006501794383683204,0.03280867833873632,0.9452852153667055,4510,2.4842002,94.74501108648067,3436,2.5184402,94.52852153666235,not_significant
P15,Rod,Nrip1,2.715098,0.1420792,0.006625615934548786,0.033339403257898394,0.5293946449359721,4510,0.84737617,50.77605321507973,3436,0.9048362,52.93946449359681,not_significant
P15,Rod,Ttc5,2.7119682,0.17720929,0.006688499861186757,0.0335928026736009,0.2849243306169965,4510,0.37326506,25.764966740576323,3436,0.41317207,28.492433061699735,not_significant
P15,Rod,Mpc1,2.70974,0.2580418,0.006733599181033238,0.033719747093158274,0.17782305005820723,4510,0.20720223,15.631929046563261,3436,0.2431997,17.782305005820774,up_in_KO
P15,Rod,Acsl1,2.709478,0.12844732,0.006738920373576747,0.033719747093158274,0.5910942956926659,4510,1.0017885,57.13968957871668,3436,1.0590419,59.10942956926504,not_significant
P15,Rod,Rpl30,2.7071419,0.13465759,0.0067865234144125495,0.03386317357665946,0.5357974388824214,4510,0.9930896,50.11086474501315,3436,1.0528584,53.57974388824162,not_significant
P15,Rod,Scmh1,2.7054677,0.1869381,0.006820830018456695,0.03397115340668683,0.2630966239813737,4510,0.370682,23.525498891352356,3436,0.4126397,26.309662398137444,not_significant
P15,Rod,Trappc1,2.7049801,0.28403667,0.0068308479461905896,0.03398948829625818,0.11321303841676368,4510,0.11782675,9.46784922394687,3436,0.1417247,11.321303841676398,up_in_KO
P15,Rod,Mtx2,2.704505,0.240185,0.006840624848809705,0.034006591000014144,0.1839348079161816,4510,0.218681,16.186252771618676,3436,0.25364333,18.393480791618213,not_significant
P15,Rod,Miga1,2.7037458,0.22368227,0.006856269671092964,0.03403520466560031,0.19965075669383003,4510,0.2587375,17.694013303769403,3436,0.29625827,19.96507566938306,not_significant
P15,Rod,Ranbp1,2.7036102,0.26109827,0.00685907088805256,0.03403520466560031,0.16152502910360886,4510,0.18179868,14.079822616408103,3436,0.21424533,16.15250291036093,up_in_KO
P15,Rod,Kcmf1,2.702543,0.19516374,0.006881127911331054,0.03408159752204965,0.28870779976717115,4510,0.38542125,26.363636363636246,3436,0.43070954,28.8707799767172,not_significant
P15,Rod,Psmc3,2.702226,0.22500926,0.006887695233617567,0.03408265427410021,0.2011059371362049,4510,0.23844124,17.849223946784917,3436,0.27362186,20.11059371362055,not_significant
P15,Rod,Fam89a,2.70024,0.2535863,0.006928949180203141,0.03423965256740384,0.1408614668218859,4510,0.15927511,12.03991130820415,3436,0.18717664,14.08614668218863,up_in_KO
P15,Rod,Psmd6,2.7000844,0.24301559,0.006932189166331202,0.03423965256740384,0.15657741559953434,4510,0.1751401,13.592017738359338,3436,0.20418955,15.657741559953479,not_significant
P15,Rod,Tmbim4,2.6986456,0.22939046,0.006962225931702852,0.03434756128910314,0.19266589057043074,4510,0.22132945,17.028824833702906,3436,0.25497434,19.26658905704313,not_significant
P15,Rod,Psmb6,2.698425,0.20325267,0.00696684315483673,0.03434756128910314,0.2508731082654249,4510,0.31242698,22.705099778270345,3436,0.35222065,25.087310826542563,not_significant
P15,Rod,Vps29,2.6979578,0.21603695,0.006976628043629692,0.034364217471101625,0.2467986030267753,4510,0.30450138,22.439024390243745,3436,0.34603235,24.679860302677607,not_significant
P15,Rod,Hnrnpdl,2.6970942,0.17627926,0.0069947485292629254,0.03442186340455627,0.3160651920838184,4510,0.42033577,29.024390243902566,3436,0.46397054,31.606519208381933,not_significant
P15,Rod,Commd1,2.696324,0.14364564,0.00701094338714945,0.03446993613993552,0.4691501746216531,4510,0.72900933,44.58980044346054,3436,0.7817824,46.91501746216545,not_significant
P15,Rod,Braf,2.6949673,0.1293541,0.007039554507354489,0.03457891060205996,0.6178696158323632,4510,1.0735146,59.17960088692086,3436,1.1334277,61.786961583234266,not_significant
P15,Rod,Coq10a,2.692045,0.23638904,0.007101536422177533,0.03485145596391609,0.12689173457508732,4510,0.14490794,10.687361419068855,3436,0.16864118,12.689173457508765,not_significant
P15,Rod,Ublcp1,2.6914732,0.18583234,0.007113718078365677,0.03487932703140172,0.18538998835855647,4510,0.22562812,16.09756097560981,3436,0.25301728,18.5389988358557,not_significant
P15,Rod,Ncoa1,2.6907995,0.08378312,0.007128103136446129,0.034917940843741585,0.7919091967403958,4510,1.6105033,78.66962305987165,3436,1.657241,79.19091967403426,not_significant
P15,Rod,Naa38,2.684718,0.2511103,0.007259103601349633,0.03552721872047393,0.1271827706635623,4510,0.13722076,10.753880266075509,3436,0.16130637,12.718277066356261,up_in_KO
P15,Rod,Adipor2,2.6830137,0.19552276,0.007296199611630897,0.035614386685439564,0.23370197904540163,4510,0.29618663,20.820399113081937,3436,0.33271816,23.370197904540234,not_significant
P15,Rod,Btg2,2.6827557,0.18108265,0.00730183047984295,0.035614386685439564,0.36117578579743886,4510,0.49932823,33.769401330377505,3436,0.55055994,36.117578579744,not_significant
P15,Rod,Mrps36,2.6826806,0.24399716,0.007303472288214675,0.035614386685439564,0.1830616996507567,4510,0.2128504,16.164079822616458,3436,0.24756922,18.30616996507572,not_significant
P15,Rod,Phb2,2.6807933,0.2558868,0.007344787922620105,0.035750855187780615,0.1638533178114086,4510,0.18655986,14.301552106430268,3436,0.21905507,16.38533178114091,up_in_KO
P15,Rod,Inka2,2.67861,0.20631887,0.007392842428983586,0.0359492136789791,0.239813736903376,4510,0.3021767,21.662971175166167,3436,0.34148824,23.981373690337673,not_significant
P15,Rod,Mrfap1,2.675014,0.18649346,0.007472611148060627,0.03627428615221467,0.2956926658905704,4510,0.3911679,27.20620842572058,3436,0.43487242,29.56926658905713,not_significant
P15,Rod,Atp6v0d1,2.6714046,0.21116586,0.007553453141318478,0.0365731989291342,0.25029103608847497,4510,0.31435686,22.904656319290293,3436,0.35599545,25.02910360884757,not_significant
P15,Rod,Cspp1,2.6703062,0.114646204,0.007578211148472446,0.03665421514914896,0.6370779976717112,4510,1.1338687,62.08425720621159,3436,1.1884474,63.707799767168716,not_significant
P15,Rod,Tmx3,2.6683614,0.26673418,0.007622219594136766,0.03683386117382848,0.12863795110593715,4510,0.15116128,10.953436807095471,3436,0.17925344,12.863795110593749,up_in_KO
P15,Rod,Dnal4,2.666925,0.28779408,0.007654875645808832,0.03692513755766059,0.12922002328288706,4510,0.13764508,11.042128603104343,3436,0.16563919,12.922002328288743,up_in_KO
P15,Rod,Kcnv2,2.66431,0.12553254,0.0077146434096905005,0.03715550458942248,0.5468568102444703,4510,0.8762381,53.50332594235271,3436,0.9279382,54.68568102444631,not_significant
P15,Rod,Srsf10,2.6638796,0.15034674,0.007724517763987439,0.03716081909060863,0.42462165308498256,4510,0.59934384,39.800443458981164,3436,0.64767444,42.462165308498385,not_significant
P15,Rod,Vezf1,2.662101,0.15048553,0.0077654571884519154,0.03728590916420618,0.42956926658905703,4510,0.61952174,40.46563192904774,3436,0.66904604,42.956926658905836,not_significant
P15,Rod,Trappc2l,2.6569486,0.26764837,0.007885145395879483,0.03766333027916077,0.12485448195576251,4510,0.1326268,10.598669623059983,3436,0.15763064,12.485448195576286,up_in_KO
P15,Rod,Pspc1,2.6561139,0.17899056,0.007904691799998564,0.03772310214874759,0.27852153667054713,4510,0.36747205,25.254988913525278,3436,0.4072892,27.852153667054797,not_significant
P15,Rod,Phc1,2.6537423,0.24017836,0.007960460446654495,0.03795547540964864,0.1350407450523865,4510,0.15966277,11.50776053215092,3436,0.18604212,13.504074505238686,not_significant
P15,Rod,Asb8,2.653398,0.27721033,0.007968584743373421,0.037960469416922764,0.12485448195576251,4510,0.14086886,10.620842572062202,3436,0.16832472,12.485448195576286,up_in_KO
P15,Rod,Hfm1,2.6507368,0.26761308,0.008031638343919508,0.038207045255364544,0.11845168800931316,4510,0.15200526,9.955654101995663,3436,0.18034117,11.845168800931347,up_in_KO
P15,Rod,Fdps,2.6471643,0.27877232,0.00811698964636156,0.038496492009799654,0.1210710128055879,4510,0.1263825,10.243902439024497,3436,0.15137476,12.107101280558823,up_in_KO
P15,Rod,Atf7ip,2.6467607,0.14470212,0.00812668257934288,0.03850841462508411,0.4691501746216531,4510,0.7110051,44.057649667407276,3436,0.7632976,46.91501746216545,not_significant
P15,Rod,Gtf2b,2.6461794,0.2894326,0.008140663784786787,0.03852561973409249,0.13329452852153667,4510,0.14519434,11.485587583148702,3436,0.17477642,13.329452852153704,up_in_KO
P15,Rod,Gabarapl2,2.6456587,0.15329692,0.008153201917645476,0.03852561973409249,0.3332363213038417,4510,0.4690851,30.731707317073454,3436,0.5102046,33.32363213038427,not_significant
P15,Rod,Dusp8,2.6453419,0.20097585,0.008160843585307885,0.03852561973409249,0.23457508731082655,4510,0.29417154,21.06430155210632,3436,0.33155802,23.457508731082726,not_significant
P15,Rod,Erlec1,2.6451187,0.13970755,0.00816622476466502,0.03852561973409249,0.4580908032596042,4510,0.6751951,42.99334811530075,3436,0.7239086,45.80908032596056,not_significant
P15,Rod,Polr1d,2.6428792,0.21744154,0.0082204358278962,0.03874729154730686,0.2261350407450524,4510,0.2738511,20.421286031042037,3436,0.31207943,22.613504074505304,not_significant
P15,Rod,Csnk1g1,2.641497,0.12606275,0.008254054449077229,0.03884793718040606,0.5678114086146682,4510,0.95459044,55.34368070953691,3436,1.0092293,56.78114086146571,not_significant
P15,Rod,Ndufv2,2.6414058,0.15808861,0.008256273002547148,0.03884793718040606,0.3690337601862631,4510,0.50747806,34.05764966740635,3436,0.5525375,36.903376018626425,not_significant
P15,Rod,Spag7,2.6406667,0.21609458,0.008274308142021425,0.03889867561244779,0.2319557625145518,4510,0.28266683,20.953436807095237,3436,0.32168242,23.19557625145525,not_significant
P15,Rod,Rpf2,2.638071,0.30250844,0.008337913481653834,0.03911086666964368,0.10826542491268917,4510,0.119815245,9.090909090909163,3436,0.14581604,10.826542491268947,up_in_KO
P15,Rod,Epm2aip1,2.6379325,0.20383395,0.008341318320296862,0.03911086666964368,0.2360302677532014,4510,0.29572508,21.263858093126267,3436,0.33383965,23.60302677532021,not_significant
P15,Rod,Cdkn1c,2.6371975,0.3011158,0.008359414994212616,0.03916148648817159,0.1079743888242142,4510,0.11458518,9.068736141906946,3436,0.1394024,10.79743888242145,up_in_KO
P15,Rod,Plekhj1,2.6367645,0.2689861,0.00837009251970854,0.03917729168910698,0.14435389988358557,4510,0.1586926,12.483370288248508,3436,0.18832551,14.435389988358596,up_in_KO
P15,Rod,Nudc,2.636387,0.18747589,0.008379406006276936,0.0391866903379856,0.2729918509895227,4510,0.3471064,24.878048780487568,3436,0.38699725,27.29918509895235,not_significant
P15,Rod,Pdia3,2.6354892,0.21714544,0.008401607799140405,0.03925629288727277,0.2441792782305006,4510,0.30691135,22.26164079822601,3436,0.34894344,24.41792782305013,not_significant
P15,Rod,Mtpn,2.63307,0.27960485,0.008461691567425279,0.039502622774298696,0.13766006984866122,4510,0.1545939,11.884700665188625,3436,0.18476708,13.766006984866161,up_in_KO
P15,Rod,Rax,2.6228526,0.15468305,0.008719698734708224,0.04060109723348517,0.38882421420256114,4510,0.5492582,36.74057649667489,3436,0.59598047,38.88242142025623,not_significant
P15,Rod,Dnaja2,2.621385,0.17166704,0.008757329670370895,0.040679911931954506,0.3131548311990687,4510,0.4088873,29.068736141907003,3436,0.45042056,31.31548311990696,not_significant
P15,Rod,Cfap298,2.6209016,0.24485222,0.008769756610360122,0.040679911931954506,0.19062863795110593,4510,0.22146209,16.962305986696254,3436,0.25754833,19.062863795110648,not_significant
P15,Rod,Mlf2,2.6207156,0.19022675,0.00877454476235484,0.040679911931954506,0.28754365541327126,4510,0.36793065,26.51884700665178,3436,0.41040313,28.75436554132721,not_significant
P15,Rod,Smndc1,2.615373,0.24440855,0.008913005879781916,0.04117946902596916,0.1490104772991851,4510,0.1697664,12.904656319290625,3436,0.19818275,14.90104772991855,not_significant
P15,Rod,Mab21l1,2.6110802,0.16946693,0.009025671936370933,0.04162829257669276,0.35797438882421423,4510,0.5031131,33.414634146341996,3436,0.55121535,35.79743888242153,not_significant
P15,Rod,Cisd1,2.6106162,0.19849175,0.009037926089538807,0.04164899960849326,0.270372526193248,4510,0.35577586,24.944567627494216,3436,0.39898506,27.037252619324875,not_significant
P15,Rod,Nabp2,2.6100807,0.2816962,0.00905208891734424,0.04165276662022807,0.1260186263096624,4510,0.13660356,10.776053215077727,3436,0.16376299,12.601862630966274,up_in_KO
P15,Rod,Cnih1,2.6099963,0.29561347,0.0090543201679933,0.04165276662022807,0.14260768335273574,4510,0.1537238,12.439024390244073,3436,0.18561333,14.260768335273614,up_in_KO
P15,Rod,Ube2a,2.6094117,0.28128827,0.009069804513875165,0.04165276662022807,0.14027939464493597,4510,0.15176587,12.150776053215239,3436,0.181629,14.027939464493636,up_in_KO
P15,Rod,Tra2a,2.6058745,0.118749335,0.009164000248779594,0.042013416525174145,0.6370779976717112,4510,1.0897329,61.1751662971206,3436,1.1451116,63.707799767168716,not_significant
P15,Rod,Gps1,2.60237,0.28565434,0.009258188782787185,0.04240898772918058,0.1149592549476135,4510,0.12359835,9.711751662971265,3436,0.14873749,11.495925494761382,up_in_KO
P15,Rod,Bnip3l,2.601047,0.18523405,0.009293970606089958,0.04246410420022703,0.3012223515715949,4510,0.39604416,27.738359201773843,3436,0.43987232,30.122235157159576,not_significant
P15,Rod,Zranb2,2.5983932,0.13932914,0.009366118611884902,0.042757327858851585,0.4586728754365541,4510,0.6722137,43.32594235033403,3436,0.72064596,45.86728754365556,not_significant
P15,Rod,Ndufaf7,2.5973618,0.18353435,0.009394293551391802,0.04281298805453928,0.15861466821885914,4510,0.1974072,13.636363636363772,3436,0.22141959,15.861466821885958,not_significant
P15,Rod,2310030A07Rik,2.5949461,0.17133972,0.009460572731895413,0.042976632668373066,0.3116996507566938,4510,0.43806052,28.691796008869275,3436,0.48181963,31.169965075669477,not_significant
P15,Rod,Rpl27,2.594886,0.14485759,0.009462230272436352,0.042976632668373066,0.42462165308498256,4510,0.703207,39.40133037694121,3436,0.7551734,42.462165308498385,not_significant
P15,Rod,Mphosph6,2.59207,0.27616832,0.009540030738779596,0.0432202068267008,0.10273573923166472,4510,0.11066246,8.580931263858151,3436,0.13252315,10.2735739231665,up_in_KO
P15,Rod,Leprotl1,2.5894668,0.31011242,0.009612465739735699,0.04351161706999349,0.1108847497089639,4510,0.11726413,9.401330376940214,3436,0.14345255,11.08847497089642,up_in_KO
P15,Rod,Mcts2,2.5806568,0.23626448,0.009861258059190326,0.04442534998038316,0.11525029103608847,4510,0.12759136,9.689578713969048,3436,0.14868222,11.52502910360888,not_significant
P15,Rod,Cops5,2.5802703,0.18663244,0.009872299995640701,0.04442534998038316,0.2208963911525029,4510,0.27445075,19.711751662971107,3436,0.30705968,22.089639115250357,not_significant
P15,Rod,Trmt13,2.577251,0.25581628,0.009958958572427349,0.044777748350796565,0.12834691501746218,4510,0.15567783,10.975609756097688,3436,0.18326329,12.834691501746251,up_in_KO
P15,Rod,Cspg5,2.5748985,0.17368795,0.010026947977110968,0.045045685887121635,0.2788125727590221,4510,0.37083215,25.23281596452306,3436,0.40970752,27.881257275902293,not_significant
P15,Rod,Cyb5r4,2.5737672,0.27129287,0.010059793758416334,0.04515542570723449,0.1388242142025611,4510,0.16214697,12.017738359201932,3436,0.19264507,13.882421420256149,up_in_KO
P15,Rod,Golim4,2.566855,0.21051317,0.010262553428245778,0.045797285015898796,0.1929569266589057,4510,0.25139084,17.07317073170734,3436,0.28571555,19.295692665890627,not_significant
P15,Rod,Med8,2.5664334,0.23002705,0.01027503773407283,0.04581488146763646,0.11437718277066357,4510,0.12449888,9.623059866962395,3436,0.14453152,11.437718277066388,not_significant
P15,Rod,Stau2,2.5605993,0.25841016,0.010449175375366741,0.04640886438325272,0.15861466821885914,4510,0.20445083,13.96895787139702,3436,0.24007967,15.861466821885958,up_in_KO
P15,Rod,Heatr3,2.56029,0.27296638,0.010458484846839844,0.04640886438325272,0.1210710128055879,4510,0.14475033,10.31042128603115,3436,0.17243305,12.107101280558823,up_in_KO
P15,Rod,Iscu,2.5602345,0.27616745,0.01046015096603658,0.04640886438325272,0.10826542491268917,4510,0.11855214,9.113082039911381,3436,0.14186394,10.826542491268947,up_in_KO
P15,Rod,Thoc2,2.5597239,0.12233342,0.010475536693724133,0.04640886438325272,0.5774155995343423,4510,0.9651187,56.03104212860571,3436,1.0184528,57.74155995343293,not_significant
P15,Rod,Polr2g,2.5596821,0.28863117,0.010476797592456202,0.04640886438325272,0.1568684516880093,4510,0.17485885,13.90243902439037,3436,0.20977321,15.686845168800975,up_in_KO
P15,Rod,Qars,2.5593522,0.23458834,0.010486746418891024,0.04640886438325272,0.14464493597206055,4510,0.1689366,12.483370288248508,3436,0.19601238,14.464493597206094,not_significant
P15,Rod,Fbxw2,2.556761,0.23926327,0.01056517358548219,0.04656663197413843,0.18742724097788127,4510,0.22649579,16.718403547671873,3436,0.2624043,18.74272409778818,not_significant
P15,Rod,A530058N18Rik,2.555002,0.13375987,0.010618716559336983,0.04676420001993726,0.529685681024447,4510,0.8220853,50.24390243902646,3436,0.8751048,52.9685681024443,not_significant
P15,Rod,Alkbh7,2.5506794,0.31463143,0.010751319042376917,0.047309331700828364,0.10942956926658906,4510,0.11541409,9.290465631929125,3436,0.1416307,10.942956926658935,up_in_KO
P15,Rod,Zfp330,2.5475,0.23507082,0.010849789008475297,0.04766420436711253,0.12223515715948778,4510,0.13675256,10.376940133037804,3436,0.15911904,12.223515715948812,not_significant
P15,Rod,Nop10,2.547216,0.2538654,0.010858623739114748,0.04766420436711253,0.12427240977881257,4510,0.13711688,10.576496674057765,3436,0.16147012,12.427240977881292,up_in_KO
P15,Rod,Rfc2,2.5459166,0.21542114,0.010899121800777593,0.04776379847987827,0.1350407450523865,4510,0.15954667,11.529933481153137,3436,0.18301798,13.504074505238686,not_significant
P15,Rod,Commd2,2.5454552,0.3036186,0.010913536311181764,0.047787925529125704,0.1149592549476135,4510,0.120790005,9.800443458980137,3436,0.1470924,11.495925494761382,up_in_KO
P15,Rod,Ndufab1,2.5447643,0.19187894,0.010935154616338314,0.04784353129040679,0.29336437718277064,4510,0.39040485,27.161862527716142,3436,0.4353572,29.336437718277153,not_significant
P15,Rod,Arl4a,2.5365052,0.22020787,0.011196506768116983,0.0487880278669208,0.18451688009313155,4510,0.22266716,16.385809312638624,3436,0.25505415,18.45168800931321,not_significant
P15,Rod,Amn1,2.5342076,0.21919428,0.011270194903292494,0.04906925767959491,0.2339930151338766,4510,0.32013065,21.33037694013292,3436,0.36409956,23.39930151338773,not_significant
P15,Rod,Tmcc2,2.532067,0.26908958,0.011339230456086154,0.0492869158220572,0.11059371362048893,4510,0.120844185,9.33481152993356,3436,0.14391603,11.059371362048925,up_in_KO
P15,Rod,Prorsd1,2.528481,0.25283664,0.011455730233598376,0.04963532873426631,0.11321303841676368,4510,0.12683488,9.600886917960176,3436,0.14939567,11.321303841676398,up_in_KO
P15,Rod,Fbxo38,2.5274036,0.17172131,0.011490934566618946,0.049667504444273994,0.19877764842840512,4510,0.25338575,17.538802660753884,3436,0.28128567,19.87776484284057,not_significant
P15,Rod,Mat2a,2.5257092,0.10460496,0.011546502902663357,0.04982738662098653,0.6848079161816065,4510,1.2384962,66.98447893570206,3436,1.2905265,68.48079161815734,not_significant
P15,Rod,Ddx50,2.5243385,0.1537071,0.011591622211520795,0.04994173617879321,0.3358556461001164,4510,0.46198604,30.798226164080113,3436,0.5027382,33.585564610011744,not_significant
P15,Rod,Dcaf10,2.5238996,0.19607745,0.011606112156882991,0.04996403339447862,0.2139115250291036,4510,0.28996027,19.135254988913477,3436,0.3259479,21.391152502910423,not_significant
P15,Rod,Itga4,2.5231242,0.25052252,0.011631730779580202,0.04999407363915722,0.12165308498253784,4510,0.1449416,10.376940133037804,3436,0.17020692,12.165308498253816,up_in_KO
P15,Rod,Qtrt1,2.5212078,0.27385196,0.01169527749720417,0.050140205960691575,0.10273573923166472,4510,0.12016969,8.625277161862586,3436,0.14356264,10.2735739231665,not_significant
P15,Rod,Sdhd,2.5209718,0.24388844,0.011703120406932485,0.050140205960691575,0.129802095459837,4510,0.14270952,11.130820399113214,3436,0.16690914,12.980209545983737,not_significant
P15,Rod,Cwc22,2.5197515,0.22014832,0.011743766968479456,0.050234103683352314,0.1440628637951106,4510,0.17324004,12.461197339246292,3436,0.19912432,14.4062863795111,not_significant
P15,Rod,Supt4a,2.5179405,0.28286186,0.011804325185709565,0.05045290860250686,0.14231664726426077,4510,0.15619393,12.461197339246292,3436,0.1870361,14.231664726426116,not_significant
P15,Rod,Rpl13,2.5159264,0.13488333,0.011871999321349145,0.0507017550634688,0.5663562281722934,4510,1.0789768,53.45898004434827,3436,1.1416606,56.635622817228246,not_significant
P15,Rod,Terf2ip,2.5153604,0.27625638,0.011891076184471936,0.05074282629555089,0.1210710128055879,4510,0.13249375,10.354767184035586,3436,0.15834615,12.107101280558823,not_significant
P15,Rod,Smim8,2.5142953,0.18210492,0.011927054576913083,0.05079888542697534,0.2852153667054715,4510,0.3711559,26.252771618625147,3436,0.41202456,28.52153667054723,not_significant
P15,Rod,Exoc4,2.5138142,0.119900465,0.011943336541743873,0.05079888542697534,0.5931315483119907,4510,1.0449287,57.028824833705585,3436,1.0995871,59.31315483119748,not_significant
P15,Rod,Gm49156,2.5137002,0.27869862,0.011947191498482229,0.05079888542697534,0.110011641443539,4510,0.12382003,9.33481152993356,3436,0.14833497,11.001164144353929,not_significant
P15,Rod,Zfp787,2.5133126,0.18392392,0.011960332219764558,0.05079888542697534,0.2817229336437718,4510,0.3680149,26.008869179600737,3436,0.4090264,28.172293364377264,not_significant
P15,Rod,Sf3a3,2.5132918,0.22657433,0.011961035103331442,0.05079888542697534,0.13038416763678695,4510,0.14579213,11.17516629711765,3436,0.1686,13.03841676367873,not_significant
P15,Rod,Pmvk,2.5034459,0.28583044,0.01229905035707482,0.051987475268202785,0.11525029103608847,4510,0.12465198,9.844789356984574,3436,0.15000679,11.52502910360888,not_significant
P15,Rod,Map1b,2.5020955,0.08517134,0.012346065084796595,0.05214511268885742,0.9365541327124564,4510,2.3112366,92.32815964523876,3436,2.364571,93.6554132712376,not_significant
P15,Rod,Prcd,2.5009527,0.09048992,0.012385967896346951,0.05217150823451357,0.7310826542491269,4510,1.5138116,72.32815964523692,3436,1.5630636,73.10826542490851,not_significant
P15,Rod,Setd5,2.500858,0.14309579,0.012389285457747081,0.05217150823451357,0.4007566938300349,4510,0.5970471,37.56097560975701,3436,0.6428586,40.075669383003614,not_significant
P15,Rod,Mif4gd,2.500799,0.19898455,0.01239135052750859,0.05217150823451357,0.15162980209545984,4510,0.17683809,13.12638580931279,3436,0.20052595,15.162980209546026,not_significant
P15,Rod,Rab3a,2.5005248,0.1805915,0.012400945749255182,0.05217150823451357,0.2709545983701979,4510,0.3517635,24.811529933480916,3436,0.39054692,27.09545983701987,not_significant
P15,Rod,Eif3f,2.500049,0.19096735,0.01241761065361127,0.052200676760165245,0.24941792782305006,4510,0.33317512,22.815964523281426,3436,0.37249506,24.94179278230508,not_significant
P15,Rod,Slc44a1,2.4975142,0.10863568,0.012506740459614384,0.052534186237565825,0.7459254947613504,4510,1.4279294,72.4168514412458,3436,1.4856821,74.59254947613059,not_significant
P15,Rod,Mef2b,2.4961529,0.26318398,0.012554844752194656,0.052694982199352224,0.10186263096623982,4510,0.11968896,8.536585365853714,3436,0.14201266,10.186263096624009,not_significant
P15,Rod,Psmd8,2.4924402,0.17526083,0.012686864625093719,0.053165892069533364,0.29336437718277064,4510,0.3858384,27.228381374722797,3436,0.42635605,29.336437718277153,not_significant
P15,Rod,Rps10,2.4851856,0.14058852,0.012948389555018848,0.054134966152081916,0.4214202561117579,4510,0.70724636,39.090909090910145,3436,0.7578387,42.14202561117592,not_significant
P15,Rod,Gabrb3,2.4848957,0.2557561,0.01295894340898359,0.054136894428183785,0.15745052386495925,4510,0.21692012,13.83592017738372,3436,0.25404602,15.745052386495969,not_significant
P15,Rod,Ube2b,2.4840178,0.14529395,0.012990930306651832,0.05422828806605481,0.41123399301513386,4510,0.59072644,39.31263858093234,3436,0.63690734,41.123399301513516,not_significant
P15,Rod,Pom121,2.483431,0.2351781,0.013012352224381346,0.0542754722640603,0.11554132712456344,4510,0.12908523,9.77827050997792,3436,0.15029962,11.554132712456376,not_significant
P15,Rod,Doc2b,2.4810855,0.15677315,0.013098293515721737,0.05454910436205854,0.3789289871944121,4510,0.5487603,35.76496674057724,3436,0.5961021,37.89289871944133,not_significant
P15,Rod,Coq8b,2.4716113,0.22499265,0.01345057064264913,0.05584208460587851,0.14231664726426077,4510,0.17101684,12.350332594235201,3436,0.19720066,14.231664726426116,not_significant
P15,Rod,Ankrd10,2.471339,0.24071802,0.013460815696383466,0.05584208460587851,0.12369033760186263,4510,0.14449678,10.576496674057765,3436,0.16863322,12.369033760186298,not_significant
P15,Rod,Eif3k,2.46999,0.19426195,0.013511680026431631,0.056009777172936065,0.21449359720605354,4510,0.2608463,19.24611973392456,3436,0.29340464,21.44935972060542,not_significant
P15,Rod,Psmd7,2.467885,0.22324607,0.013591393604256295,0.05629670679013959,0.21536670547147846,4510,0.26265687,19.57871396895781,3436,0.3005868,21.53667054714791,not_significant
P15,Rod,Suclg1,2.4672048,0.16402535,0.013617245273842287,0.05635831074086956,0.27939464493597205,4510,0.3576843,25.631929046563005,3436,0.39325196,27.93946449359729,not_significant
P15,Rod,Ankrd33,2.4658227,0.13157888,0.013669895262079908,0.05644751207528609,0.4487776484284051,4510,0.6551318,42.66075388026746,3436,0.7000057,44.87776484284065,not_significant
P15,Rod,Rpl6,2.4618454,0.13508642,0.013822425276633741,0.05690214058623438,0.4339348079161816,4510,0.6776176,40.598669623061056,3436,0.72479737,43.393480791618295,not_significant
P15,Rod,Mrpl38,2.4614756,0.26191124,0.013836680861143473,0.05691714427850736,0.11583236321303841,4510,0.13372715,9.911308203991227,3436,0.15833913,11.583236321303874,not_significant
P15,Rod,E130218I03Rik,2.4610548,0.15401533,0.01385291884427021,0.05694027331851755,0.3786379511059371,4510,0.5423525,35.92017738359278,3436,0.5884377,37.86379511059383,not_significant
P15,Rod,Gm12296,2.4597223,0.24894811,0.013904457902473823,0.05710835542792465,0.11321303841676368,4510,0.15815318,9.623059866962395,3436,0.18533115,11.321303841676398,not_significant
P15,Rod,Kbtbd3,2.4556665,0.21463811,0.014062354671506036,0.05758798009206372,0.15250291036088476,4510,0.18071587,13.32594235033274,3436,0.2068908,15.250291036088518,not_significant
P15,Rod,Rps11,2.45562,0.13291478,0.01406417858325941,0.05758798009206372,0.45052386495925495,4510,0.76927036,42.106430155211974,3436,0.8197648,45.05238649592563,not_significant
P15,Rod,Fbxo33,2.454768,0.28542373,0.014097558372263237,0.05763165030006721,0.10884749708963912,4510,0.12580128,9.268292682926907,3436,0.151333,10.884749708963941,not_significant
P15,Rod,Skil,2.4545252,0.2614095,0.014107076219982894,0.05763165030006721,0.11379511059371362,4510,0.12822054,9.711751662971265,3436,0.15184477,11.379511059371392,not_significant
P15,Rod,Tomm22,2.4531417,0.18826652,0.014161451943545194,0.057809762728444763,0.18364377182770664,4510,0.21447858,16.252771618625324,3436,0.24103114,18.364377182770717,not_significant
P15,Rod,Tmem258,2.4523497,0.21578583,0.014192663322344645,0.057849123146699606,0.2249708963911525,4510,0.29444486,20.576496674057555,3436,0.33477062,22.497089639115316,not_significant
P15,Rod,Ythdf3,2.4514925,0.16372329,0.014226516748210627,0.0578991167203352,0.34866123399301513,4510,0.48819318,32.860310421286506,3436,0.53356755,34.86612339930162,not_significant
P15,Rod,Ube2m,2.45115,0.22365896,0.014240063374071911,0.05791031079493687,0.19121071012805588,4510,0.22532862,17.18403547671842,3436,0.25860006,19.121071012805643,not_significant
P15,Rod,Eif2b2,2.4482658,0.263852,0.014354573308376802,0.05824351832536548,0.1030267753201397,4510,0.11463253,8.69179600886924,3436,0.13613467,10.302677532013996,not_significant
P15,Rod,Anapc10,2.4468822,0.16636084,0.014409787941117993,0.05833517171030711,0.27823050058207216,4510,0.37974197,25.52106430155191,3436,0.41763332,27.8230500582073,not_significant
P15,Rod,Dbi,2.4440806,0.24634387,0.014522179733345344,0.05870156148429874,0.13474970896391153,4510,0.15840304,11.685144124168662,3436,0.18531454,13.47497089639119,not_significant
P15,Rod,Purb,2.4437304,0.12642129,0.014536286613082722,0.05871433839802389,0.5395809080325961,4510,0.924609,51.10864745011302,3436,0.97838986,53.95809080325902,not_significant
P15,Rod,Rmnd5b,2.442866,0.21367337,0.014571145122543497,0.05881085209730874,0.15017462165308498,4510,0.17586254,13.082039911308357,3436,0.20128082,15.01746216530854,not_significant
P15,Rod,Trak2,2.4411905,0.14975078,0.014638931950431209,0.05899566565147483,0.3780558789289872,4510,0.53773993,35.18847006651954,3436,0.5822294,37.805587892898835,not_significant
P15,Rod,Cope,2.4378889,0.20777857,0.014773316069017607,0.05940370388915889,0.21041909196740397,4510,0.2540556,19.024390243902396,3436,0.2882191,21.04190919674046,not_significant
P15,Rod,Wdr66,2.4378867,0.18227406,0.01477340436020469,0.05940370388915889,0.25844004656577413,4510,0.3352814,23.658536585365656,3436,0.3729263,25.84400465657749,not_significant
P15,Rod,Idh1,2.4373736,0.230264,0.014794382271289784,0.059411590867827574,0.1568684516880093,4510,0.18347408,13.813747228381503,3436,0.21206906,15.686845168800975,not_significant
P15,Rod,Nme5,2.437257,0.19940309,0.014799150689609682,0.059411590867827574,0.2121653084982538,4510,0.26274824,19.090909090909044,3436,0.29642394,21.21653084982544,not_significant
P15,Rod,Rpl29,2.4341085,0.15161312,0.01492851986103772,0.05984796751465346,0.3672875436554133,4510,0.5735072,34.368070953437424,3436,0.62073827,36.72875436554144,not_significant
P15,Rod,Krr1,2.4335258,0.26103166,0.014952572058549355,0.059899623989588306,0.14610011641443538,4510,0.16508944,12.860310421286192,3436,0.19482596,14.61001164144358,not_significant
P15,Rod,Celf2,2.4316819,0.07974002,0.015028900827303278,0.06016046569974237,0.9327706635622818,4510,2.4150398,92.32815964523876,3436,2.465494,93.27706635622022,not_significant
P15,Rod,Serinc1,2.4306753,0.18993951,0.015070717253245335,0.06028286901298134,0.2127473806752037,4510,0.2618561,19.20177383592013,3436,0.29375982,21.274738067520435,not_significant
P15,Rod,2610037D02Rik,2.4293804,0.18209596,0.015124650856021143,0.06036918172763511,0.2561117578579744,4510,0.3496534,23.503325942350138,3436,0.38858128,25.611175785797514,not_significant
P15,Rod,Rpl18,2.4293609,0.14902228,0.015125466760859392,0.06036918172763511,0.40162980209545984,4510,0.6394712,37.937915742794736,3436,0.68960196,40.162980209546106,not_significant
P15,Rod,Fam76a,2.4293468,0.2377087,0.01512605895636495,0.06036918172763511,0.15454016298020953,4510,0.18451945,13.592017738359338,3436,0.21425372,15.454016298020997,not_significant
P15,Rod,Caml,2.4259455,0.21847747,0.015268566218091943,0.06087045296599462,0.20779976717112922,4510,0.253834,18.824833702882447,3436,0.28983298,20.779976717112984,not_significant
P15,Rod,2410004B18Rik,2.425808,0.27259985,0.015274353037328256,0.06087045296599462,0.12223515715948778,4510,0.13238136,10.554323725055548,3436,0.15784293,12.223515715948812,not_significant
P15,Rod,Lamtor3,2.4253435,0.21053225,0.015293911744079885,0.06090314966239384,0.17520372526193248,4510,0.20334642,15.543237250554395,3436,0.23184632,17.5203725261933,not_significant
P15,Rod,Pde8b,2.4211335,0.09317046,0.015472188224013902,0.06152173286405528,0.8460419091967404,4510,1.956761,83.52549889135769,3436,2.0124624,84.60419091966772,not_significant
P15,Rod,Txn1,2.4202557,0.26043907,0.01550959908093745,0.06157919279803737,0.13940628637951105,4510,0.15354937,12.217294900221894,3436,0.18132134,13.940628637951145,not_significant
P15,Rod,Rabggtb,2.4193082,0.22968979,0.01555006333937478,0.06168498970381069,0.15628637951105936,4510,0.18032898,13.76940133037707,3436,0.20840806,15.628637951105981,not_significant
P15,Rod,Exosc3,2.418871,0.24619433,0.01556876632197351,0.06168498970381069,0.11030267753201398,4510,0.115759164,9.379157427937997,3436,0.13589479,11.030267753201427,not_significant
P15,Rod,Ola1,2.4188247,0.19533986,0.01557074497743469,0.06168498970381069,0.26135040745052385,4510,0.34719348,24.124168514412204,3436,0.38884506,26.135040745052464,not_significant
P15,Rod,Tgfbrap1,2.4164746,0.2493183,0.015671619030457263,0.062038792973706826,0.1210710128055879,4510,0.14347042,10.443458980044458,3436,0.16837086,12.107101280558823,not_significant
P15,Rod,Apobec2,2.411812,0.2201917,0.015873460938532764,0.06274520595010298,0.1420256111757858,4510,0.16926493,12.350332594235201,3436,0.19461647,14.202561117578618,not_significant
P15,Rod,Pdhb,2.4107609,0.16118912,0.015919278945645834,0.06287997957617399,0.2680442374854482,4510,0.34213555,24.501108647449886,3436,0.37581295,26.8044237485449,not_significant
P15,Rod,4930453N24Rik,2.4095807,0.2057302,0.015970864410830336,0.0630077064260241,0.18364377182770664,4510,0.21701509,16.385809312638624,3436,0.24647696,18.364377182770717,not_significant
P15,Rod,Exosc7,2.4094837,0.18735635,0.015975108266106038,0.0630077064260241,0.15192083818393481,4510,0.18105012,13.215077605321657,3436,0.2037559,15.192083818393524,not_significant
P15,Rod,Alkbh1,2.4075172,0.17755899,0.016061402172451632,0.0633015145136154,0.18015133876600697,4510,0.22771616,15.920177383592076,3436,0.25403842,18.01513387660075,not_significant
P15,Rod,Cir1,2.405419,0.19576927,0.01615393292746946,0.06361399764215403,0.24388824214202562,4510,0.3151462,22.41685144124153,3436,0.35368085,24.388824214202636,not_significant
P15,Rod,Hipk3,2.4051821,0.11659208,0.016164406932560767,0.06361399764215403,0.4976717112922002,4510,0.77265525,48.04878048780675,3436,0.81695896,49.76717112922018,not_significant
P15,Rod,Napa,2.4035904,0.18639265,0.016234948734976242,0.06384476907214998,0.23224679860302677,4510,0.2883849,21.06430155210632,3436,0.32235286,23.224679860302746,not_significant
P15,Rod,Tob2,2.40107,0.1234459,0.016347206717281564,0.06419210602598706,0.5238649592549476,4510,0.82796395,50.17738359201981,3436,0.87703985,52.38649592549447,not_significant
P15,Rod,Trnau1ap,2.396066,0.2935742,0.0165721136109552,0.06482869062708464,0.12339930151338765,4510,0.13525301,10.753880266075509,3436,0.16340186,12.3399301513388,not_significant
P15,Rod,Napg,2.395813,0.15251113,0.016583551412969355,0.06482869062708464,0.35477299185098954,4510,0.48884255,33.10421286031092,3436,0.53105366,35.477299185099056,not_significant
P15,Rod,Gm39469,2.395627,0.20864354,0.016591969110457468,0.06482869062708464,0.220023282887078,4510,0.28767517,20.02217294900214,3436,0.3258368,22.002328288707865,not_significant
P15,Rod,Rtn3,2.3949492,0.11825275,0.01662266896511604,0.06484654278464178,0.5532596041909197,4510,0.91420245,52.971175166299446,3436,0.96411604,55.325960419091125,not_significant
P15,Rod,Eif4a3,2.3936045,0.17847808,0.016683722360520424,0.06503741769028455,0.21362048894062863,4510,0.25928214,19.17960088691791,3436,0.2889157,21.362048894062927,not_significant
P15,Rod,Cox11,2.391922,0.226175,0.016760405413960337,0.06524152005840583,0.14668218859138532,4510,0.17369115,12.882483370288409,3436,0.2003937,14.668218859138573,not_significant
P15,Rod,Pfdn4,2.3907566,0.23095052,0.01681369344330071,0.06535409538396016,0.10913853317811409,4510,0.11922356,9.268292682926907,3436,0.13854757,10.913853317811437,not_significant
P15,Rod,Pfn2,2.3784597,0.2558447,0.01738513580032628,0.0672827333571069,0.11263096623981374,4510,0.12262918,9.645232815964611,3436,0.14477538,11.263096623981404,not_significant
P15,Rod,Aff4,2.3774395,0.13695608,0.01743330222104719,0.06740972097100814,0.42258440046565776,4510,0.62537223,40.376940133038865,3436,0.67063123,42.2584400465659,not_significant
P15,Rod,Cfl1,2.3772326,0.17645735,0.01744308216028324,0.06740972097100814,0.279976717112922,4510,0.36882484,25.92017738359186,3436,0.40817198,27.997671711292284,not_significant
P15,Rod,Rack1,2.3768137,0.13263232,0.01746290575837917,0.06743309587353379,0.3541909196740396,4510,0.5336896,32.749445676275414,3436,0.57273954,35.419091967404064,not_significant
P15,Rod,Nvl,2.3742905,0.19666912,0.017582707939341906,0.06771116584640893,0.1559953434225844,4510,0.19582061,13.680709534368205,3436,0.22146243,15.599534342258483,not_significant
P15,Rod,Chn1,2.3742592,0.14751688,0.017584200973908958,0.06771116584640893,0.3806752037252619,4510,0.57502043,36.16407982261719,3436,0.62102634,38.06752037252631,not_significant
P15,Rod,Asxl2,2.3739612,0.14897962,0.017598401706343483,0.06771550695553591,0.36554132712456344,4510,0.5349066,34.65631929046628,3436,0.5789876,36.55413271245646,not_significant
P15,Rod,Oxa1l,2.371629,0.2234226,0.01770985779196952,0.06799976893065462,0.1589057043073341,4510,0.19793664,14.057649667405887,3436,0.22757243,15.890570430733456,not_significant
P15,Rod,Gngt1,2.3699443,0.07284789,0.017790766136647318,0.06824762062241306,0.9473224679860303,4510,3.3601677,95.32150776053837,3436,3.408951,94.7322467985948,not_significant
P15,Rod,Capn15,2.368134,0.2395235,0.017878061967061553,0.06849851742237012,0.16618160651920838,4510,0.20379013,14.878048780487898,3436,0.23654461,16.618160651920885,not_significant
P15,Rod,Kdsr,2.3662467,0.18397573,0.017969465670971272,0.06879958162675939,0.20547147846332944,4510,0.2619862,18.447893569844766,3436,0.29285222,20.547147846333004,not_significant
P15,Rod,Fem1b,2.3654277,0.27440247,0.018009256265568003,0.06890274651106046,0.12514551804423749,4510,0.14263323,10.886917960088818,3436,0.17009999,12.514551804423782,not_significant
P15,Rod,Klf9,2.3602667,0.12491199,0.01826180594613151,0.06976946374291268,0.47729918509895225,4510,0.7394032,45.254988913527114,3436,0.7855847,47.72991850989538,not_significant
P15,Rod,Lrrc58,2.3583124,0.23226646,0.018358235678592186,0.06994495130443111,0.13940628637951105,4510,0.16787228,12.195121951219676,3436,0.19450878,13.940628637951145,not_significant
P15,Rod,Uty,2.3582788,0.14385425,0.018359897732408464,0.06994495130443111,0.38882421420256114,4510,0.58399665,36.85144124168599,3436,0.6293327,38.88242142025623,not_significant
P15,Rod,Slc25a33,2.3578632,0.12688386,0.018380469790594843,0.0699736266548976,0.4889406286379511,4510,0.7435319,46.851441241686906,3436,0.7906297,48.89406286379526,not_significant
P15,Rod,Hcn1,2.348484,0.029178416,0.018850006088575823,0.07140637899655418,0.9842840512223515,4510,3.3477643,98.53658536586018,3436,3.3672826,98.42840512222624,not_significant
P15,Rod,Rab18,2.3480892,0.18596071,0.01887000663514219,0.07143169766471609,0.1979045401629802,4510,0.23266254,17.738359201773836,3436,0.26081982,19.790454016298078,not_significant
P15,Rod,Ube2d3,2.3460042,0.14384586,0.01897588667366466,0.07178184493479355,0.3378928987194412,4510,0.45846805,31.308203991131155,3436,0.4963008,33.78928987194422,not_significant
P15,Rod,Rbm26,2.34386,0.12181943,0.0190853372932317,0.07214499594143399,0.4647846332945285,4510,0.70081216,44.03547671840505,3436,0.74424493,46.47846332945299,not_significant
P15,Rod,Cnrip1,2.3419793,0.14379549,0.01918177824403766,0.07245849190212536,0.419965075669383,4510,0.6607577,40.19955654102111,3436,0.7101941,41.996507566938426,not_significant
P15,Rod,C920021L13Rik,2.3384035,0.23246722,0.019366327882803246,0.0729871467147543,0.18131548311990686,4510,0.24171683,16.34146341463419,3436,0.27857178,18.131548311990738,not_significant
P15,Rod,Ccdc126,2.338214,0.08890218,0.019376155279979514,0.0729871467147543,0.659778812572759,4510,1.174758,65.32150776053561,3436,1.2177463,65.97788125727307,not_significant
P15,Rod,Ndufaf3,2.3377705,0.28531066,0.01939915423312934,0.07302250056596897,0.1260186263096624,4510,0.13735397,10.997782705099906,3436,0.16503146,12.601862630966274,not_significant
P15,Rod,Phospho2,2.3365748,0.24469975,0.019461309689587807,0.07320509479309187,0.11117578579743888,4510,0.12727983,9.534368070953523,3436,0.14913079,11.117578579743919,not_significant
P15,Rod,5330413P13Rik,2.3343651,0.22187574,0.01957660518988162,0.0735871830683427,0.16036088474970897,4510,0.19419734,14.279379157428052,3436,0.2231187,16.036088474970942,not_significant
P15,Rod,Rab43,2.3332427,0.15996216,0.019635411786734804,0.07362808012544314,0.3189755529685681,4510,0.44983366,30.022172949002435,3436,0.49143502,31.897555296856904,not_significant
P15,Rod,U2af1,2.3331096,0.18372434,0.01964239050326419,0.07362808012544314,0.27153667054714786,4510,0.34319466,25.254988913525278,3436,0.3818898,27.153667054714862,not_significant
P15,Rod,Rassf8,2.3303633,0.12688307,0.019786957468105965,0.07396323335116403,0.44935972060535506,4510,0.68878204,42.572062084258576,3436,0.733531,44.93597206053565,not_significant
P15,Rod,Kirrel,2.3298032,0.113493115,0.019816553016996256,0.0740222774256044,0.5718859138533178,4510,0.9606676,54.87804878049031,3436,1.0099598,57.18859138533059,not_significant
P15,Rod,Ndufs8,2.3267243,0.217045,0.01997994135695704,0.07437363319827728,0.2060535506402794,4510,0.24825971,18.780487804878014,3436,0.28332907,20.605355064028,not_significant
P15,Rod,Myl6,2.325638,0.1620921,0.020037869772970656,0.07447283237399022,0.3370197904540163,4510,0.48276034,31.685144124168886,3436,0.52728707,33.70197904540173,not_significant
P15,Rod,Mdm2,2.3253632,0.20215681,0.020052545600873536,0.07447283237399022,0.22264260768335273,4510,0.28035,20.28824833702874,3436,0.31646386,22.26426076833534,not_significant
P15,Rod,Ldha,2.3245957,0.085868455,0.020093590722018783,0.07451820160952144,0.8923166472642607,4510,2.126937,88.02660753880821,3436,2.179547,89.23166472641888,not_significant
P15,Rod,Gtpbp8,2.3244362,0.2300912,0.020102132313381343,0.07451820160952144,0.139988358556461,4510,0.16577056,12.239467849224111,3436,0.19184129,13.998835855646139,not_significant
P15,Rod,Babam1,2.3231933,0.23113012,0.02016876388446391,0.07464455034311741,0.12485448195576251,4510,0.14315757,10.820399113082162,3436,0.16606887,12.485448195576286,not_significant
P15,Rod,Rbis,2.3231235,0.18510358,0.02017252083748512,0.07464455034311741,0.19965075669383003,4510,0.24058075,17.937915742793784,3436,0.26943344,19.96507566938306,not_significant
P15,Rod,Ccdc59,2.3230221,0.15062913,0.02017796383249818,0.07464455034311741,0.3189755529685681,4510,0.4340434,29.645232815964707,3436,0.47206354,31.897555296856904,not_significant
P15,Rod,Ndufa4,2.3209622,0.12686369,0.020288888886081005,0.07495151514114223,0.65046565774156,4510,1.3959817,61.61862527716499,3436,1.4628537,65.04656577415334,not_significant
P15,Rod,Caap1,2.3181794,0.18341075,0.02043957717461375,0.07540432734843752,0.16559953434225844,4510,0.21004845,14.6119733924613,3436,0.23540749,16.55995343422589,not_significant
P15,Rod,Cyth2,2.3146176,0.17208745,0.02063386573482337,0.07601594705922801,0.2657159487776484,4510,0.33479306,24.54545454545432,3436,0.37020317,26.57159487776492,not_significant
P15,Rod,Slc25a27,2.3130414,0.18970059,0.020720363851603293,0.07612604910958909,0.24854481955762514,4510,0.33203533,22.926829268292508,3436,0.37097138,24.85448195576259,not_significant
P15,Rod,Arfip2,2.3094275,0.25831997,0.020919873419575182,0.07680643464928219,0.12252619324796275,4510,0.13703983,10.64301552106442,3436,0.16184129,12.252619324796308,not_significant
P15,Rod,Hspa9,2.309165,0.16796556,0.02093442987689819,0.07680730633357175,0.239813736903376,4510,0.30352107,21.840354767183896,3436,0.33533317,23.981373690337673,not_significant
P15,Rod,Sirt3,2.3063862,0.207109,0.021089056349336544,0.07726891957502816,0.15279394644935973,4510,0.17992242,13.458980044346038,3436,0.20502432,15.279394644936014,not_significant
P15,Rod,Atp5mpl,2.304514,0.14179808,0.021193806750851252,0.07757407840313482,0.41123399301513386,4510,0.68860734,38.71396895787241,3436,0.7387332,41.123399301513516,not_significant
P15,Rod,Rab2b,2.304381,0.18156631,0.021201267512862724,0.07757407840313482,0.15715948777648428,4510,0.19786184,13.813747228381503,3436,0.22165224,15.715948777648473,not_significant
P15,Rod,Chrac1,2.303312,0.15784328,0.021261296546126223,0.07768773479115876,0.2779394644935972,4510,0.3631981,25.654101995565227,3436,0.3978043,27.7939464493598,not_significant
P15,Rod,Mageh1,2.3003824,0.230398,0.021426572354286782,0.07813197424092067,0.10477299185098952,4510,0.1126231,8.935698447893637,3436,0.13089864,10.47729918509898,not_significant
P15,Rod,Csnk1g3,2.2996645,0.17490073,0.0214672290138437,0.07817394190784631,0.22380675203725262,4510,0.29112536,20.199556541019874,3436,0.3231605,22.38067520372533,not_significant
P15,Rod,Ubn1,2.2986948,0.15580405,0.02152227568340681,0.0783212257569838,0.2671711292200233,4510,0.35042837,24.456762749445453,3436,0.38358548,26.717112922002407,not_significant
P15,Rod,Scg5,2.2980773,0.11492054,0.021557390548053005,0.07839582569475004,0.5203725261932479,4510,0.8206138,50.00000000000205,3436,0.86598754,52.03725261932457,not_significant
P15,Rod,Ssbp2,2.2977984,0.096894644,0.02157326558575161,0.07840040420187781,0.6984866123399301,4510,1.3012486,68.49223946785298,3436,1.3505715,69.84866123398945,not_significant
P15,Rod,Ppp6c,2.295946,0.15488291,0.021678970921896416,0.0787312119330077,0.25349243306169966,4510,0.33315992,23.059866962305808,3436,0.36476725,25.349243306170038,not_significant
P15,Rod,Cdc40,2.294552,0.17975417,0.02175880968771801,0.07891430369500975,0.21827706635622818,4510,0.28363198,19.822616407982192,3436,0.31587547,21.82770663562288,not_significant
P15,Rod,Snrpd1,2.2927544,0.17200023,0.0218621544946217,0.07907525064676386,0.2508731082654249,4510,0.31206915,22.97117516629694,3436,0.34544852,25.087310826542563,not_significant
P15,Rod,Pabpc4,2.292213,0.18039423,0.02189335946587184,0.0791347575302807,0.17142025611175785,4510,0.21285847,15.210643015521146,3436,0.23807499,17.142025611175836,not_significant
P15,Rod,Ubxn2b,2.2907665,0.27779782,0.021976922308050838,0.07932988644709603,0.10128055878928988,4510,0.11813824,8.669623059867023,3436,0.14152342,10.128055878929015,not_significant
P15,Rod,Ube2e2,2.2893796,0.234132,0.0220573109510932,0.07951304834789241,0.13125727590221187,4510,0.19444808,11.463414634146483,3436,0.22510938,13.125727590221222,not_significant
P15,Rod,Thyn1,2.2888036,0.20900996,0.022090774252158624,0.07954303262473766,0.19470314318975554,4510,0.23584327,17.64966740576497,3436,0.26807123,19.47031431897561,not_significant
P15,Rod,Zfr,2.2887259,0.12108708,0.022095286840204908,0.07954303262473766,0.4755529685681024,4510,0.7435387,45.49889135255153,3436,0.78844297,47.55529685681039,not_significant
P15,Rod,Tmem175,2.2865458,0.22945984,0.022222353038482603,0.07994681535776035,0.11350407450523865,4510,0.14179692,9.77827050997792,3436,0.16433229,11.350407450523896,not_significant
P15,Rod,Sumo3,2.2861753,0.20152426,0.022244004757298944,0.07997107340358682,0.19848661233993015,4510,0.24326567,17.960088691796,3436,0.27512452,19.848661233993074,not_significant
P15,Rod,Ggnbp2,2.2851744,0.16098103,0.022302603775028598,0.08007440873444002,0.2689173457508731,4510,0.36493272,24.85587583148535,3436,0.4003903,26.89173457508739,not_significant
P15,Rod,Ptbp2,2.2838695,0.14783613,0.022379201405108833,0.0802420028990667,0.36233993015133875,4510,0.5171579,34.4567627494463,3436,0.5598068,36.23399301513398,not_significant
P15,Rod,Magoh,2.2836008,0.20023522,0.02239499558713868,0.08024499420802396,0.16181606519208383,4510,0.18486503,14.323725055432485,3436,0.20968403,16.181606519208426,not_significant
P15,Rod,Scaf1,2.2823908,0.20880003,0.022466273388603374,0.08044665584543959,0.16094295692665891,4510,0.18743178,14.279379157428052,3436,0.21369973,16.094295692665934,not_significant
P15,Rod,2210016L21Rik,2.2814531,0.2726577,0.022521651035882207,0.0805911515386739,0.13591385331781142,4510,0.15533257,12.03991130820415,3436,0.18482274,13.591385331781177,not_significant
P15,Rod,Fam122a,2.2798636,0.22863927,0.022615779968536417,0.08082014906810749,0.15657741559953434,4510,0.18032089,13.946784922394803,3436,0.2082619,15.657741559953479,not_significant
P15,Rod,Scoc,2.275598,0.21459574,0.022870083727464015,0.08163748596739037,0.16821885913853318,4510,0.1977594,15.033259423503415,3436,0.22613019,16.821885913853365,not_significant
P15,Rod,Crebbp,2.2749832,0.12549415,0.02290694557806294,0.08169737771325107,0.43160651920838183,4510,0.66338867,41.24168514412542,3436,0.70651275,43.16065192083832,not_significant
P15,Rod,Slc23a2,2.2729924,0.15177108,0.0230266364350535,0.08202737615079154,0.32188591385331783,4510,0.4539568,29.955654101995776,3436,0.49363717,32.188591385331875,not_significant
P15,Rod,Mrpl27,2.2729356,0.24274215,0.023030057509897853,0.08202737615079154,0.13824214202561116,4510,0.15247568,12.195121951219676,3436,0.17805934,13.824214202561155,not_significant
P15,Rod,Mrpl32,2.2722583,0.19090977,0.02307091633528486,0.08211837771895686,0.1909196740395809,4510,0.22745492,17.161862527716202,3436,0.255832,19.091967403958147,not_significant
P15,Rod,Dpm2,2.2717724,0.29569587,0.02310026498128523,0.08215225744867279,0.12019790454016298,4510,0.13060129,10.53215077605333,3436,0.158071,12.01979045401633,not_significant
P15,Rod,Klhl9,2.2668116,0.21877618,0.023401737821557803,0.08285605391078288,0.14668218859138532,4510,0.16791688,12.971175166297275,3436,0.19291301,14.668218859138573,not_significant
P15,Rod,Mrps17,2.2665205,0.22397432,0.023419531656565483,0.08286435871096125,0.13824214202561116,4510,0.15619685,12.150776053215239,3436,0.18019319,13.824214202561155,not_significant
P15,Rod,Cep78,2.26569,0.1977334,0.02347036023365109,0.08298946097119608,0.14668218859138532,4510,0.18578696,12.904656319290625,3436,0.21038795,14.668218859138573,not_significant
P15,Rod,C1d,2.2651029,0.2396098,0.023506370575390335,0.08306203673675477,0.13591385331781142,4510,0.15034395,11.951219512195278,3436,0.17525089,13.591385331781177,not_significant
P15,Rod,Ccndbp1,2.26384,0.15327379,0.02358395937564854,0.08316027077764142,0.32828870779976715,4510,0.44224355,31.042128603104523,3436,0.4815237,32.82887077997682,not_significant
P15,Rod,Kantr,2.262731,0.19721365,0.023652270136596362,0.0832485413469179,0.20168800931315484,4510,0.26507366,18.3592017738359,3436,0.29861316,20.16880093131554,not_significant
P15,Rod,Lamp1,2.2621217,0.14691715,0.02368988171238858,0.08327164187762277,0.30267753201396974,4510,0.40324435,27.982261640798257,3436,0.4382012,30.267753201397063,not_significant
P15,Rod,Ndufa11,2.2594666,0.17129923,0.02385437482288525,0.0837892617961733,0.270081490104773,4510,0.35480955,25.077605321507523,3436,0.39177495,27.00814901047738,not_significant
P15,Rod,Mrpl42,2.2573097,0.19696751,0.023988728235613245,0.08415666334586622,0.17549476135040745,4510,0.20944229,15.720620842572128,3436,0.23670997,17.549476135040795,not_significant
P15,Rod,Zfp266,2.2553108,0.15309261,0.024113827483054857,0.08448502326525556,0.2939464493597206,4510,0.39979124,27.25055432372502,3436,0.43601966,29.394644935972146,not_significant
P15,Rod,Ndufb9,2.2518876,0.13640447,0.0243293720681642,0.08518456382090911,0.4391734575087311,4510,0.72142553,41.640798226165366,3436,0.77113324,43.917345750873245,not_significant
P15,Rod,Cabp4,2.2508209,0.109063804,0.024396881757066873,0.08536521444547078,0.5640279394644936,4510,0.91552293,54.279379157430384,3436,0.9615397,56.40279394644831,not_significant
P15,Rod,Mpc2,2.249488,0.1477617,0.024481465051666665,0.0856053315105215,0.29336437718277064,4510,0.39589757,27.20620842572058,3436,0.43054897,29.336437718277153,not_significant
P15,Rod,Rps24,2.2445564,0.113285944,0.024796621736719097,0.08631348409848232,0.5494761350407451,4510,1.085576,52.37250554323952,3436,1.1382648,54.947613504073736,not_significant
P15,Rod,Ppp1ca,2.2437947,0.22652498,0.024845620297466644,0.08640318110291471,0.1522118742724098,4510,0.17301674,13.547671840354905,3436,0.19966955,15.22118742724102,not_significant
P15,Rod,Cdkl5,2.2434049,0.13076758,0.024870714321942638,0.08640318110291471,0.419965075669383,4510,0.6344634,39.800443458981164,3436,0.6780697,41.996507566938426,not_significant
P15,Rod,Rab6a,2.242665,0.18912105,0.024918424969894527,0.0865129006721775,0.23748544819557627,4510,0.30584326,21.840354767183896,3436,0.34208652,23.748544819557697,not_significant
P15,Rod,Mfap1b,2.2416515,0.23242693,0.02498390818675857,0.0866841419882102,0.12922002328288706,4510,0.14805798,11.330376940133176,3436,0.17183027,12.922002328288743,not_significant
P15,Rod,Snx2,2.2366667,0.16439508,0.025308131778752938,0.08769561941939971,0.23952270081490104,4510,0.31728086,21.90687361419055,3436,0.34956792,23.952270081490177,not_significant
P15,Rod,Yae1d1,2.2344801,0.20592183,0.025451497109222437,0.08813546190695233,0.1612339930151339,4510,0.18628544,14.345898004434702,3436,0.21202764,16.123399301513434,not_significant
P15,Rod,Pip5k1b,2.2285023,0.2271716,0.02584703927053921,0.08921719346664886,0.11379511059371362,4510,0.14117461,9.844789356984574,3436,0.16337965,11.379511059371392,not_significant
P15,Rod,Prickle1,2.226596,0.11644357,0.025974272008522068,0.08959871064547419,0.6280558789289872,4510,1.1701597,60.177383592020725,3436,1.2265165,62.805587892896476,not_significant
P15,Rod,Lysmd4,2.2249916,0.20566413,0.026081811050448357,0.08986064866516011,0.13736903376018628,4510,0.16059992,12.03991130820415,3436,0.18307772,13.736903376018663,not_significant
P15,Rod,Smarce1,2.2249181,0.20006247,0.02608673524255695,0.08986064866516011,0.20023282887077998,4510,0.24383268,18.2261640798226,3436,0.2755117,20.023282887078057,not_significant
P15,Rod,Psmb4,2.2247138,0.1763248,0.026100464321461497,0.08986064866516011,0.2360302677532014,4510,0.30082524,21.840354767183896,3436,0.3340408,23.60302677532021,not_significant
P15,Rod,Pja2,2.223009,0.17080475,0.02621517977984602,0.0900939271553765,0.27939464493597205,4510,0.3768814,26.119733924611833,3436,0.4155886,27.93946449359729,not_significant
P15,Rod,Rab5b,2.2225568,0.17616788,0.026245701340367363,0.09012928424438575,0.18568102444703144,4510,0.23507218,16.629711751663006,3436,0.2619163,18.568102444703197,not_significant
P15,Rod,Zfp182,2.222009,0.2167454,0.026282702204165995,0.09014093006595039,0.1708381839348079,4510,0.21975173,15.38802660753888,3436,0.2512323,17.08381839348084,not_significant
P15,Rod,Hnrnpa1,2.2216494,0.15104023,0.026307011230012337,0.09016665063117328,0.3052968568102445,4510,0.39968187,28.359201773835984,3436,0.43539965,30.52968568102454,not_significant
P15,Rod,Cd276,2.221112,0.26826194,0.026343378906527836,0.09023364269132522,0.1050640279394645,4510,0.12516436,9.068736141906946,3436,0.14892204,10.506402793946478,not_significant
P15,Rod,Rtraf,2.2207844,0.16525026,0.02636556691938056,0.09025201082039395,0.2389406286379511,4510,0.30016693,21.90687361419055,3436,0.3311512,23.89406286379518,not_significant
P15,Rod,Med19,2.2201207,0.18372285,0.026410575999000294,0.09029084108262433,0.1638533178114086,4510,0.19249897,14.54545454545465,3436,0.2160018,16.38533178114091,not_significant
P15,Rod,Selenok,2.2173648,0.14741991,0.026598170751785954,0.09087425981692984,0.34866123399301513,4510,0.4974626,33.03769401330426,3436,0.53876454,34.86612339930162,not_significant
P15,Rod,Smim7,2.2165408,0.20323996,0.02665447980227235,0.09100867578573449,0.18771827706635622,4510,0.22188468,16.984478935698473,3436,0.25154412,18.771827706635676,not_significant
P15,Rod,Snhg12,2.2155917,0.17790733,0.026719480816508507,0.09117257957999468,0.19965075669383003,4510,0.24558668,18.048780487804866,3436,0.2737644,19.96507566938306,not_significant
P15,Rod,Dctn5,2.214866,0.2601981,0.02676927448537861,0.09128441725338263,0.10477299185098952,4510,0.11676225,9.046563192904728,3436,0.13830939,10.47729918509898,not_significant
P15,Rod,Mrps27,2.2138362,0.27065104,0.02684004335703574,0.0914675937529477,0.10710128055878929,4510,0.1232369,9.290465631929125,3436,0.14688085,10.710128055878958,not_significant
P15,Rod,Rpl17,2.2132869,0.11071903,0.02687787170072047,0.09153835162073942,0.4938882421420256,4510,0.84218264,46.58536585366028,3436,0.8865867,49.388824214202714,not_significant
P15,Rod,Rsrc1,2.2121968,0.15202512,0.02695307535488676,0.09167805719950069,0.32916181606519207,4510,0.49804065,30.82039911308233,3436,0.5407108,32.91618160651931,not_significant
P15,Rod,Ndufs4,2.2103689,0.122431435,0.02707956881427872,0.09199164478770806,0.43975552968568105,4510,0.65297115,41.57427937915871,3436,0.69456357,43.97555296856824,not_significant
P15,Rod,Arl5a,2.2084785,0.23492719,0.027210942185748686,0.09232099549927637,0.16734575087310827,4510,0.20336756,15.099778270510065,3436,0.2353929,16.734575087310873,not_significant
P15,Rod,Tm2d3,2.2077913,0.22507086,0.027258826861075884,0.0923589653842758,0.11437718277066357,4510,0.12883341,9.889135254989009,3436,0.14903662,11.437718277066388,not_significant
P15,Rod,Sub1,2.207766,0.1602904,0.027260586826996815,0.0923589653842758,0.2587310826542491,4510,0.33419,23.791574279378956,3436,0.36702788,25.87310826542499,not_significant
P15,Rod,Zfp326,2.2075768,0.17089981,0.02727378843562507,0.0923589653842758,0.2171129220023283,4510,0.2794596,19.822616407982192,3436,0.30966002,21.711292200232894,not_significant
P15,Rod,Zfp445,2.202613,0.12983473,0.027622033971465232,0.09312670661404117,0.4254947613504074,4510,0.63938594,40.75388026607659,3436,0.6829071,42.54947613504088,not_significant
P15,Rod,Fam110a,2.2015722,0.2494872,0.027695536950718472,0.09325728826343621,0.1050640279394645,4510,0.121292315,9.068736141906946,3436,0.14262694,10.506402793946478,not_significant
P15,Rod,Snrpa,2.2005568,0.2656366,0.02776741459411534,0.09338207641557035,0.11059371362048893,4510,0.1237146,9.600886917960176,3436,0.14696775,11.059371362048925,not_significant
P15,Rod,Lsm8,2.19964,0.2699857,0.027832437998120248,0.09346117159888488,0.11583236321303841,4510,0.12341817,10.133037694013407,3436,0.14703126,11.583236321303874,not_significant
P15,Rod,Uqcrc2,2.1994884,0.15758936,0.027843205110928044,0.09346117159888488,0.24912689173457508,4510,0.3182324,22.815964523281426,3436,0.34920767,24.912689173457583,not_significant
P15,Rod,Arl2bp,2.1982892,0.29382488,0.027928511758624857,0.09368889122780721,0.12165308498253784,4510,0.13002028,10.73170731707329,3436,0.15718845,12.165308498253816,not_significant
P15,Rod,Mrpl2,2.197446,0.1969767,0.027988598902257196,0.09377316958882424,0.21478463329452852,4510,0.26655662,19.667405764966674,3436,0.30021468,21.478463329452914,not_significant
P15,Rod,Kmt5a,2.19641,0.19200331,0.02806261144621502,0.093962451808675,0.17956926658905703,4510,0.22115499,16.186252771618676,3436,0.24900644,17.956926658905754,not_significant
P15,Rod,Rpl12,2.1950808,0.13264309,0.028157803107253968,0.09419815759756245,0.27153667054714786,4510,0.38927746,24.900221729489783,3436,0.41985795,27.153667054714862,not_significant
P15,Rod,Aldh9a1,2.1949368,0.26893175,0.028168129154826655,0.09419815759756245,0.10244470314318975,4510,0.12233952,8.869179600886984,3436,0.14566188,10.244470314319003,not_significant
P15,Rod,Nipsnap2,2.1923041,0.135673,0.02835755531562297,0.09471352846388643,0.3588474970896391,4510,0.51023227,33.96895787139748,3436,0.548883,35.88474970896402,not_significant
P15,Rod,Trim44,2.1907766,0.12654841,0.028467963639566704,0.0949640279618382,0.3911525029103609,4510,0.5691625,37.11751662971262,3436,0.6081798,39.115250291036205,not_significant
P15,Rod,Ndufaf4,2.1895435,0.19593003,0.028557355403315735,0.09514388471017739,0.1548311990686845,4510,0.18679275,13.76940133037707,3436,0.21127504,15.483119906868495,not_significant
P15,Rod,Mbd5,2.1888797,0.11258551,0.028605578424233707,0.09524538961364967,0.580325960419092,4510,1.0271714,56.563192904658976,3436,1.0779654,58.032596041907844,not_significant
P15,Rod,Zfp846,2.1880758,0.25698102,0.028664085869609564,0.09536816825909977,0.10448195576251455,4510,0.12431738,9.046563192904728,3436,0.14685416,10.448195576251482,not_significant
P15,Rod,Riok2,2.187784,0.19241652,0.028685348596640008,0.09536816825909977,0.1370779976717113,4510,0.16711217,12.062084257206369,3436,0.18883169,13.707799767171167,not_significant
P15,Rod,Rpl23,2.1842027,0.111928575,0.028947357069139815,0.0961446584017746,0.48777648428405124,4510,0.8777383,46.07538802660923,3436,0.9237954,48.77764842840527,not_significant
P15,Rod,Yipf5,2.1821418,0.17348523,0.029099065437453334,0.09652899629344446,0.19819557625145517,4510,0.2479433,17.960088691796,3436,0.27561677,19.819557625145574,not_significant
P15,Rod,Dnajb11,2.1782742,0.18557075,0.029385637706040784,0.09723908738754027,0.1949941792782305,4510,0.2358481,17.716186252771617,3436,0.26427972,19.499417927823107,not_significant
P15,Rod,Fam149b,2.1761296,0.17410104,0.029545578760664087,0.09758689316552517,0.1929569266589057,4510,0.24426112,17.405764966740588,3436,0.2716781,19.295692665890627,not_significant
P15,Rod,Zfp335os,2.1758895,0.23952423,0.029563516292687993,0.09758689316552517,0.1009895227008149,4510,0.12442419,8.669623059867023,3436,0.14533362,10.098952270081517,not_significant
P15,Rod,2610044O15Rik8,2.1749995,0.20974274,0.02963015012027024,0.09768661662269795,0.13940628637951105,4510,0.16617344,12.328159645232983,3436,0.18984848,13.940628637951145,not_significant
P15,Rod,Mapre1,2.1732976,0.24220186,0.029757923407434616,0.09798741630293388,0.1140861466821886,4510,0.1322107,9.933481152993446,3436,0.1545964,11.40861466821889,not_significant
P15,Rod,Tsen34,2.1723666,0.24077246,0.029828026192893715,0.09804436600122798,0.13591385331781142,4510,0.15424159,12.017738359201932,3436,0.17987087,13.591385331781177,not_significant
P15,Rod,Txn2,2.172341,0.19541144,0.029829952121128343,0.09804436600122798,0.19644935972060534,4510,0.2380177,17.915742793791566,3436,0.2682784,19.644935972060594,not_significant
P15,Rod,Faf1,2.1721323,0.10328272,0.029845696310460697,0.09804436600122798,0.639988358556461,4510,1.1257014,62.30598669623378,3436,1.1746236,63.998835855643634,not_significant
P15,Rod,Fxn,2.1720972,0.20380802,0.02984833140939696,0.09804436600122798,0.10360884749708964,4510,0.12380495,8.891352549889202,3436,0.14131983,10.360884749708992,not_significant
P15,Rod,Mrpl50,2.1705918,0.24785756,0.029962032473800394,0.09828765884432387,0.11612339930151339,4510,0.12751076,10.155210643015625,3436,0.14970253,11.61233993015137,not_significant
P15,Rod,Pard3,2.1704493,0.14507341,0.029972827113004634,0.09828765884432387,0.2948195576251455,4510,0.43711928,27.272727272727238,3436,0.47389433,29.481955762514637,not_significant
P15,Rod,Cpsf2,2.1686783,0.22848086,0.030107113878278198,0.09865275433297756,0.10593713620488941,4510,0.11923725,9.1352549889136,3436,0.13834196,10.59371362048897,not_significant
P15,Rod,2410006H16Rik,2.1661162,0.18949309,0.030302304776522175,0.09923172333410558,0.17869615832363214,4510,0.2230847,16.09756097560981,3436,0.25076398,17.869615832363266,not_significant
P15,Rod,Ostc,2.1648037,0.1729198,0.03040271687231382,0.09949980067302705,0.1929569266589057,4510,0.23032722,17.49445676274945,3436,0.25618684,19.295692665890627,not_significant
P15,Rod,Lrpap1,2.1639438,0.198309,0.030468665805238382,0.09958985546108864,0.1749126891734575,4510,0.20733663,15.764966740576561,3436,0.23455518,17.4912689173458,not_significant
P15,Rod,Ndufa12,2.1635063,0.16034138,0.0305022655505865,0.09958985546108864,0.31140861466821884,4510,0.44461122,29.44567627494473,3436,0.48593774,31.140861466821978,not_significant
P15,Rod,Psip1,2.1633966,0.12396885,0.030510692947423933,0.09958985546108864,0.4022118742724098,4510,0.58582246,38.20399113082137,3436,0.6248333,40.2211874272411,not_significant
P15,Rod,Apex2,2.1632357,0.14443776,0.030523065320288915,0.09958985546108864,0.4059953434225844,4510,0.6728743,39.090909090910145,3436,0.72315997,40.599534342258565,not_significant
P15,Rod,Ufc1,2.160932,0.20280847,0.030700592624220955,0.10010819382147186,0.15832363213038417,4510,0.1789427,14.124168514412535,3436,0.2033723,15.83236321303846,not_significant
P15,Rod,Akirin1,2.1605632,0.19331811,0.03072909880234423,0.10014027094518496,0.18480791618160652,4510,0.22690225,16.74057649667409,3436,0.25559497,18.480791618160705,not_significant
P15,Rod,Ubc,2.1586092,0.11788725,0.03088050944568597,0.10057258814004831,0.4220023282887078,4510,0.64558667,40.13303769401445,3436,0.6852859,42.20023282887091,not_significant
P15,Rod,Slc25a23,2.1565585,0.2498474,0.031040072487924744,0.10103091554928903,0.12369033760186263,4510,0.14136647,10.886917960088818,3436,0.1659873,12.369033760186298,not_significant
P15,Rod,Pdia4,2.1561062,0.18427075,0.031075365199811092,0.10104812407536627,0.2040162980209546,4510,0.2504737,18.691796008869147,3436,0.28021428,20.40162980209552,not_significant
P15,Rod,Ezh2,2.1531897,0.19837071,0.031303783107371946,0.10164254999270164,0.15454016298020953,4510,0.19437367,13.76940133037707,3436,0.22007887,15.454016298020997,not_significant
P15,Rod,Rpl24,2.1514037,0.11124942,0.03144434443491556,0.10187872637273641,0.4970896391152503,4510,0.8859216,46.34146341463586,3436,0.9319551,49.70896391152518,not_significant
P15,Rod,Erp44,2.1513004,0.17257906,0.031452492705677015,0.10187872637273641,0.19615832363213037,4510,0.2498022,17.738359201773836,3436,0.27750367,19.615832363213094,not_significant
P15,Rod,Btf3l4,2.1504064,0.23018205,0.03152309169745723,0.10204578386551633,0.12223515715948778,4510,0.14297226,10.709534368071074,3436,0.1657558,12.223515715948812,not_significant
P15,Rod,Aig1,2.145822,0.1285752,0.03188717761101946,0.10309995220344086,0.37747380675203723,4510,0.5717641,35.80931263858168,3436,0.6115543,37.74738067520384,not_significant
P15,Rod,Sem1,2.1449447,0.16063546,0.0319572631772067,0.10326431306176913,0.28754365541327126,4510,0.4041112,26.962305986696165,3436,0.44251817,28.75436554132721,not_significant
P15,Rod,Tmem30a,2.1440709,0.14719261,0.03202720570694543,0.1034280140951567,0.2689173457508731,4510,0.34861252,24.72283813747205,3436,0.37973812,26.89173457508739,not_significant
P15,Rod,Atp6v0b,2.1419864,0.07795481,0.03219457376561463,0.10390595287530498,0.6746216530849826,4510,1.1809683,66.62971175166655,3436,1.2187251,67.46216530849513,not_significant
P15,Rod,Tubb3,2.1391788,0.26900527,0.032421196385293234,0.10451159700163035,0.10244470314318975,4510,0.11723142,8.891352549889202,3436,0.1396528,10.244470314319003,not_significant
P15,Rod,Psmc4,2.137541,0.20123908,0.032554018476521854,0.10487672979463256,0.1929569266589057,4510,0.2274038,17.62749445676275,3436,0.25739542,19.295692665890627,not_significant
P15,Rod,Pigk,2.1370041,0.18577188,0.03259765568566128,0.10495260297354093,0.15424912689173456,4510,0.19476436,13.725055432372638,3436,0.21879353,15.424912689173501,not_significant
P15,Rod,Ndufs5,2.13677,0.13533987,0.0326167019308152,0.10495260297354093,0.3859138533178114,4510,0.6036394,36.940133037694864,3436,0.64724565,38.59138533178126,not_significant
P15,Rod,Ddx1,2.1353598,0.11595123,0.03273164397242521,0.10522146204028653,0.4150174621653085,4510,0.6023919,39.1574279379168,3436,0.63956153,41.501746216530975,not_significant
P15,Rod,Zc3h15,2.1338365,0.13936445,0.032856165817500116,0.10551341467057841,0.32916181606519207,4510,0.45654812,31.19733924612006,3436,0.4930475,32.91618160651931,not_significant
P15,Rod,Rpl22,2.1336715,0.1323344,0.03286967112500681,0.10551341467057841,0.369906868451688,4510,0.5824224,34.90022172949069,3436,0.6239573,36.990686845168916,not_significant
P15,Rod,Cldn34c1,2.1327493,0.20958047,0.032945295179445534,0.10569292065941736,0.15337601862630967,4510,0.19925119,13.680709534368205,3436,0.22710557,15.33760186263101,not_significant
P15,Rod,Cldnd1,2.1318753,0.16023016,0.03301709439277262,0.10585994878830385,0.19383003492433062,4510,0.2382881,17.51662971175167,3436,0.26288864,19.38300349243312,not_significant
P15,Rod,Elof1,2.1301403,0.19456322,0.033160035950062935,0.10619130318575377,0.15017462165308498,4510,0.17118485,13.370288248337173,3436,0.19364646,15.01746216530854,not_significant
P15,Rod,Ctnnbl1,2.127942,0.1789086,0.03334189402903566,0.1066463444077205,0.15424912689173456,4510,0.18353574,13.725055432372638,3436,0.20543225,15.424912689173501,not_significant
P15,Rod,Sf3b2,2.1221106,0.13702883,0.03382845886988972,0.1079641650573234,0.3640861466821886,4510,0.51223123,34.39024390243964,3436,0.5513932,36.408614668218966,not_significant
P15,Rod,B4gat1,2.1212654,0.2192226,0.033899472536545475,0.10810747365400114,0.12630966239813737,4510,0.14049987,11.108647450110997,3436,0.16178222,12.630966239813771,not_significant
P15,Rod,Mtfr1,2.1203701,0.1331436,0.03397484162114189,0.10821915110202203,0.3873690337601863,4510,0.5535959,37.139689578714844,3436,0.59387434,38.736903376018745,not_significant
P15,Rod,Lsm5,2.1198854,0.2489673,0.034015703475697476,0.10828500501106306,0.1260186263096624,4510,0.14145033,11.17516629711765,3436,0.1659912,12.601862630966274,not_significant
P15,Rod,Rpl9,2.119294,0.1096969,0.03406563204939731,0.1083796265201466,0.6065192083818394,4510,1.1981548,56.60753880266341,3436,1.251851,60.65192083818209,not_significant
P15,Rod,Tpm1,2.1166623,0.20711283,0.034288517774459674,0.10902407192780184,0.12223515715948778,4510,0.1481691,10.73170731707329,3436,0.16920601,12.223515715948812,not_significant
P15,Rod,Elp4,2.1149552,0.13543718,0.034433771878720446,0.10942106182313771,0.43771827706635624,4510,0.7361065,41.81818181818312,3436,0.7861167,43.771827706635754,not_significant
P15,Rod,Cdkl3,2.1141562,0.19811517,0.03450191558017788,0.10957269104326474,0.18742724097788127,4510,0.24733177,17.095343680709554,3436,0.27907646,18.74272409778818,not_significant
P15,Rod,Otx2,2.1123114,0.10357719,0.03465974347403909,0.11000879526316314,0.5430733410942957,4510,0.8723315,52.549889135257274,3436,0.9147425,54.307334109428915,not_significant
P15,Rod,Ndufb3,2.106806,0.14695784,0.0351343879108187,0.11117725405854773,0.3320721769499418,4510,0.48797792,31.219512195122277,3436,0.5285501,33.20721769499428,not_significant
P15,Rod,Eif1a,2.1066678,0.1766498,0.035146395473862876,0.11117725405854773,0.2523282887077998,4510,0.32650596,23.56984478935679,3436,0.36214787,25.23282887078005,not_significant
P15,Rod,Sec22a,2.1066003,0.09966679,0.0351522414025535,0.11117725405854773,0.5974970896391153,4510,0.9998543,57.13968957871668,3436,1.0440718,59.74970896390985,not_significant
P15,Rod,Zc3h12b,2.1005075,0.164694,0.03568421575360889,0.11259419606021064,0.179860302677532,4510,0.2875944,16.141906873614243,3436,0.3173709,17.986030267753254,not_significant
P15,Rod,Mrpl23,2.0999289,0.17178081,0.0357351062509061,0.11262227375432451,0.2048894062863795,4510,0.25062096,18.625277161862495,3436,0.27826685,20.488940628638012,not_significant
P15,Rod,Chmp4b,2.0981555,0.14891444,0.03589141487958859,0.11298212993785986,0.24912689173457508,4510,0.3199795,22.882483370288075,3436,0.34932068,24.912689173457583,not_significant
P15,Rod,Hnrnpll,2.0967164,0.15780476,0.036018679418635395,0.11318347768105465,0.1690919674039581,4510,0.2156033,15.121951219512281,3436,0.23777346,16.909196740395856,not_significant
P15,Rod,Chic2,2.096122,0.20907079,0.036071363182031704,0.11323026997598808,0.18277066356228172,4510,0.2236356,16.67405764966744,3436,0.25440723,18.277066356228225,not_significant
P15,Rod,Itfg1,2.0931077,0.16432776,0.03633955115228476,0.11372540979046408,0.2561117578579744,4510,0.3613722,23.83592017738339,3436,0.39730743,25.611175785797514,not_significant
P15,Rod,Asf1a,2.0915043,0.18825611,0.036482884388631114,0.11410740050181767,0.11321303841676368,4510,0.12727815,9.822616407982355,3436,0.14379898,11.321303841676398,not_significant
P15,Rod,Prelid1,2.086209,0.15390497,0.036959689234242116,0.11521708104173511,0.20576251455180442,4510,0.25404269,18.780487804878014,3436,0.27898443,20.576251455180504,not_significant
P15,Rod,Thap12,2.0860834,0.19140813,0.03697106236338622,0.11521708104173511,0.1621071012805588,4510,0.19216245,14.589800443459083,3436,0.21666384,16.210710128055926,not_significant
P15,Rod,Fam199x,2.0856159,0.25221476,0.037013428910286576,0.11522927026974882,0.10477299185098952,4510,0.11793853,9.113082039911381,3436,0.1389683,10.47729918509898,not_significant
P15,Rod,Rbm17,2.0852258,0.16764791,0.0370488155965692,0.11527253298143689,0.13649592549476136,4510,0.16059066,12.017738359201932,3436,0.17870726,13.649592549476171,not_significant
P15,Rod,Lrit1,2.0813093,0.120017365,0.037405607726419626,0.11624778670018243,0.4033760186263097,4510,0.5830861,38.71396895787241,3436,0.62069744,40.33760186263109,not_significant
P15,Rod,1700096K18Rik,2.0809548,0.22859024,0.03743803641496112,0.11626376504325953,0.10477299185098952,4510,0.11841974,9.113082039911381,3436,0.13741197,10.47729918509898,not_significant
P15,Rod,Crppa,2.079599,0.15021311,0.037562348564504786,0.1165173541492911,0.3425494761350407,4510,0.5461864,32.52771618625322,3436,0.59133214,34.25494761350418,not_significant
P15,Rod,Rnf111,2.0791783,0.14363927,0.03760095824616385,0.1165173541492911,0.199941792782305,4510,0.25955048,18.02660753880265,3436,0.2832004,19.994179278230558,not_significant
P15,Rod,BC005624,2.0761113,0.14988942,0.0378836585387459,0.1172579021360837,0.24738067520372525,4510,0.31483504,22.705099778270345,3436,0.34397686,24.7380675203726,not_significant
P15,Rod,Arhgap31,2.0688,0.18085934,0.038564856551258644,0.11913274827471614,0.12514551804423749,4510,0.17154372,10.953436807095471,3436,0.19237898,12.514551804423782,not_significant
P15,Rod,Tmed7,2.0686576,0.25712648,0.03857822217620841,0.11913274827471614,0.12077997671711292,4510,0.13314217,10.709534368071074,3436,0.15717177,12.077997671711325,not_significant
P15,Rod,Yipf4,2.0656056,0.18007682,0.03886573251828386,0.11995154731189564,0.23050058207217694,4510,0.29105303,21.3082039911307,3436,0.32407334,23.050058207217763,not_significant
P15,Rod,Tmed10,2.0637016,0.1343558,0.039046004770182594,0.12036940780876978,0.3541909196740396,4510,0.49885055,33.658536585366406,3436,0.53646976,35.419091967404064,not_significant
P15,Rod,Oga,2.061731,0.13412403,0.039233352581293325,0.1206004030063366,0.32188591385331783,4510,0.45176724,30.17738359201797,3436,0.4865691,32.188591385331875,not_significant
P15,Rod,Med21,2.0597703,0.21437623,0.03942049456886003,0.1209424007066991,0.1030267753201397,4510,0.116887234,8.935698447893637,3436,0.13440551,10.302677532013996,not_significant
P15,Rod,Sarnp,2.0596209,0.13355108,0.039434798440718996,0.1209424007066991,0.3850407450523865,4510,0.55486435,36.98447893569931,3436,0.595337,38.50407450523877,not_significant
P15,Rod,Hspb11,2.0550733,0.16838458,0.03987192722550495,0.1219344456314758,0.1720023282887078,4510,0.20928961,15.498891352549963,3436,0.23239893,17.200232828870828,not_significant
P15,Rod,Emc2,2.0505426,0.16260754,0.04031151168284548,0.1231383534548879,0.18277066356228172,4510,0.2269704,16.585365853658573,3436,0.2509079,18.277066356228225,not_significant
P15,Rod,Atp5d,2.0497274,0.14244553,0.04039103864780027,0.1232375171037502,0.29860302677532014,4510,0.40698603,28.048780487804915,3436,0.44109446,29.860302677532104,not_significant
P15,Rod,Meis2,2.0495036,0.120086856,0.04041289943801204,0.1232375171037502,0.48370197904540163,4510,0.8589793,46.67405764966915,3436,0.9077993,48.37019790454031,not_significant
P15,Rod,Wsb1,2.049182,0.196201,0.0404443177146426,0.12326325012576303,0.11554132712456344,4510,0.13992697,10.110864745011188,3436,0.15877064,11.554132712456376,not_significant
P15,Rod,Prph2,2.0479982,0.035401776,0.040560180666952,0.1234760551064305,0.9935972060535506,4510,3.3779724,99.22394678492897,3436,3.4016874,99.35972060534597,not_significant
P15,Rod,Btbd1,2.0469654,0.12680154,0.04066148748379029,0.12371424779526438,0.33876600698486614,4510,0.48083022,31.929046563193296,3436,0.5152991,33.87660069848671,not_significant
P15,Rod,Ccdc77,2.0463147,0.17829457,0.04072542425418404,0.1238385349770086,0.139988358556461,4510,0.17865345,12.416851441241855,3436,0.19994661,13.998835855646139,not_significant
P15,Rod,Commd3,2.0448642,0.15754455,0.04086825388812635,0.12420244411099703,0.27648428405122233,4510,0.36141828,25.986696230598515,3436,0.39581802,27.648428405122317,not_significant
P15,Rod,Rps5,2.0426524,0.118332565,0.041086862599026684,0.12474676115268854,0.3873690337601863,4510,0.6265652,36.27494456762829,3436,0.6655902,38.736903376018745,not_significant
P15,Rod,Pex7,2.042375,0.18523684,0.041114343746684136,0.12474676115268854,0.15454016298020953,4510,0.19237728,13.858093126385937,3436,0.21607058,15.454016298020997,not_significant
P15,Rod,Txndc12,2.042347,0.19890973,0.041117127837053194,0.12474676115268854,0.12776484284051223,4510,0.14972888,11.286031042128739,3436,0.17007753,12.776484284051257,not_significant
P15,Rod,Cask,2.0413787,0.13672426,0.041213196087097614,0.12496754313803934,0.3073341094295693,4510,0.45389646,28.89135254988925,3436,0.48952296,30.73341094295702,not_significant
P15,Rod,Bola1,2.0386684,0.2165591,0.041483145653828914,0.12571502445601035,0.11554132712456344,4510,0.1273961,10.133037694013407,3436,0.14658372,11.554132712456376,not_significant
P15,Rod,2300009A05Rik,2.0372791,0.14654282,0.04162208366612343,0.12599371150399893,0.27852153667054713,4510,0.36795524,26.119733924611833,3436,0.40033907,27.852153667054797,not_significant
P15,Rod,Thap3,2.0369935,0.17105272,0.0416506882982945,0.12600918896336813,0.19062863795110593,4510,0.24521254,17.339246119733936,3436,0.27221859,19.062863795110648,not_significant
P15,Rod,Rpl28,2.034474,0.10117888,0.04190382783144897,0.12670356960986034,0.45139697322467986,4510,0.77087945,42.74944567627633,3436,0.8091787,45.13969732246812,not_significant
P15,Rod,Jagn1,2.0322366,0.21456909,0.04212971541193596,0.12731481322232366,0.12136204889406287,4510,0.13672751,10.709534368071074,3436,0.15701276,12.13620488940632,not_significant
P15,Rod,D8Ertd738e,2.028604,0.20879911,0.04249864777208448,0.12814094808851104,0.18830034924330616,4510,0.22877017,17.38359201773837,3436,0.26011774,18.830034924330672,not_significant
P15,Rod,Psma2,2.0265598,0.1670286,0.042707439335871344,0.1286981486503449,0.2721187427240978,4510,0.35730374,25.676274944567446,3436,0.39351693,27.211874272409858,not_significant
P15,Rod,Ccdc6,2.0258045,0.13336642,0.04278482654989538,0.12873958802160304,0.1781140861466822,4510,0.22667353,15.96452328159651,3436,0.24612613,17.81140861466827,not_significant
P15,Rod,Spty2d1,2.025706,0.23124418,0.042794925768813254,0.12873958802160304,0.110011641443539,4510,0.12698607,9.645232815964611,3436,0.14750595,11.001164144353929,not_significant
P15,Rod,Jarid2,2.0255787,0.078834705,0.04280797005672681,0.12873958802160304,0.6670547147846333,4510,1.2120342,66.25277161862883,3436,1.2507267,66.70547147846035,not_significant
P15,Rod,Eef1b2,2.0254889,0.18446831,0.04281719333156969,0.12873958802160304,0.18451688009313155,4510,0.23105152,16.895787139689606,3436,0.2588019,18.45168800931321,not_significant
P15,Rod,Rcbtb1,2.0241969,0.16293435,0.04294989034251183,0.12906622509648935,0.16647264260768335,4510,0.20978832,14.944567627494548,3436,0.23216234,16.64726426076838,not_significant
P15,Rod,Mrpl55,2.0221345,0.207633,0.043162442196423866,0.12963232919463472,0.14493597206053552,4510,0.16373266,12.993348115299492,3436,0.18684193,14.493597206053591,not_significant
P15,Rod,Ywhab,2.0210235,0.1452578,0.043277324779308984,0.12990462793296775,0.24155995343422584,4510,0.31332603,22.305986696230445,3436,0.34142092,24.155995343422656,not_significant
P15,Rod,Timm22,2.0187497,0.21311066,0.04351325009442843,0.13046678228424488,0.13445867287543656,4510,0.15316533,11.973392461197497,3436,0.1755198,13.445867287543692,not_significant
P15,Rod,Hypk,2.0182412,0.15559667,0.04356616110126394,0.13047955787112217,0.28550640279394646,4510,0.3884096,27.050997782705043,3436,0.42440853,28.550640279394727,not_significant
P15,Rod,Hdhd2,2.0155852,0.18870454,0.043843376956365636,0.13116334299718085,0.15250291036088476,4510,0.18137911,13.658536585365988,3436,0.20429474,15.250291036088518,not_significant
P15,Rod,Bmt2,2.0126038,0.14956743,0.044156327486397765,0.13202594238407894,0.32537834691501744,4510,0.47480848,31.064301552106745,3436,0.5152703,32.53783469150184,not_significant
P15,Rod,Gtf2h1,2.0111172,0.15482092,0.04431306615373456,0.1324204184769568,0.23573923166472643,4510,0.31677625,21.81818181818168,3436,0.34706962,23.573923166472714,not_significant
P15,Rod,Ppm1g,2.0108848,0.26133403,0.04433763452360447,0.1324204184769568,0.11233993015133877,4510,0.12886569,9.933481152993446,3436,0.15259263,11.233993015133906,not_significant
P15,Rod,Tmx4,2.0063117,0.19890168,0.0448230119095391,0.13343181830502554,0.1810244470314319,4510,0.23229745,16.585365853658573,3436,0.2624797,18.10244470314324,not_significant
P15,Rod,Ift140,2.006288,0.16193473,0.04482552881910067,0.13343181830502554,0.16763678696158324,4510,0.22174829,15.077605321507848,3436,0.2450982,16.763678696158372,not_significant
P15,Rod,Pam16,2.0056188,0.18797326,0.04489694267122861,0.13357027204019425,0.20779976717112922,4510,0.25794536,19.268292682926777,3436,0.28909558,20.779976717112984,not_significant
P15,Rod,Oscp1,2.0045598,0.20648776,0.045010136998372724,0.13377310362740702,0.13125727590221187,4510,0.15670231,11.685144124168662,3436,0.17877531,13.125727590221222,not_significant
P15,Rod,Igbp1,2.0042813,0.23108019,0.045039937574775736,0.13377310362740702,0.11786961583236322,4510,0.1315739,10.42128603104224,3436,0.15276414,11.786961583236353,not_significant
P15,Rod,Rpl19,2.0031068,0.10852999,0.04516583514881669,0.13407279454247523,0.5180442374854481,4510,0.93129706,49.268292682928816,3436,0.9775529,51.804423748544636,not_significant
P15,Rod,Prpf38b,2.0001903,0.18474783,0.045479718420405116,0.13470635538766043,0.19761350407450523,4510,0.25166175,18.248337028824814,3436,0.28160548,19.761350407450582,not_significant
P15,Rod,Atg4d,1.9992145,0.19488496,0.04558515286722601,0.13494412802417236,0.12165308498253784,4510,0.14445272,10.73170731707329,3436,0.16371955,12.165308498253816,not_significant
P15,Rod,Paip2b,1.9967593,0.20005846,0.04585133608921617,0.13550775029341902,0.14493597206053552,4510,0.17214432,13.015521064301709,3436,0.19539475,14.493597206053591,not_significant
P15,Rod,Nsa2,1.9950745,0.2118335,0.04603475724802714,0.13597491072600087,0.13038416763678695,4510,0.1509357,11.618625277162009,3436,0.17285134,13.03841676367873,not_significant
P15,Rod,Trim2,1.9941163,0.09607065,0.04613934123886237,0.13613389791268302,0.6725844004656577,4510,1.2392797,65.2993348115334,3436,1.28704,67.2584400465627,not_significant
P15,Rod,Etfa,1.9919077,0.1322984,0.046381178855072855,0.1366219897740861,0.20052386495925495,4510,0.25738737,18.15964523281595,3436,0.2789476,20.052386495925553,not_significant
P15,Rod,Cd2ap,1.9911652,0.1498394,0.04646272802643983,0.13673937838740813,0.20052386495925495,4510,0.26883903,18.248337028824814,3436,0.29431197,20.052386495925553,not_significant
P15,Rod,Zscan26,1.9910808,0.12735124,0.04647201469057513,0.13673937838740813,0.3928987194412107,4510,0.5668336,37.53880266075479,3436,0.60598737,39.28987194412119,not_significant
P15,Rod,Maged1,1.9885106,0.2023231,0.046755241296718125,0.13742198044690193,0.1522118742724098,4510,0.18163358,13.725055432372638,3436,0.20633143,15.22118742724102,not_significant
P15,Rod,Ubr1,1.9877324,0.12789865,0.04684129393744793,0.13752419303802446,0.2724097788125728,4510,0.38086042,25.254988913525278,3436,0.40979886,27.240977881257354,not_significant
P15,Rod,Cnbd2,1.9857006,0.16024742,0.047066576211830136,0.13801001372231286,0.2208963911525029,4510,0.29552487,20.443458980044255,3436,0.3251399,22.089639115250357,not_significant
P15,Rod,Prkab1,1.9856421,0.13978878,0.047073082396134634,0.13801001372231286,0.3169383003492433,4510,0.4327999,30.000000000000217,3436,0.46791923,31.693830034924424,not_significant
P15,Rod,Rps9,1.9828156,0.117013544,0.04738802669237779,0.1388254370168839,0.40046565774155995,4510,0.6430126,37.76053215077698,3436,0.68230224,40.046565774156115,not_significant
P15,Rod,Arid3b,1.9824255,0.12901704,0.04743164044506818,0.1388685908739092,0.3119906868451688,4510,0.43935794,29.22394678492254,3436,0.47207847,31.199068684516973,not_significant
P15,Rod,Gm13832,1.9813118,0.22925669,0.04755632256289546,0.13909057482408463,0.129802095459837,4510,0.1594418,11.662971175166446,3436,0.18450844,12.980209545983737,not_significant
P15,Rod,Bbip1,1.9803352,0.14241552,0.04766586785479185,0.13925910412478404,0.290162980209546,4510,0.3918611,27.18403547671836,3436,0.4249447,29.016298020954682,not_significant
P15,Rod,Fbxw4,1.9773047,0.16409877,0.04800720567934079,0.1399918944244271,0.14959254947613504,4510,0.19135913,13.348115299334957,3436,0.21212287,14.959254947613546,not_significant
P15,Rod,Iqcd,1.977259,0.1772086,0.04801235934494165,0.1399918944244271,0.15628637951105936,4510,0.19515437,14.057649667405887,3436,0.21806104,15.628637951105981,not_significant
P15,Rod,Zc3h13,1.9771818,0.11254441,0.04802108235289818,0.1399918944244271,0.3445867287543655,4510,0.50231063,32.08425720620883,3436,0.5338456,34.458672875436655,not_significant
P15,Rod,Bcl2l13,1.9727434,0.17737478,0.04852480995924695,0.14116201327932365,0.17054714784633296,4510,0.21526021,15.498891352549963,3436,0.24028102,17.054714784633344,not_significant
P15,Rod,Ppp1r2,1.9727178,0.17863403,0.04852773163442819,0.14116201327932365,0.19062863795110593,4510,0.23829521,17.538802660753884,3436,0.26585975,19.062863795110648,not_significant
P15,Rod,Mrpl41,1.9713231,0.18858731,0.048686932442239234,0.14150324526963767,0.17258440046565773,4510,0.20571803,15.742793791574345,3436,0.23135228,17.258440046565823,not_significant
P15,Rod,Lamtor1,1.9710368,0.17414202,0.04871967387930072,0.14150324526963767,0.1760768335273574,4510,0.2135058,16.03104212860316,3436,0.23787127,17.60768335273579,not_significant
P15,Rod,Vmp1,1.969008,0.1190692,0.04895217404298215,0.142088453228656,0.36350407450523864,4510,0.5260368,34.6784922394685,3436,0.5606252,36.350407450523974,not_significant
P15,Rod,Pomgnt1,1.9669759,0.14518897,0.04918598999092438,0.14268991363510997,0.19383003492433062,4510,0.24702433,17.64966740576497,3436,0.26993364,19.38300349243312,not_significant
P15,Rod,Bclaf1,1.9665636,0.119490154,0.049233543541660554,0.14275066354457686,0.3894062863795111,4510,0.57049966,37.0953436807104,3436,0.607354,38.94062863795122,not_significant
P15,Rod,Mllt10,1.9633455,0.11096178,0.04960603520213878,0.143752983697608,0.5110593713620489,4510,0.82713515,49.06873614190884,3436,0.87113917,51.10593713620484,not_significant
P15,Rod,Cct4,1.9618392,0.12009587,0.04978120551208586,0.14410490359785677,0.31839348079161817,4510,0.43286425,29.80044345898024,3436,0.46290818,31.839348079161912,not_significant
P15,Rod,4732440D04Rik,1.9603586,0.211937,0.04995389571448077,0.14452652195472834,0.10215366705471478,4510,0.12067732,8.91352549889142,3436,0.13850632,10.215366705471505,not_significant
P15,Rod,Aurkaip1,1.9599113,0.17964984,0.0500061522279856,0.14452652195472834,0.16268917345750872,4510,0.19161493,14.722838137472383,3436,0.21447542,16.268917345750918,not_significant
P15,Rod,Arpc3,1.9598982,0.2111812,0.0500076854489142,0.14452652195472834,0.13678696158323633,4510,0.15405717,12.283813747228548,3436,0.17631434,13.67869615832367,not_significant
P15,Rod,Ube2v2,1.9590925,0.16504548,0.05010195510241386,0.14462980240484283,0.2572759022118743,4510,0.33978665,24.101995565409986,3436,0.37410668,25.7275902211875,not_significant
P15,Rod,Mrpl40,1.959028,0.26689857,0.05010950296358899,0.14462980240484283,0.10389988358556461,4510,0.11336305,9.157427937915816,3436,0.13490885,10.389988358556488,not_significant
P15,Rod,Tbc1d8,1.9573866,0.091673076,0.05030203507100784,0.14506457855961616,0.6685098952270081,4510,1.2000451,65.52106430155558,3436,1.2448707,66.85098952269782,not_significant
P15,Rod,Psmb5,1.9569316,0.15370426,0.05035551803957231,0.14514078386043305,0.24388824214202562,4510,0.31019744,22.815964523281426,3436,0.33973974,24.388824214202636,not_significant
P15,Rod,Kdm1a,1.954542,0.1276922,0.050637143746385845,0.14587413483115663,0.3361466821885914,4510,0.46684486,31.729490022173323,3436,0.50078404,33.61466821885924,not_significant
P15,Rod,Amer2,1.9539794,0.09152576,0.050703658324656405,0.14595986712781248,0.5363795110593713,4510,0.84847856,51.485587583150746,3436,0.88525224,53.63795110593661,not_significant
P15,Rod,Yaf2,1.9521029,0.09657671,0.05092598652774555,0.14631333247714362,0.5523864959254947,4510,0.87903047,53.28159645233052,3436,0.9187184,55.23864959254865,not_significant
P15,Rod,Fbxl2,1.9513757,0.18386045,0.0510123622497188,0.14648303592478137,0.13213038416763678,4510,0.16407304,11.773835920177534,3436,0.18443184,13.213038416763714,not_significant
P15,Rod,Rps7,1.9488487,0.09861316,0.051313486855436026,0.14719013020992452,0.5259022118742724,4510,0.98089063,50.46563192904866,3436,1.0241566,52.59022118742691,not_significant
P15,Rod,Ube2e3,1.946133,0.106748454,0.051638770074532714,0.1479649373289495,0.39639115250291035,4510,0.5724157,37.98226164079917,3436,0.6053392,39.639115250291155,not_significant
P15,Rod,Cald1,1.9454327,0.1455286,0.05172292033665106,0.1481269325604892,0.16967403958090804,4510,0.22886431,15.25498891352558,3436,0.2503434,16.967403958090852,not_significant
P15,Rod,Dcc,1.944287,0.1625192,0.05186085459918334,0.14842866053177697,0.4161816065192084,4510,0.84693986,40.842572062085466,3436,0.9128379,41.61816065192097,not_significant
P15,Rod,Psmc5,1.9440981,0.12393923,0.05188362015232696,0.14842866053177697,0.2971478463329453,4510,0.39411384,27.82705099778272,3436,0.42291498,29.714784633294617,not_significant
P15,Rod,Zfp523,1.9415917,0.15176629,0.05218653963777648,0.14921567090460183,0.14493597206053552,4510,0.1810757,12.904656319290625,3436,0.19928169,14.493597206053591,not_significant
P15,Rod,Wdr33,1.9407007,0.10866465,0.052294604669401085,0.14941234724872482,0.4810826542491269,4510,0.74839526,46.40798226164252,3436,0.7887856,48.10826542491284,not_significant
P15,Rod,Uqcrh,1.940326,0.110749416,0.05234008126309713,0.14941234724872482,0.470314318975553,4510,0.8073958,44.70066518847163,3436,0.8506486,47.03143189755544,not_significant
P15,Rod,Slc27a1,1.9399492,0.2046963,0.05238587273239176,0.14941234724872482,0.13853317811408614,4510,0.17358665,12.483370288248508,3436,0.19758895,13.853317811408653,not_significant
P15,Rod,Tfg,1.9392442,0.14564253,0.05247162157668745,0.14947306326996893,0.2121653084982538,4510,0.2659414,19.423503325942292,3436,0.29044333,21.21653084982544,not_significant
P15,Rod,Nphp1,1.9378014,0.16781306,0.05264745992476013,0.14989436042272472,0.14377182770663563,4510,0.1766065,12.860310421286192,3436,0.19637962,14.377182770663602,not_significant
P15,Rod,Zfp606,1.9372587,0.17230591,0.05271372910182561,0.1499301980001815,0.10651920838183934,4510,0.12570322,9.312638580931342,3436,0.14057694,10.651920838183964,not_significant
P15,Rod,Cdhr1,1.9367875,0.0701205,0.05277132875792102,0.1499301980001815,0.669965075669383,4510,1.2073419,66.20842572062439,3436,1.2416598,66.99650756693526,not_significant
P15,Rod,Adprh,1.9365772,0.17610885,0.05279704889621031,0.1499301980001815,0.12223515715948778,4510,0.13718456,10.84257206208438,3436,0.15369096,12.223515715948812,not_significant
P15,Rod,Rsl1d1,1.9365547,0.14635794,0.05279980313615639,0.1499301980001815,0.2811408614668219,4510,0.3723809,26.49667405764956,3436,0.4050382,28.114086146682272,not_significant
P15,Rod,Orc3,1.936206,0.14214255,0.05284247516418321,0.14997197713263424,0.24447031431897556,4510,0.3343135,22.638580931263693,3436,0.36331266,24.447031431897628,not_significant
P15,Rod,Tmx1,1.9354143,0.11034296,0.05293947345694682,0.14999338528431047,0.4220023282887078,4510,0.6134803,40.66518847006771,3436,0.64927864,42.20023282887091,not_significant
P15,Rod,Susd3,1.9352827,0.08849565,0.05295561728211039,0.14999338528431047,0.5573341094295693,4510,0.9082388,55.0997782705125,3436,0.94529426,55.733410942956006,not_significant
P15,Rod,Chgb,1.9350038,0.1495654,0.052989833168114904,0.14999338528431047,0.21332945285215366,4510,0.28384244,19.62305986696224,3436,0.31047845,21.33294528521543,not_significant
P15,Rod,Parl,1.9345978,0.17718351,0.05303967110680631,0.15005527205533178,0.1568684516880093,4510,0.18938968,14.168514412416968,3436,0.21168539,15.686845168800975,not_significant
P15,Rod,2210408I21Rik,1.9312344,0.1363474,0.05345408049106981,0.15067140712249,0.3731082654249127,4510,0.63306725,35.69844789357058,3436,0.6785099,37.310826542491384,not_significant
P15,Rod,Dnajb4,1.9305053,0.18650126,0.053544266737955704,0.15084634809999706,0.139988358556461,4510,0.16879982,12.527716186252944,3436,0.19000782,13.998835855646139,not_significant
P15,Rod,Peli2,1.9272223,0.11613229,0.053951942188742975,0.15182306911702456,0.4380093131548312,4510,0.6948604,42.106430155211974,3436,0.7359869,43.800931315483254,not_significant
P15,Rod,Dhx57,1.927138,0.18206285,0.0539624351630764,0.15182306911702456,0.119906868451688,4510,0.15708497,10.598669623059983,3436,0.17644912,11.990686845168835,not_significant
P15,Rod,Snx12,1.9270301,0.12148352,0.053975874870649865,0.15182306911702456,0.40454016298020956,4510,0.6270941,39.13525498891458,3436,0.6672045,40.45401629802108,not_significant
P15,Rod,Rasa1,1.9262258,0.13135664,0.0540761870508614,0.15202550699204434,0.26222351571594876,4510,0.36189643,24.27937915742772,3436,0.39043015,26.222351571594952,not_significant
P15,Rod,Prmt1,1.9248995,0.175982,0.05424194290808741,0.15241161956992189,0.19237485448195576,4510,0.23379424,17.716186252771617,3436,0.260481,19.23748544819563,not_significant
P15,Rod,Golga7,1.9230927,0.19341804,0.054468409871634045,0.15288778155491628,0.1548311990686845,4510,0.183174,14.013303769401453,3436,0.20690367,15.483119906868495,not_significant
P15,Rod,Slc1a7,1.9202019,0.093232624,0.05483240321671668,0.15370344993163673,0.5727590221187427,4510,0.9440645,55.36585365853913,3436,0.98404014,57.27590221187307,not_significant
P15,Rod,Fastk,1.9197887,0.19496827,0.05488459153221733,0.1537140969115867,0.13329452852153667,4510,0.15738139,11.92904656319306,3436,0.17823383,13.329452852153704,not_significant
P15,Rod,Timm13,1.9196187,0.15734144,0.05490607935917227,0.1537140969115867,0.24621653084982537,4510,0.31548527,23.037694013303593,3436,0.34618622,24.62165308498261,not_significant
P15,Rod,Ccdc113,1.9181068,0.17160718,0.05509746491175333,0.1539647667834151,0.18218859138533178,4510,0.22598685,16.718403547671873,3436,0.2512155,18.21885913853323,not_significant
P15,Rod,Crebzf,1.9180046,0.10442459,0.05511043106341481,0.1539647667834151,0.4548894062863795,4510,0.6780018,43.54767184035623,3436,0.7142957,45.48894062863809,not_significant
P15,Rod,Fam216a,1.9169545,0.1485351,0.0552437026100068,0.15425675210831677,0.1690919674039581,4510,0.20609167,15.277161862527796,3436,0.22608714,16.909196740395856,not_significant
P15,Rod,Tmem243,1.9151162,0.10073135,0.05547769411060354,0.1548295271640361,0.5034924330616997,4510,0.7959616,48.91352549889331,3436,0.83488595,50.34924330617005,not_significant
P15,Rod,Zfp719,1.9141899,0.18661532,0.05559588943698423,0.15507870563701687,0.12136204889406287,4510,0.14612599,10.753880266075509,3436,0.16472553,12.13620488940632,not_significant
P15,Rod,Sugt1,1.9082832,0.135425,0.05635462101009144,0.15686880492897276,0.2467986030267753,4510,0.3207133,23.037694013303593,3436,0.34735757,24.679860302677607,not_significant
P15,Rod,Map1lc3b,1.9076265,0.139615,0.056439508470177785,0.1569422101783482,0.24010477299185098,4510,0.30894572,22.350332594234878,3436,0.33559376,24.01047729918517,not_significant
P15,Rod,Scp2,1.9069297,0.13789542,0.05652969306889101,0.15711154073654476,0.28783469150174623,4510,0.39382908,27.20620842572058,3436,0.42595777,28.783469150174707,not_significant
P15,Rod,Cby1,1.9056432,0.17472798,0.056696514310340826,0.15748151880707206,0.14551804423748546,4510,0.16756162,13.05986696230614,3436,0.18723014,14.551804423748585,not_significant
P15,Rod,Rbbp4,1.904487,0.13704453,0.05684679387662352,0.1577476473637913,0.2939464493597206,4510,0.3898863,27.60532150776053,3436,0.4215532,29.394644935972146,not_significant
P15,Rod,Arid4b,1.9005163,0.098917305,0.05736539602973135,0.15885801977464065,0.5130966239813737,4510,0.8183959,49.42350332594435,3436,0.8572911,51.30966239813728,not_significant
P15,Rod,Rnf11,1.9000946,0.13750945,0.05742069733100571,0.15892911273659163,0.2872526193247963,4510,0.38299438,27.073170731707265,3436,0.41431832,28.72526193247971,not_significant
P15,Rod,Clba1,1.8997824,0.22002104,0.0574616752089341,0.15896050841708229,0.12223515715948778,4510,0.1349516,10.909090909091034,3436,0.15553668,12.223515715948812,not_significant
P15,Rod,1110004F10Rik,1.8990299,0.14490256,0.05756055759959073,0.15915197472381684,0.26047729918509893,4510,0.340128,24.456762749445453,3436,0.37013608,26.047729918509972,not_significant
P15,Rod,Fance,1.8977542,0.11130148,0.057728463527565416,0.1594518426168182,0.3841676367869616,4510,0.55468035,36.430155210643825,3436,0.5882555,38.41676367869628,not_significant
P15,Rod,Snu13,1.8954854,0.1916105,0.05802811833879726,0.16019702870268063,0.1839348079161816,4510,0.22403823,16.984478935698473,3436,0.25214845,18.393480791618213,not_significant
P15,Rod,Rpsa,1.8945585,0.09053741,0.05815090852710214,0.1604534327877448,0.4266589057043073,4510,0.71184444,40.376940133038865,3436,0.7442962,42.66589057043086,not_significant
P15,Rod,1110018N20Rik,1.8933771,0.22747567,0.05830773871298858,0.1606382693664462,0.11059371362048893,4510,0.12469461,9.800443458980137,3436,0.14451852,11.059371362048925,not_significant
P15,Rod,Dync1li1,1.8915176,0.091710165,0.05855527817805631,0.16123742923362117,0.48457508731082655,4510,0.7505867,47.16186252771798,3436,0.7846473,48.457508731082804,not_significant
P15,Rod,Fbxl12,1.8895603,0.14477418,0.05881678375163575,0.16179139899680728,0.2191501746216531,4510,0.28804928,20.266075388026522,3436,0.3141245,21.915017462165373,not_significant
P15,Rod,Hnrnpk,1.8885117,0.102230795,0.05895729252431843,0.16209478067680372,0.46420256111757857,4510,0.7098474,44.74501108647607,3436,0.74649155,46.420256111758,not_significant
P15,Rod,Krit1,1.8860313,0.122498296,0.05929074758038755,0.1629280584124994,0.3181024447031432,4510,0.46026057,29.955654101995776,3436,0.49242744,31.810244470314412,not_significant
P15,Rod,Mrps34,1.8852193,0.20216507,0.05940023679590217,0.16314535083114146,0.11757857974388825,4510,0.13057113,10.443458980044458,3436,0.1488164,11.757857974388857,not_significant
P15,Rod,Puf60,1.8809052,0.13434047,0.059984824865430615,0.16441420571189055,0.23486612339930152,4510,0.29863665,21.81818181818168,3436,0.32351962,23.486612339930222,not_significant
P15,Rod,Snrk,1.8796874,0.08960492,0.06015068310523549,0.1647004921778883,0.5416181606519208,4510,0.8646249,53.08203991131054,3436,0.9010421,54.16181606519146,not_significant
P15,Rod,Dnaja1,1.8782213,0.12500694,0.06035090514880595,0.16516441592765058,0.28754365541327126,4510,0.38250527,26.762749445676192,3436,0.4108687,28.75436554132721,not_significant
P15,Rod,Rex1bd,1.8764659,0.21613835,0.06059132908788989,0.16565335842377235,0.1478463329452852,4510,0.17112845,13.458980044346038,3436,0.1962315,14.784633294528563,not_significant
P15,Rod,Bod1,1.8736204,0.1911649,0.06098276763666168,0.1664689901287803,0.13387660069848661,4510,0.14943342,12.017738359201932,3436,0.16890906,13.387660069848698,not_significant
P15,Rod,Cfap74,1.8726711,0.19108185,0.06111381785727186,0.16674187130539483,0.10913853317811409,4510,0.14007445,9.623059866962395,3436,0.15841573,10.913853317811437,not_significant
P15,Rod,Tmem208,1.8702457,0.15506154,0.061449706143536044,0.16737706591779267,0.229918509895227,4510,0.28964075,21.441241685144,3436,0.31777474,22.99185098952277,not_significant
P15,Rod,As3mt,1.8700892,0.1521509,0.061471442926556964,0.16737706591779267,0.1580325960419092,4510,0.1901251,14.257206208425835,3436,0.20919995,15.803259604190965,not_significant
P15,Rod,Psmd14,1.869186,0.16575946,0.06159693910002369,0.1676336790119366,0.21362048894062863,4510,0.2723707,19.77827050997776,3436,0.3009878,21.362048894062927,not_significant
P15,Rod,Cox8a,1.8672338,0.11742292,0.061868945589008476,0.1682885517948486,0.5535506402793946,4510,1.0698029,53.37028824833939,3436,1.1240112,55.35506402793862,not_significant
P15,Rod,Ahsa1,1.8668514,0.19767277,0.06192234187735971,0.16834842464782437,0.14377182770663563,4510,0.16445956,13.015521064301709,3436,0.18648419,14.377182770663602,not_significant
P15,Rod,Scai,1.8662119,0.13063577,0.062011734073013164,0.16842072990766713,0.2852153667054715,4510,0.41780457,26.78492239467841,3436,0.44965938,28.52153667054723,not_significant
P15,Rod,Znhit1,1.8639172,0.18624002,0.062333323276281154,0.16912288621849877,0.1408614668218859,4510,0.16509768,12.68292682926846,3436,0.18585165,14.08614668218863,not_significant
P15,Rod,Slc35b1,1.8619926,0.17609048,0.06260414032440242,0.16969494879329083,0.14493597206053552,4510,0.1747734,13.104212860310573,3436,0.19537637,14.493597206053591,not_significant
P15,Rod,Rexo2,1.8619691,0.19398268,0.06260743916143224,0.16969494879329083,0.13125727590221187,4510,0.14921586,11.818181818181971,3436,0.16896878,13.125727590221222,not_significant
P15,Rod,Phf20,1.8596658,0.12923884,0.06293283826960393,0.17049078003947243,0.3210128055878929,4510,0.46072373,30.687361419069013,3436,0.4947363,32.101280558789384,not_significant
P15,Rod,Yif1b,1.8588544,0.21845789,0.0630477773715735,0.17071594034382648,0.12951105937136204,4510,0.14449729,11.662971175166446,3436,0.16625524,12.951105937136239,not_significant
P15,Rod,Dctn3,1.8583745,0.16662475,0.06311586233354076,0.1708122819655526,0.2229336437718277,4510,0.28740647,20.886917960088585,3436,0.31753007,22.293364377182836,not_significant
P15,Rod,Rps19bp1,1.8558217,0.22686294,0.06347897404183417,0.17145076372628323,0.1149592549476135,4510,0.12765689,10.266075388026714,3436,0.14785951,11.495925494761382,not_significant
P15,Rod,Uba2,1.8522154,0.14973108,0.06399489909694413,0.17258352878632896,0.24330616996507567,4510,0.314534,22.815964523281426,3436,0.3436207,24.33061699650764,not_significant
P15,Rod,Zfp410,1.8515269,0.17480342,0.0640937901818364,0.1727633620780756,0.10477299185098952,4510,0.12922892,9.201773835920253,3436,0.1447236,10.47729918509898,not_significant
P15,Rod,Fam204a,1.8506205,0.121752255,0.06422416466232445,0.17294097351842788,0.2948195576251455,4510,0.39786482,27.82705099778272,3436,0.4263592,29.481955762514637,not_significant
P15,Rod,Appbp2,1.8484718,0.14950015,0.06453412618678998,0.17368843595882663,0.210128055878929,4510,0.27543902,19.467849223946725,3436,0.30138707,21.01280558789296,not_significant
P15,Rod,Copb1,1.8468406,0.1604656,0.06477024627774072,0.1740619243656319,0.21449359720605354,4510,0.27579942,19.933481152993274,3436,0.30376205,21.44935972060542,not_significant
P15,Rod,Tmem260,1.8446559,0.12819403,0.06508761157195711,0.1747397139499389,0.26949941792782306,4510,0.38404033,25.1662971175164,3436,0.41324252,26.949941792782383,not_significant
P15,Rod,Mettl16,1.8417599,0.15710844,0.06551027722368465,0.1756985635139222,0.18568102444703144,4510,0.24010524,17.07317073170734,3436,0.2643665,18.568102444703197,not_significant
P15,Rod,B130024G19Rik,1.8414489,0.12962198,0.06555580390978279,0.17573279968619432,0.29220023282887075,4510,0.4388564,27.583148558758307,3436,0.47170478,29.220023282887166,not_significant
P15,Rod,Atp6v0e2,1.8368396,0.14834936,0.06623358404595363,0.17728390460204355,0.2371944121071013,4510,0.30774665,22.217294900221578,3436,0.3360316,23.719441210710198,not_significant
P15,Rod,Rab21,1.8354144,0.12954222,0.06644430833721122,0.1776706230911271,0.21449359720605354,4510,0.27639407,19.733924611973325,3436,0.29882753,21.44935972060542,not_significant
P15,Rod,Arl6ip6,1.8331386,0.1756348,0.06678195848504835,0.17848451684793193,0.10244470314318975,4510,0.11675635,9.02439024390251,3436,0.13092193,10.244470314319003,not_significant
P15,Rod,Got1,1.8308635,0.10622516,0.06712091785760498,0.17908625714807322,0.42083818393480793,4510,0.62180966,40.48780487804996,3436,0.656577,42.08381839348092,not_significant
P15,Rod,Ubxn6,1.8294166,0.16512883,0.06733722331924354,0.1794321241353315,0.19383003492433062,4510,0.23727699,17.982261640798217,3436,0.26256925,19.38300349243312,not_significant
P15,Rod,Cfap206,1.827724,0.13883291,0.06759098215413202,0.1798402918029584,0.17578579743888242,4510,0.23267964,15.96452328159651,3436,0.25343254,17.57857974388829,not_significant
P15,Rod,Rdh14,1.8251686,0.172091,0.06797558213912873,0.18068435212799133,0.14027939464493597,4510,0.16488828,12.638580931264027,3436,0.18396357,14.027939464493636,not_significant
P15,Rod,Psmd9,1.8200072,0.123862624,0.06875790552686958,0.182582873884222,0.1970314318975553,4510,0.25121665,17.982261640798217,3436,0.270936,19.703143189755586,not_significant
P15,Rod,Bbs7,1.8191166,0.083772495,0.06889363773435554,0.18276235054751888,0.7238067520372526,4510,1.3549991,70.79822616408379,3436,1.3984058,72.38067520372122,not_significant
P15,Rod,Sdhaf2,1.8175768,0.18829308,0.069128841187842,0.18311461932423928,0.11961583236321303,4510,0.13705295,10.687361419068855,3436,0.15475118,11.961583236321337,not_significant
P15,Rod,Zdhhc5,1.8170204,0.11917232,0.06921398071938765,0.18324965082862554,0.37369033760186265,4510,0.53795564,35.875831485588336,3436,0.5731564,37.369033760186376,not_significant
P15,Rod,Ciao2b,1.8151895,0.19721374,0.06949479425707637,0.18381167475096533,0.12369033760186263,4510,0.13724759,11.108647450110997,3436,0.15585896,12.369033760186298,not_significant
P15,Rod,Bcas3,1.8144454,0.11113204,0.06960918562880587,0.18393284320833236,0.3917345750873108,4510,0.6411729,37.028824833703744,3436,0.6783735,39.173457508731204,not_significant
P15,Rod,C1qtnf4,1.8138597,0.17999369,0.06969932031803121,0.18403172767827683,0.15337601862630967,4510,0.1858072,13.991130820399237,3436,0.20808898,15.33760186263101,not_significant
P15,Rod,Psma6,1.8134104,0.23569721,0.06976854597943281,0.18403172767827683,0.13125727590221187,4510,0.14899933,11.92904656319306,3436,0.17327039,13.125727590221222,not_significant
P15,Rod,Psmg2,1.8133112,0.17839734,0.06978384304578954,0.18403172767827683,0.17345750873108265,4510,0.2131248,15.942350332594293,3436,0.23807588,17.345750873108315,not_significant
P15,Rod,Stub1,1.8119402,0.19542573,0.06999543470983464,0.18449902298946097,0.17258440046565773,4510,0.20886007,15.96452328159651,3436,0.23583575,17.258440046565823,not_significant
P15,Rod,Cbfb,1.8114173,0.2586046,0.07007627513296846,0.18462138497703479,0.11612339930151339,4510,0.1385192,10.487804878048895,3436,0.16359676,11.61233993015137,not_significant
P15,Rod,Prr3,1.8099397,0.16179025,0.07030512755798012,0.18512681101968337,0.12776484284051223,4510,0.15596889,11.441241685144266,3436,0.17296197,12.776484284051257,not_significant
P15,Rod,Bag5,1.8087395,0.17227186,0.07049148053970122,0.18535112824262615,0.11786961583236322,4510,0.13490748,10.509977827051111,3436,0.15078722,11.786961583236353,not_significant
P15,Rod,Rnh1,1.8080795,0.18243462,0.07059412674766843,0.1855300812711874,0.11641443538998836,4510,0.13329369,10.354767184035586,3436,0.1499754,11.641443538998868,not_significant
P15,Rod,R3hdm4,1.8078356,0.1281832,0.07063208948696183,0.18553894613519256,0.26338766006984865,4510,0.3467996,24.58980044345875,3436,0.37366495,26.338766006984944,not_significant
P15,Rod,Rpl15,1.806257,0.09517498,0.07087821269770112,0.1858531663210758,0.46769499417927823,4510,0.7892476,44.45676274944722,3436,0.8257946,46.76949941792797,not_significant
P15,Rod,Gid4,1.8061795,0.20968889,0.07089030169517543,0.1858531663210758,0.11379511059371362,4510,0.13193814,10.155210643015625,3436,0.1510901,11.379511059371392,not_significant
P15,Rod,Uchl5,1.8056902,0.19296327,0.0709667411811037,0.1859626769396386,0.14813736903376018,4510,0.18333937,13.503325942350472,3436,0.2070294,14.813736903376059,not_significant
P15,Rod,Gng5,1.8045535,0.16594209,0.0711445763069071,0.18624670927781828,0.19470314318975554,4510,0.24418429,17.982261640798217,3436,0.2702515,19.47031431897561,not_significant
P15,Rod,Jazf1,1.8035234,0.15082054,0.07130604219356372,0.18640739819271482,0.25756693830034927,4510,0.3930701,24.21286031042107,3436,0.42826083,25.756693830034997,not_significant
P15,Rod,Capn10,1.8025537,0.16020006,0.07145834294916277,0.1866127320249801,0.10710128055878929,4510,0.12793145,9.44567627494465,3436,0.14193611,10.710128055878958,not_significant
P15,Rod,Pcna,1.8011346,0.2016089,0.07168166438900389,0.18707408237607778,0.1309662398137369,4510,0.14646553,11.818181818181971,3436,0.16669355,13.096623981373726,not_significant
P15,Rod,Chchd10,1.8009881,0.10686628,0.0717047564066398,0.18707408237607778,0.44761350407450523,4510,0.7417519,42.594235033260794,3436,0.78123,44.761350407450664,not_significant
P15,Rod,Rbm18,1.798071,0.1645828,0.07216575651572596,0.18781233172746545,0.1490104772991851,4510,0.1765251,13.547671840354905,3436,0.19589134,14.90104772991855,not_significant
P15,Rod,Supv3l1,1.7978687,0.19143401,0.07219780537323522,0.18781233172746545,0.1030267753201397,4510,0.12535922,9.113082039911381,3436,0.14193939,10.302677532013996,not_significant
P15,Rod,Hacd1,1.7970352,0.14773409,0.07233003716825279,0.1880651087593349,0.12077997671711292,4510,0.14756832,10.73170731707329,3436,0.16225351,12.077997671711325,not_significant
P15,Rod,Trappc4,1.7959678,0.1816696,0.07249963917534913,0.18823291965565828,0.17112922002328287,4510,0.20302445,15.787139689578778,3436,0.22738266,17.112922002328336,not_significant
P15,Rod,Dph6,1.7959665,0.12501755,0.07249985309630687,0.18823291965565828,0.29947613504074505,4510,0.44816753,28.24833702882489,3436,0.4803405,29.947613504074592,not_significant
P15,Rod,Kpna4,1.7948819,0.11782733,0.07267250929796425,0.18858990801851971,0.3477881257275902,4510,0.50265163,33.082039911308705,3436,0.5357197,34.77881257275913,not_significant
P15,Rod,Tgds,1.7940412,0.18958504,0.07280660783572598,0.1887876203163538,0.10768335273573923,4510,0.13064834,9.55654101995574,3436,0.14770168,10.768335273573951,not_significant
P15,Rod,Wapl,1.793963,0.08652084,0.07281908770218791,0.1887876203163538,0.6428987194412107,4510,1.0874555,62.06208425720937,3436,1.1276121,64.28987194411854,not_significant
P15,Rod,Eif2s2,1.7911385,0.10481229,0.07327106925506645,0.1897759611222484,0.33032596041909196,4510,0.47603366,31.019955654102304,3436,0.5041752,33.032596041909294,not_significant
P15,Rod,Ndufb4,1.7908552,0.11031169,0.07331654137446819,0.18980208877058272,0.3116996507566938,4510,0.46287844,29.246119733924758,3436,0.4918966,31.169965075669477,not_significant
P15,Rod,Syngr1,1.7904474,0.10817967,0.07338202816288755,0.18987998025360772,0.3693247962747381,4510,0.5176378,35.09977827051066,3436,0.548617,36.93247962747392,not_significant
P15,Rod,Gorasp2,1.7897936,0.12706876,0.07348710109550638,0.19006017853244755,0.2543655413271246,4510,0.34009463,23.68070953436787,3436,0.36629277,25.43655413271253,not_significant
P15,Rod,Evl,1.7884735,0.12491249,0.07369964047317915,0.19044291808317831,0.17724097788125728,4510,0.23339953,16.119733924612024,3436,0.25205106,17.72409778812578,not_significant
P15,Rod,Phax,1.7883278,0.11143914,0.07372313835531055,0.19044291808317831,0.35681024447031434,4510,0.5021861,34.013303769401915,3436,0.53339785,35.68102444703154,not_significant
P15,Rod,Cops3,1.7882133,0.12690422,0.0737415997126699,0.19044291808317831,0.29947613504074505,4510,0.40677008,28.47006651884708,3436,0.43703678,29.947613504074592,not_significant
P15,Rod,Rhpn1,1.7870073,0.17984544,0.07393630288724161,0.19067120137620014,0.10389988358556461,4510,0.12666944,9.201773835920253,3436,0.14234142,10.389988358556488,not_significant
P15,Rod,Trim28,1.7864588,0.18256663,0.07402499666515547,0.1908073436385843,0.11292200232828871,4510,0.13017458,10.066518847006753,3436,0.14650622,11.292200232828902,not_significant
P15,Rod,Fam133b,1.7857025,0.11394702,0.07414743830586372,0.19087747027265742,0.3311990686845169,4510,0.47310838,31.48558758314891,3436,0.5036172,33.119906868451785,not_significant
P15,Rod,Kif2a,1.7856314,0.086563356,0.07415895750339636,0.19087747027265742,0.5747962747380675,4510,0.9657463,56.54101995565676,3436,1.0033275,57.47962747380551,not_significant
P15,Rod,Ift46,1.7852014,0.19579005,0.07422865649988714,0.19096523427596865,0.10331781140861467,4510,0.12130849,9.157427937915816,3436,0.13777696,10.331781140861494,not_significant
P15,Rod,Pdhx,1.7837691,0.15885155,0.07446118152975513,0.19137986474633756,0.14551804423748546,4510,0.18109174,13.148558758315007,3436,0.20018846,14.551804423748585,not_significant
P15,Rod,Ttc17,1.782712,0.12525721,0.07463320574030129,0.1916034613545389,0.2968568102444703,4510,0.43372166,27.960088691796038,3436,0.46514162,29.68568102444712,not_significant
P15,Rod,Sin3b,1.7824364,0.14272045,0.07467810374162778,0.1916034613545389,0.20052386495925495,4510,0.2520794,18.514412416851414,3436,0.27498454,20.052386495925553,not_significant
P15,Rod,Pstk,1.7823569,0.12599513,0.07469105848104789,0.1916034613545389,0.22322467986030267,4510,0.2916829,20.66518847006642,3436,0.3145089,22.322467986030333,not_significant
P15,Rod,Yeats4,1.7814133,0.12954386,0.07484494491844117,0.19190644576602217,0.24621653084982537,4510,0.321989,22.949002217294726,3436,0.34752366,24.62165308498261,not_significant
P15,Rod,Mbip,1.780388,0.14325546,0.07501248548477173,0.19215232671457283,0.17054714784633296,4510,0.21594222,15.565410199556611,3436,0.2360147,17.054714784633344,not_significant
P15,Rod,Gxylt1,1.7796824,0.15093222,0.07512794870917767,0.19235623717232891,0.14231664726426077,4510,0.18103673,12.860310421286192,3436,0.19913492,14.231664726426116,not_significant
P15,Rod,Ube2n,1.7792056,0.16337688,0.07520606934112836,0.19244519639514668,0.24126891734575087,4510,0.31068236,22.882483370288075,3436,0.34220126,24.12689173457516,not_significant
P15,Rod,Xpnpep3,1.7790325,0.21408375,0.07523444758400868,0.19244519639514668,0.119906868451688,4510,0.14963034,10.798226164079946,3436,0.17161807,11.990686845168835,not_significant
P15,Rod,Gde1,1.7785277,0.13423593,0.07531722103278285,0.19256509705426464,0.239813736903376,4510,0.30749983,22.41685144124153,3436,0.33298552,23.981373690337673,not_significant
P15,Rod,Zcchc17,1.7779837,0.121251926,0.0754065346624686,0.19270159691733282,0.2721187427240978,4510,0.36851886,25.476718403547473,3436,0.39518633,27.211874272409858,not_significant
P15,Rod,Hace1,1.7769227,0.14787075,0.07558096694804962,0.19297670521023116,0.1760768335273574,4510,0.24091503,16.164079822616458,3436,0.26375973,17.60768335273579,not_significant
P15,Rod,Pank3,1.7767771,0.15265709,0.07560491596065061,0.19297670521023116,0.10069848661233993,4510,0.11907054,8.847006651884765,3436,0.13152197,10.069848661234019,not_significant
P15,Rod,Frs2,1.7766352,0.13381787,0.07562829375187002,0.19297670521023116,0.26338766006984865,4510,0.36883187,24.833702882483134,3436,0.39837137,26.338766006984944,not_significant
P15,Rod,Zc3h14,1.7763088,0.1178883,0.07568204633976833,0.19297670521023116,0.30471478463329454,4510,0.41835204,28.691796008869275,3436,0.44704488,30.471478463329543,not_significant
P15,Rod,Kdm6a,1.7762357,0.11390409,0.0756940693069214,0.19297670521023116,0.28987194412107103,4510,0.40770248,27.161862527716142,3436,0.43483794,28.987194412107186,not_significant
P15,Rod,Tspan31,1.7738264,0.21382374,0.07609187948784822,0.19389873708922462,0.10360884749708964,4510,0.11277518,9.201773835920253,3436,0.12966962,10.360884749708992,not_significant
P15,Rod,Tgfbr1,1.7733148,0.16404453,0.07617655908085925,0.19402234706065008,0.19674039580908032,4510,0.2804394,18.270509977827032,3436,0.30946365,19.67403958090809,not_significant
P15,Rod,Smim26,1.7720875,0.23740461,0.07638003563166036,0.19444827296071485,0.10739231664726426,4510,0.11794223,9.600886917960176,3436,0.13764656,10.739231664726455,not_significant
P15,Rod,Atp6v1b2,1.7707151,0.09096835,0.07660808343110584,0.1949363185599866,0.45023282887078,4510,0.66502786,43.015521064302966,3436,0.69615203,45.02328288707814,not_significant
P15,Rod,Vopp1,1.7700671,0.06781664,0.07671596618002247,0.19511827529143694,0.6364959254947613,4510,1.139974,63.25942350332922,3436,1.1721865,63.64959254947373,not_significant
P15,Rod,Ldhb,1.7665107,0.18277593,0.07731020130627937,0.196443353769248,0.10389988358556461,4510,0.118392155,9.201773835920253,3436,0.13335998,10.389988358556488,not_significant
P15,Rod,Galk2,1.7653451,0.1933175,0.07750579449755073,0.19683121999420367,0.13824214202561116,4510,0.18029578,12.572062084257377,3436,0.20367636,13.824214202561155,not_significant
P15,Rod,Mrps28,1.7627718,0.13846466,0.0779389756745462,0.1975730933451162,0.2110011641443539,4510,0.27759272,19.556541019955592,3436,0.30171677,21.10011641443545,not_significant
P15,Rod,Cotl1,1.7618884,0.15588935,0.07808815373556915,0.19785774994690267,0.1548311990686845,4510,0.19184063,14.10199556541032,3436,0.21156384,15.483119906868495,not_significant
P15,Rod,Gm36975,1.7609708,0.13112691,0.07824334595446276,0.1979704281602539,0.10448195576251455,4510,0.13914536,9.179600886918035,3436,0.15142928,10.448195576251482,not_significant
P15,Rod,Nfic,1.7597885,0.09328115,0.07844368064177426,0.19819684548397415,0.4438300349243306,4510,0.6654463,42.39467849224082,3436,0.69738895,44.3830034924332,not_significant
P15,Rod,Isca1,1.7592762,0.17126396,0.07853062064690783,0.19832309282015706,0.14115250291036088,4510,0.16459806,12.815964523281759,3436,0.18354657,14.115250291036126,not_significant
P15,Rod,Pde7a,1.7553905,0.13294587,0.0791925360228342,0.1995250179551351,0.25669383003492435,4510,0.36892813,24.27937915742772,3436,0.3982754,25.669383003492506,not_significant
P15,Rod,Mrps7,1.7550178,0.17363097,0.07925627310060798,0.19959185394913673,0.13154831199068684,4510,0.1513333,11.862527716186406,3436,0.16913514,13.15483119906872,not_significant
P15,Rod,Pbrm1,1.7530961,0.106460236,0.07958550782789099,0.20032691881220424,0.41356228172293363,4510,0.62419426,39.64523281596563,3436,0.6591348,41.35622817229349,not_significant
P15,Rod,Dcaf8,1.751092,0.10569557,0.07993007752575011,0.20081730016305555,0.3978463329452852,4510,0.571276,38.15964523281693,3436,0.60382175,39.784633294528646,not_significant
P15,Rod,Arf1,1.7504086,0.11932933,0.080047833521404,0.2009041350096928,0.23835855646100115,4510,0.3063535,22.217294900221578,3436,0.32885242,23.83585564610019,not_significant
P15,Rod,Dalrd3,1.7502395,0.13493371,0.08007700235844953,0.2009041350096928,0.309953434225844,4510,0.4397282,29.756097560975803,3436,0.47401574,30.995343422584494,not_significant
P15,Rod,Pcbp4,1.7494037,0.060272444,0.0802212686059682,0.20117198915493847,0.6091385331781141,4510,1.0274248,60.288248337031824,3436,1.0544486,60.91385331780952,not_significant
P15,Rod,Stk19,1.7486678,0.20508277,0.08034844699387124,0.20130269485059565,0.13387660069848661,4510,0.16499174,12.172949002217457,3436,0.18795948,13.387660069848698,not_significant
P15,Rod,Golgb1,1.7458898,0.08907623,0.08083010695768696,0.2023080112141696,0.5573341094295693,4510,0.91383016,54.368070953439265,3436,0.9512707,55.733410942956006,not_significant
P15,Rod,Cuedc1,1.7442137,0.08278224,0.08112183877114472,0.20267235359497918,0.5227008149010477,4510,0.82923484,50.11086474501315,3436,0.86197895,52.2700814901045,not_significant
P15,Rod,Fn3k,1.7437292,0.19417204,0.08120632022153737,0.20278896725713522,0.1280558789289872,4510,0.15240331,11.574279379157574,3436,0.17256369,12.805587892898753,not_significant
P15,Rod,Sdf4,1.742888,0.16301914,0.08135319456430329,0.20289915519559049,0.17665890570430734,4510,0.21343896,16.274944567627543,3436,0.23617092,17.665890570430783,not_significant
P15,Rod,Dhdds,1.7426101,0.11666321,0.08140174906430103,0.20289915519559049,0.28550640279394646,4510,0.40023848,26.78492239467841,3436,0.42763993,28.550640279394727,not_significant
P15,Rod,Rbm20,1.7406176,0.09486538,0.0817506201843595,0.2036740950621943,0.490395809080326,4510,0.7946704,47.80487804878234,3436,0.8312561,49.03958090803275,not_significant
P15,Rod,Glrx2,1.7387531,0.151036,0.08207819862030505,0.20436474851108508,0.18538998835855647,4510,0.23010676,17.095343680709554,3436,0.25253928,18.5389988358557,not_significant
P15,Rod,Cebpzos,1.738199,0.18026291,0.08217576018848702,0.20436474851108508,0.16850989522700816,4510,0.20479539,15.587583148558828,3436,0.22914323,16.850989522700864,not_significant
P15,Rod,Ccnt1,1.7381736,0.12571731,0.08218023164399899,0.20436474851108508,0.30471478463329454,4510,0.42209223,29.024390243902566,3436,0.45296195,30.471478463329543,not_significant
P15,Rod,Sorbs2,1.7371587,0.11711694,0.08235916853502868,0.20471481928725388,0.38649592549476136,4510,0.6741908,37.22838137472372,3436,0.71482664,38.64959254947625,not_significant
P15,Rod,Edil3,1.7362357,0.2260916,0.08252217076431952,0.2050184675618358,0.14173457508731083,4510,0.20995416,13.015521064301709,3436,0.24157913,14.173457508731122,not_significant
P15,Rod,Atg16l1,1.7356833,0.13276325,0.08261983834821116,0.2050776552058328,0.28055878928987193,4510,0.40438467,26.51884700665178,3436,0.43594274,28.055878928987276,not_significant
P15,Rod,Rap1b,1.7339753,0.13260047,0.08292246524038543,0.20573362791370373,0.2307916181606519,4510,0.30271444,21.55210643015508,3436,0.3275474,23.07916181606526,not_significant
P15,Rod,Ncoa7,1.7318531,0.14157088,0.0832997133836222,0.2063874516641839,0.22875436554132714,4510,0.32793793,21.396895787139567,3436,0.35635763,22.87543655413278,not_significant
P15,Rod,Abcd3,1.7316276,0.17582409,0.0833398993856492,0.2063874516641839,0.11263096623981374,4510,0.13718526,10.066518847006753,3436,0.15366352,11.263096623981404,not_significant
P15,Rod,Zfp280c,1.7254713,0.17246269,0.08444258608722573,0.2086365876425052,0.1318393480791618,4510,0.1685465,11.92904656319306,3436,0.1880507,13.183934807916216,not_significant
P15,Rod,Cep162,1.7246512,0.1712744,0.08459034347160525,0.2088285862604325,0.14551804423748546,4510,0.19203843,13.281596452328307,3436,0.21382391,14.551804423748585,not_significant
P15,Rod,Ndufb7,1.724392,0.12157583,0.084637089211443,0.2088285862604325,0.2936554132712456,4510,0.43107882,28.004434589800475,3436,0.4614047,29.36554132712465,not_significant
P15,Rod,Eml5,1.7236291,0.05779368,0.08477482348108478,0.20907225432300633,0.7668800931315483,4510,1.5493739,76.49667405765416,3436,1.5810599,76.68800931314999,not_significant
P15,Rod,Acot8,1.7227787,0.2161756,0.08492855677771408,0.20929738723732397,0.10884749708963912,4510,0.12580846,9.77827050997792,3436,0.14473784,10.884749708963941,not_significant
P15,Rod,Sptssa,1.7226925,0.1487067,0.08494414839963726,0.20929738723732397,0.2110011641443539,4510,0.26415694,19.711751662971107,3436,0.28904998,21.10011641443545,not_significant
P15,Rod,Iqcb1,1.720523,0.14029242,0.08533741401826858,0.21010682144669898,0.14115250291036088,4510,0.1899765,12.749445676275108,3436,0.20749237,14.115250291036126,not_significant
P15,Rod,Dach1,1.7202072,0.15197831,0.0853947771968408,0.21011815820360277,0.20547147846332944,4510,0.3304844,19.157427937915696,3436,0.3612692,20.547147846333004,not_significant
P15,Rod,Eef1g,1.7198389,0.124719664,0.08546174608638216,0.21018652269938282,0.2639697322467986,4510,0.36521176,24.96674057649643,3436,0.392463,26.396973224679936,not_significant
P15,Rod,Rab1b,1.7187965,0.17967589,0.08565143430799768,0.21042905803958362,0.10331781140861467,4510,0.116053015,9.179600886918035,3436,0.13048084,10.331781140861494,not_significant
P15,Rod,Gtf2e2,1.7186503,0.14652388,0.08567805047696693,0.21042905803958362,0.1979045401629802,4510,0.2527369,18.3592017738359,3436,0.27633,19.790454016298078,not_significant
P15,Rod,Hmgb2,1.7179345,0.12697159,0.08580856692385883,0.21065315925838843,0.26251455180442373,4510,0.3623069,24.944567627494216,3436,0.3898848,26.251455180442452,not_significant
P15,Rod,Snx24,1.715798,0.1218471,0.08619901424156766,0.21141815838672562,0.1970314318975553,4510,0.27981406,18.137472283813732,3436,0.30109534,19.703143189755586,not_significant
P15,Rod,Fermt2,1.7113408,0.14238538,0.08701823039250768,0.21323242934006909,0.17840512223515717,4510,0.23133759,16.36363636363641,3436,0.25253406,17.840512223515766,not_significant
P15,Rod,Mbnl1,1.7110468,0.057140335,0.08707246319405164,0.21326789615200592,0.7479627473806753,4510,1.4815825,74.27937915743222,3436,1.5123258,74.79627473806303,not_significant
P15,Rod,Tet3,1.7087675,0.07628347,0.08749402717485287,0.21390973644754369,0.6015715948777648,4510,1.0061111,58.71396895787425,3436,1.0399742,60.157159487774734,not_significant
P15,Rod,Mrps12,1.7064857,0.19823363,0.08791767881966919,0.21474974006771655,0.10739231664726426,4510,0.118995816,9.600886917960176,3436,0.13538533,10.739231664726455,not_significant
P15,Rod,Selenof,1.7039032,0.10304844,0.08839917770794356,0.21572938545287046,0.3521536670547148,4510,0.5096882,33.83592017738416,3436,0.5388255,35.21536670547158,not_significant
P15,Rod,Psma4,1.7010183,0.16694878,0.08893955210179977,0.21685079885184272,0.18247962747380675,4510,0.22125955,16.91796008869182,3436,0.24531892,18.24796274738073,not_significant
P15,Rod,Gopc,1.6992557,0.18361814,0.08927100356552643,0.217553450070715,0.14435389988358557,4510,0.18574779,13.19290465631944,3436,0.20849547,14.435389988358596,not_significant
P15,Rod,Mtmr14,1.6973976,0.13911036,0.08962151159618792,0.2181169637939891,0.12456344586728754,4510,0.15108986,11.17516629711765,3436,0.165185,12.45634458672879,not_significant
P15,Rod,Ufl1,1.6967759,0.15028667,0.08973903865881935,0.21830394710471973,0.2479627473806752,4510,0.33626035,23.54767184035457,3436,0.36713085,24.796274738067595,not_significant
P15,Rod,Dnttip1,1.6963202,0.1761199,0.08982525075936061,0.2183156525025874,0.17171129220023282,4510,0.20919718,15.942350332594293,3436,0.23341085,17.17112922002333,not_significant
P15,Rod,Polr2k,1.694933,0.15260464,0.09008812056672003,0.21879518974055231,0.20343422584400467,4510,0.26226708,19.04656319290461,3436,0.28768116,20.343422584400525,not_significant
P15,Rod,Qser1,1.6948487,0.12881579,0.09010413388085013,0.21879518974055231,0.23282887077997672,4510,0.3218003,21.840354767183896,3436,0.34717417,23.282887077997742,not_significant
P15,Rod,Vps36,1.693457,0.1428325,0.09036851966147307,0.21923868813394007,0.21332945285215366,4510,0.27197662,19.933481152993274,3436,0.29645666,21.33294528521543,not_significant
P15,Rod,Ankib1,1.6920753,0.13046813,0.09063161978402719,0.21977758070593212,0.2229336437718277,4510,0.31818187,20.687361419068637,3436,0.34364945,22.293364377182836,not_significant
P15,Rod,Zfp955b,1.6912956,0.13870779,0.09078034678497156,0.21993937676358963,0.14231664726426077,4510,0.17788702,12.882483370288409,3436,0.19419917,14.231664726426116,not_significant
P15,Rod,Ift20,1.6904176,0.15770607,0.09094807433772228,0.2202462621885067,0.22438882421420256,4510,0.28687385,21.1751662971174,3436,0.31527466,22.438882421420324,not_significant
P15,Rod,Aip,1.6892316,0.17426762,0.09117504015968977,0.22059671421586646,0.15133876600698487,4510,0.18053943,13.880266075388153,3436,0.20152532,15.133876600698528,not_significant
P15,Rod,Rpl7l1,1.6854019,0.15690209,0.09191106324485909,0.22170618728420002,0.15657741559953434,4510,0.18787406,14.345898004434702,3436,0.20736142,15.657741559953479,not_significant
P15,Rod,4921504A21Rik,1.6851958,0.14119436,0.09195079910899487,0.22170618728420002,0.1452270081490105,4510,0.18774784,13.19290465631944,3436,0.2051948,14.522700814901087,not_significant
P15,Rod,Gosr1,1.6851261,0.15132874,0.09196425553828208,0.22170618728420002,0.11845168800931316,4510,0.14567761,10.64301552106442,3436,0.16055849,11.845168800931347,not_significant
P15,Rod,Rpl32,1.6839099,0.09385348,0.09219908749628,0.22217246420936476,0.41123399301513386,4510,0.70773095,39.29046563193012,3436,0.74125785,41.123399301513516,not_significant
P15,Rod,4833420G17Rik,1.6824459,0.118362375,0.09248241587159188,0.22275513189726934,0.28550640279394646,4510,0.3936714,27.13968957871392,3436,0.4211165,28.550640279394727,not_significant
P15,Rod,Gm49797,1.6753869,0.14747603,0.09385834603757516,0.22575516914582064,0.1690919674039581,4510,0.22880635,15.543237250554395,3436,0.25057974,16.909196740395856,not_significant
P15,Rod,Ppp1r11,1.6751933,0.15956043,0.09389630543704806,0.22575516914582064,0.19935972060535506,4510,0.24423379,18.713968957871362,3436,0.2692599,19.935972060535565,not_significant
P15,Rod,Ufm1,1.6747096,0.18384182,0.09399123830387345,0.22588216947221199,0.13067520372526192,4510,0.14975555,11.862527716186406,3436,0.16848087,13.067520372526229,not_significant
P15,Rod,Ndufa6,1.6717826,0.123058215,0.09456720592419371,0.22665705655825516,0.2668800931315483,4510,0.375538,25.321507760531937,3436,0.40303376,26.688009313154907,not_significant
P15,Rod,Rrp1,1.6711364,0.14279157,0.09469474252282346,0.22686136618688033,0.17142025611175785,4510,0.20862721,15.764966740576561,3436,0.2280285,17.142025611175836,not_significant
P15,Rod,Rexo1,1.670715,0.20761976,0.09477799306557341,0.2269594441088106,0.11146682188591385,4510,0.13049382,10.044345898004535,3436,0.14925233,11.146682188591415,not_significant
P15,Rod,Nktr,1.6683546,0.063027635,0.09524535355644081,0.2278693855939494,0.6894644935972061,4510,1.2653768,68.44789356984855,3436,1.2969313,68.9464493597172,not_significant
P15,Rod,Sar1a,1.6681527,0.17780545,0.09528542727204112,0.2278693855939494,0.12543655413271246,4510,0.1453088,11.374722838137611,3436,0.16289236,12.54365541327128,not_significant
P15,Rod,Celf1,1.6672534,0.1010302,0.09546403038169977,0.22813487571755584,0.4289871944121071,4510,0.6626219,41.662971175167584,3436,0.6971624,42.898719441210844,not_significant
P15,Rod,Alyref,1.6671655,0.16894679,0.09548150559021493,0.22813487571755584,0.1370779976717113,4510,0.15612926,12.505543237250727,3436,0.17392862,13.707799767171167,not_significant
P15,Rod,Zfp871,1.6663158,0.12320866,0.09565053660230134,0.22839424458892943,0.26455180442374854,4510,0.35303983,24.878048780487568,3436,0.37921327,26.45518044237493,not_significant
P15,Rod,Ppp2r5e,1.663301,0.059908897,0.09625220041907252,0.22942713670568016,0.6041909196740396,4510,1.0508895,60.70953436807399,3436,1.0780932,60.41909196740216,not_significant
P15,Rod,Rps15a,1.6629534,0.08119413,0.09632175836338398,0.22942713670568016,0.4615832363213038,4510,0.81788653,44.10199556541171,3436,0.8497154,46.158323632130525,not_significant
P15,Rod,Tiparp,1.6621244,0.20205322,0.0964878358755855,0.22972070645212633,0.10826542491268917,4510,0.13306886,9.733924611973483,3436,0.15162648,10.826542491268947,not_significant
P15,Rod,8030462N17Rik,1.6606008,0.08934975,0.09679365117978682,0.23024441016779446,0.41647264260768335,4510,0.61655676,40.22172949002333,3436,0.64553535,41.647264260768466,not_significant
P15,Rod,Ndufa9,1.6601148,0.14134222,0.09689137902968777,0.23030624681396009,0.16850989522700816,4510,0.20371795,15.52106430155218,3436,0.22251119,16.850989522700864,not_significant
P15,Rod,Itfg2,1.6573999,0.15327905,0.09743864146631107,0.23147071427160876,0.20343422584400467,4510,0.26166302,19.024390243902396,3436,0.28714323,20.343422584400525,not_significant
P15,Rod,Ubxn4,1.6555012,0.0963244,0.09782285191273131,0.23228055673301937,0.41559953434225844,4510,0.61857784,39.75609756097672,3436,0.64993155,41.559953434225974,not_significant
P15,Rod,Fbxl3,1.6526865,0.10892231,0.09839468281409629,0.23353499053752766,0.29627473806752036,4510,0.40459043,28.18181818181823,3436,0.43035075,29.627473806752125,not_significant
P15,Rod,Cycs,1.6514558,0.11234719,0.09864553781503528,0.2340166990295511,0.24708963911525028,4510,0.32933792,23.082039911308026,3436,0.351808,24.708963911525103,not_significant
P15,Rod,Prdx5,1.6511865,0.14168333,0.09870049603582165,0.2340166990295511,0.21973224679860304,4510,0.27968794,20.73170731707307,3436,0.30455256,21.97322467986037,not_significant
P15,Rod,Blmh,1.6510493,0.12489185,0.09872852160773195,0.2340166990295511,0.19062863795110593,4510,0.24302585,17.560975609756103,3436,0.26234725,19.062863795110648,not_significant
P15,Rod,AU040320,1.6506222,0.10776819,0.09881572629463442,0.23411994516096246,0.22322467986030267,4510,0.2987945,20.70953436807085,3436,0.3186296,22.322467986030333,not_significant
P15,Rod,Tmem161b,1.6500175,0.11443385,0.09893936414438619,0.23413165779991893,0.2121653084982538,4510,0.28680813,19.711751662971107,3436,0.30718258,21.21653084982544,not_significant
P15,Rod,Map9,1.6488329,0.1565206,0.09918187069550284,0.23457299577190355,0.16880093131548313,4510,0.21313167,15.609756097561045,3436,0.23489006,16.88009313154836,not_significant
P15,Rod,Tomm70a,1.6480343,0.12566343,0.09934563454618299,0.23485675791349736,0.19033760186263096,4510,0.24432616,17.49445676274945,3436,0.26386195,19.03376018626315,not_significant
P15,Rod,C87436,1.647636,0.16124469,0.09942736790124156,0.2349464323446078,0.14842840512223515,4510,0.190546,13.614190687361555,3436,0.21085407,14.842840512223557,not_significant
P15,Rod,Arxes1,1.6463511,0.147253,0.09969148473128059,0.23536317081804098,0.1140861466821886,4510,0.1293803,10.243902439024497,3436,0.14233719,11.40861466821889,not_significant
P15,Rod,Ptar1,1.6461315,0.124878846,0.09973669670342607,0.23536631813338207,0.16065192083818394,4510,0.20140854,14.700665188470166,3436,0.21776782,16.065192083818438,not_significant
P15,Rod,Sfr1,1.645657,0.13781856,0.09983440774017786,0.23549329952432455,0.20372526193247964,4510,0.2550471,18.93569844789353,3436,0.2773624,20.37252619324802,not_significant
P15,Rod,Ehd4,1.6436151,0.13779396,0.10025573595111023,0.23627933551922464,0.18218859138533178,4510,0.24042636,16.851441241685173,3436,0.2616183,18.21885913853323,not_significant
P15,Rod,Mrpl57,1.6405677,0.17450638,0.1008871935057646,0.23729134201657265,0.160069848661234,4510,0.19144358,14.855875831485681,3436,0.21359904,16.006984866123446,not_significant
P15,Rod,Syp,1.6396852,0.06498548,0.10107065853455051,0.23746956302204508,0.5910942956926659,4510,1.0051175,58.647450110867595,3436,1.0339102,59.10942956926504,not_significant
P15,Rod,Ilf2,1.638148,0.10038179,0.1013908399264621,0.23801333276391368,0.3373108265424913,4510,0.47009963,31.929046563193296,3436,0.49676684,33.73108265424923,not_significant
P15,Rod,Hint1,1.6352874,0.11651613,0.10198881576654822,0.2389451826733867,0.27852153667054713,4510,0.3756841,26.27494456762737,3436,0.40168628,27.852153667054797,not_significant
P15,Rod,Prkar1a,1.6351126,0.15658845,0.10202544292841277,0.2389451826733867,0.21682188591385332,4510,0.27708787,20.532150776053122,3436,0.3044561,21.682188591385394,not_significant
P15,Rod,Zfp942,1.6349713,0.17256287,0.10205507336031487,0.2389451826733867,0.10739231664726426,4510,0.13965787,9.645232815964611,3436,0.15608361,10.739231664726455,not_significant
P15,Rod,2310009B15Rik,1.6345028,0.19195724,0.10215332459330322,0.23907086959793997,0.11263096623981374,4510,0.12808436,10.177383592017843,3436,0.1450485,11.263096623981404,not_significant
P15,Rod,Tprgl,1.6301079,0.19343524,0.1030786945167065,0.2410262063590295,0.10942956926658906,4510,0.12200931,9.86696230598679,3436,0.13835546,10.942956926658935,not_significant
P15,Rod,Ndfip2,1.6295289,0.12815243,0.10320111788269411,0.24120731865915954,0.2581490104772992,4510,0.345965,24.5232815964521,3436,0.37277016,25.814901047729993,not_significant
P15,Rod,Snrpd3,1.6290078,0.14120066,0.10331137514765039,0.2413598503013923,0.2040162980209546,4510,0.25396624,19.113082039911262,3436,0.27676553,20.40162980209552,not_significant
P15,Rod,Krtcap2,1.6281223,0.15654153,0.10349894508156864,0.24158761593452316,0.1589057043073341,4510,0.19374198,14.634146341463516,3436,0.21372755,15.890570430733456,not_significant
P15,Rod,Taldo1,1.6272342,0.112903655,0.10368735727112086,0.2419221332763342,0.2721187427240978,4510,0.36658278,25.742793791574105,3436,0.3912587,27.211874272409858,not_significant
P15,Rod,Zcchc7,1.6264817,0.058120817,0.10384723706483827,0.24200190195164273,0.6883003492433062,4510,1.3333658,68.82483370288627,3436,1.3631897,68.83003492432724,not_significant
P15,Rod,Polb,1.6264435,0.097789325,0.10385533771924839,0.24200190195164273,0.4106519208381839,4510,0.6115902,40.22172949002333,3436,0.6431724,41.065192083818516,not_significant
P15,Rod,Rnf5,1.6257999,0.17525503,0.10399224161046541,0.24200190195164273,0.15919674039580908,4510,0.18598674,14.722838137472383,3436,0.207671,15.919674039580952,not_significant
P15,Rod,Pa2g4,1.6246771,0.13802329,0.10423139413786549,0.2423481569811489,0.13766006984866122,4510,0.16413715,12.527716186252944,3436,0.17922035,13.766006984866161,not_significant
P15,Rod,Naxd,1.6236461,0.14542885,0.10445134646738378,0.24275434248312244,0.16472642607683352,4510,0.20309514,15.166297117516713,3436,0.22240125,16.4726426076834,not_significant
P15,Rod,Zfp738,1.6201509,0.1498889,0.10519985958028089,0.24396543311224672,0.1140861466821886,4510,0.14167456,10.266075388026714,3436,0.15603343,11.40861466821889,not_significant
P15,Rod,Tfdp2,1.6165338,0.16276996,0.10597895359077424,0.24524206516864236,0.11233993015133877,4510,0.14787433,10.133037694013407,3436,0.16415845,11.233993015133906,not_significant
P15,Rod,Agpat5,1.6152068,0.077563636,0.10626589744721024,0.24558822658631438,0.5483119906868452,4510,0.9106302,53.94678492239709,3436,0.9431108,54.831199068683766,not_significant
P15,Rod,Rnf32,1.6138189,0.1964404,0.10656671387523874,0.24607139613722798,0.12951105937136204,4510,0.16595496,11.818181818181971,3436,0.18801528,12.951105937136239,not_significant
P15,Rod,Laptm4a,1.612195,0.14457095,0.10691950487236435,0.24667364478940318,0.1979045401629802,4510,0.25464508,18.403547671840332,3436,0.2780638,19.790454016298078,not_significant
P15,Rod,Nicn1,1.6116756,0.24024773,0.1070325491917782,0.2467605349712175,0.1120488940628638,4510,0.12970632,10.221729490022279,3436,0.15150872,11.20488940628641,not_significant
P15,Rod,Rpl11,1.6113614,0.09396133,0.10710098286935771,0.2467605349712175,0.46216530849825377,4510,0.8159826,44.25720620842725,3436,0.85283357,46.216530849825524,not_significant
P15,Rod,Scap,1.6108004,0.13252327,0.10722322815800163,0.2467605349712175,0.1740395809080326,4510,0.22465335,16.053215077605376,3436,0.24382631,17.40395809080331,not_significant
P15,Rod,Pdia6,1.6107547,0.14633228,0.10723318549923713,0.2467605349712175,0.18451688009313155,4510,0.23037963,17.161862527716202,3436,0.25210795,18.45168800931321,not_significant
P15,Rod,Paics,1.6101019,0.17239156,0.10737561478390915,0.2468764670813925,0.11525029103608847,4510,0.13065699,10.399113082040023,3436,0.14608338,11.52502910360888,not_significant
P15,Rod,Cpne1,1.6094546,0.12500826,0.10751697568323869,0.24698974628046783,0.20721769499417927,4510,0.27146035,19.401330376940077,3436,0.2927504,20.721769499417988,not_significant
P15,Rod,Nrtn,1.6088699,0.162009,0.1076447883654952,0.24717750205159084,0.1469732246798603,4510,0.17818522,13.525498891352688,3436,0.19739643,14.697322467986071,not_significant
P15,Rod,Mlh3,1.6066843,0.12168303,0.10812364551937031,0.24817083207783586,0.13853317811408614,4510,0.1762164,12.54988913525516,3436,0.19033445,13.853317811408653,not_significant
P15,Rod,Abhd16a,1.6056141,0.1521688,0.10835874425763187,0.24842802482120005,0.10913853317811409,4510,0.1290148,9.800443458980137,3436,0.14238922,10.913853317811437,not_significant
P15,Rod,Sdf2,1.6053818,0.13440008,0.10840979216134113,0.24842802482120005,0.24970896391152503,4510,0.32641035,23.68070953436787,3436,0.353238,24.97089639115258,not_significant
P15,Rod,Hikeshi,1.6053311,0.11551294,0.10842095564996818,0.24842802482120005,0.10186263096623982,4510,0.115893945,9.046563192904728,3436,0.12497473,10.186263096624009,not_significant
P15,Rod,Ino80d,1.6007407,0.12523948,0.10943436577809873,0.25060572723404456,0.2977299185098952,4510,0.42262998,28.691796008869275,3436,0.45341018,29.772991850989612,not_significant
P15,Rod,Uba5,1.6003484,0.1439991,0.1095213226971051,0.250628146308563,0.12747380675203726,4510,0.15747672,11.574279379157574,3436,0.17265457,12.74738067520376,not_significant
P15,Rod,Rpl13a,1.5998535,0.07325956,0.10963109585821404,0.250772365963096,0.4310244470314319,4510,0.72340417,40.997782705101,3436,0.7498721,43.10244470314332,not_significant
P15,Rod,Gm26827,1.5956161,0.11373693,0.11057453782410724,0.2526072491007288,0.239813736903376,4510,0.32948184,22.549889135254826,3436,0.35224643,23.981373690337673,not_significant
P15,Rod,Xpa,1.5950114,0.14232035,0.1107096928400456,0.2528083407381884,0.1629802095459837,4510,0.2082452,15.033259423503415,3436,0.22754857,16.298020954598417,not_significant
P15,Rod,Nudt3,1.5941092,0.120726295,0.11091157161576445,0.2530737024744504,0.22788125727590222,4510,0.29618022,21.396895787139567,3436,0.31830794,22.788125727590288,not_significant
P15,Rod,Unc50,1.5940446,0.13891204,0.11092605853835055,0.2530737024744504,0.2060535506402794,4510,0.25427482,19.356984478935644,3436,0.27671483,20.605355064028,not_significant
P15,Rod,Pnn,1.5918522,0.09028733,0.11141791906602777,0.2539930802678168,0.49330616996507565,4510,0.7698234,48.026607538804534,3436,0.8039095,49.33061699650772,not_significant
P15,Rod,Btbd10,1.5911988,0.10565389,0.1115648328452018,0.25421995045949974,0.3457508731082654,4510,0.5059808,33.17073170731758,3436,0.5357064,34.575087310826646,not_significant
P15,Rod,Nedd4,1.5908653,0.08879109,0.11163989600269432,0.254282973315691,0.6231082654249127,4510,1.0592065,60.13303769401629,3436,1.0998384,62.31082654248912,not_significant
P15,Rod,Eif1ad,1.5900338,0.22273487,0.11182718746651577,0.2546014573728313,0.119906868451688,4510,0.13490039,10.975609756097688,3436,0.15574935,11.990686845168835,not_significant
P15,Rod,Rnf114,1.5895395,0.13759823,0.1119386250771572,0.2547461657243939,0.16530849825378346,4510,0.21129856,15.232815964523363,3436,0.23017973,16.530849825378393,not_significant
P15,Rod,Chchd1,1.588303,0.15215157,0.11221785034267483,0.2550578598466558,0.18859138533178113,4510,0.2354169,17.62749445676275,3436,0.25847942,18.859138533178168,not_significant
P15,Rod,Ankrd13c,1.5868095,0.12456301,0.1125558024911599,0.2553931152972004,0.23370197904540163,4510,0.31771392,22.062084257206063,3436,0.34196267,23.370197904540234,not_significant
P15,Rod,Saraf,1.5859566,0.16127783,0.11274915935715943,0.25550760067249817,0.16094295692665891,4510,0.19553152,14.900221729490115,3436,0.21632046,16.094295692665934,not_significant
P15,Rod,Rpl18a,1.5844898,0.079815805,0.11308229307528991,0.25593815192230174,0.4490686845168801,4510,0.78753585,43.10421286031184,3436,0.8180671,44.90686845168815,not_significant
P15,Rod,Gstp1,1.5826601,0.23486757,0.11349896063268518,0.2566449006007655,0.11030267753201398,4510,0.12140924,10.066518847006753,3436,0.14142086,11.030267753201427,not_significant
P15,Rod,Erbin,1.5824885,0.096404634,0.1135380964067145,0.2566449006007655,0.3044237485448196,4510,0.43372354,28.669623059867057,3436,0.45775163,30.442374854482047,not_significant
P15,Rod,Nek9,1.5812112,0.14334424,0.11382974686038082,0.2570874788038243,0.220023282887078,4510,0.30255428,20.79822616407972,3436,0.32946116,22.002328288707865,not_significant
P15,Rod,Swi5,1.5803095,0.13898444,0.11403599264792035,0.2573365858491564,0.21303841676367868,4510,0.273229,20.02217294900214,3436,0.29711944,21.30384167636793,not_significant
P15,Rod,Yipf3,1.578965,0.1432576,0.11434408998297195,0.25770659607926955,0.14289871944121071,4510,0.17201695,13.082039911308357,3436,0.18838058,14.28987194412111,not_significant
P15,Rod,Ccdc14,1.5783325,0.07601728,0.11448923863232442,0.25781987150848307,0.10215366705471478,4510,0.1299477,9.046563192904728,3436,0.13651909,10.215366705471505,not_significant
P15,Rod,Tut4,1.5777711,0.08385488,0.11461821422857145,0.25794501867508907,0.4740977881257276,4510,0.7609306,46.25277161862699,3436,0.7923159,47.4097788125729,not_significant
P15,Rod,Nxnl1,1.5776665,0.082124375,0.1146422305222618,0.25794501867508907,0.6161233993015134,4510,1.0831379,60.177383592020725,3436,1.121152,61.61233993014932,not_significant
P15,Rod,Hnrnph2,1.5773021,0.1361331,0.1147260364021213,0.2580253497949596,0.20343422584400467,4510,0.25508475,19.06873614190683,3436,0.27712005,20.343422584400525,not_significant
P15,Rod,Rab11b,1.5766724,0.14174007,0.1148709031726345,0.25824288542246915,0.20663562281722933,4510,0.26193157,19.401330376940077,3436,0.2854419,20.663562281722996,not_significant
P15,Rod,Stox2,1.576019,0.108566724,0.11502142195404749,0.25847293982467984,0.32916181606519207,4510,0.51216584,31.419068736142254,3436,0.543011,32.91618160651931,not_significant
P15,Rod,Rho,1.5743337,-0.015816022,0.11541033650419938,0.25912978024634803,0.9924330616996507,4510,3.9725614,99.57871396896448,3436,3.9618049,99.243306169956,not_significant
P15,Rod,Arl1,1.5727122,0.14829351,0.11578547431324267,0.2597546148959572,0.18946449359720605,4510,0.23061483,17.738359201773836,3436,0.252666,18.94644935972066,not_significant
P15,Rod,Mex3c,1.5720092,0.18016338,0.11594840679635897,0.26001139383598226,0.12310826542491268,4510,0.14851248,11.241685144124304,3436,0.166703,12.310826542491302,not_significant
P15,Rod,Mrpl24,1.571783,0.18361957,0.11600090396137386,0.2600204132255785,0.1239813736903376,4510,0.14399521,11.308203991130958,3436,0.16203399,12.398137369033794,not_significant
P15,Rod,Snrpd2,1.5668883,0.13675328,0.11714079275497405,0.26193147865164174,0.239813736903376,4510,0.32744086,22.749445676274778,3436,0.35482603,23.981373690337673,not_significant
P15,Rod,Itm2b,1.5668641,0.101029746,0.11714646108972569,0.26193147865164174,0.33236321303841676,4510,0.47442064,31.86252771618664,3436,0.50145394,33.23632130384178,not_significant
P15,Rod,Csnk2b,1.5664219,0.14967763,0.1172498961643847,0.26205351792739984,0.14493597206053552,4510,0.16763173,13.32594235033274,3436,0.18436314,14.493597206053591,not_significant
P15,Rod,Cox6c,1.5653673,0.09969716,0.1174968077006444,0.2624959918809898,0.5454016298020955,4510,1.0955825,52.527716186255056,3436,1.1421113,54.54016298020885,not_significant
P15,Rod,Ipo5,1.5638725,0.14027369,0.11784751374420448,0.263169884980813,0.1650174621653085,4510,0.2113723,15.25498891352558,3436,0.23064089,16.501746216530897,not_significant
P15,Rod,Dcps,1.5635884,0.18523164,0.11791425859309798,0.26320935626024866,0.10040745052386496,4510,0.1205365,9.02439024390251,3436,0.1359737,10.040745052386523,not_significant
P15,Rod,Ptges3,1.5597177,0.11862347,0.11882662196970054,0.26491521207210045,0.2817229336437718,4510,0.3728418,26.91796008869173,3436,0.39916396,28.172293364377264,not_significant
P15,Rod,Radil,1.5591425,0.103053026,0.11896265654668241,0.2651083048260924,0.17316647264260768,4510,0.23273025,15.853658536585428,3436,0.24798715,17.31664726426082,not_significant
P15,Rod,Mysm1,1.5567505,0.13068816,0.11952973004889583,0.2660404448059242,0.2590221187427241,4510,0.36145145,24.58980044345875,3436,0.38980705,25.902211874272485,not_significant
P15,Rod,Tmem33,1.5562059,0.20035322,0.11965913326106849,0.2662179970188185,0.12922002328288706,4510,0.1506556,11.884700665188625,3436,0.17127723,12.922002328288743,not_significant
P15,Rod,Serf2,1.5552622,0.08957754,0.11988362274011387,0.2666068625115965,0.409487776484284,4510,0.6661367,38.95787139689683,3436,0.69681287,40.94877764842853,not_significant
P15,Rod,Spopl,1.5528563,0.19847177,0.12045745785314413,0.26756983222431996,0.10622817229336438,4510,0.1353372,9.645232815964611,3436,0.15383321,10.622817229336466,not_significant
P15,Rod,Cox7b,1.5522805,0.09127173,0.12059511406747672,0.2677451125239839,0.41530849825378346,4510,0.6605606,40.06651884700779,3436,0.6916443,41.530849825378475,not_significant
P15,Rod,Mrps14,1.5502292,0.12306334,0.12108651742121554,0.2685027199038446,0.20285215366705472,4510,0.2560798,18.891352549889096,3436,0.2759972,20.28521536670553,not_significant
P15,Rod,Bicd1,1.5484993,0.15715097,0.12150212124036026,0.2689247164378503,0.10389988358556461,4510,0.13817313,9.33481152993356,3436,0.15291558,10.389988358556488,not_significant
P15,Rod,Mrpl22,1.5483938,0.18509668,0.12152750049316727,0.2689247164378503,0.11554132712456344,4510,0.13016675,10.509977827051111,3436,0.14673662,11.554132712456376,not_significant
P15,Rod,Emc7,1.5461361,0.096058026,0.12207168752412766,0.26979502755641566,0.42258440046565776,4510,0.6509746,41.197339246120976,3436,0.6833856,42.2584400465659,not_significant
P15,Rod,Trappc12,1.5453442,0.101355135,0.12226300774604866,0.26999537815965624,0.16618160651920838,4510,0.21798928,15.232815964523363,3436,0.23214394,16.618160651920885,not_significant
P15,Rod,Luc7l,1.5447468,0.09414259,0.1224075367445396,0.2700921542977007,0.30151338766006985,4510,0.4187394,28.603104212860398,3436,0.44154721,30.151338766007076,not_significant
P15,Rod,Ascc3,1.5440686,0.10447928,0.12257173054290009,0.2701784588115564,0.34342258440046564,4510,0.52988297,33.12638580931314,3436,0.5603082,34.34225844004667,not_significant
P15,Rod,Ddt,1.5440414,0.16979803,0.12257830447642704,0.2701784588115564,0.16327124563445866,4510,0.19964115,15.25498891352558,3436,0.22199345,16.327124563445913,not_significant
P15,Rod,Bub3,1.543456,0.1282064,0.12272017551804708,0.2703371751452996,0.1568684516880093,4510,0.19559258,14.434589800443568,3436,0.21196781,15.686845168800975,not_significant
P15,Rod,Ergic2,1.5410872,0.11825324,0.12329558229343966,0.2711592879959042,0.19761350407450523,4510,0.25566235,18.447893569844766,3436,0.2747493,19.761350407450582,not_significant
P15,Rod,Zdhhc7,1.5375829,0.2180208,0.12415063270400148,0.27270433817537426,0.11263096623981374,4510,0.13530114,10.288248337028932,3436,0.1557354,11.263096623981404,not_significant
P15,Rod,Psmc1,1.5366192,0.14537072,0.12438657987953765,0.27311077137692996,0.15948777648428406,4510,0.1994938,14.767184035476816,3436,0.21848553,15.94877764842845,not_significant
P15,Rod,Akr1e1,1.5342147,0.10644247,0.12497684640501171,0.2741823329719766,0.22438882421420256,4510,0.29438943,20.97560975609745,3436,0.31372774,22.438882421420324,not_significant
P15,Rod,Ift43,1.5331869,0.10206441,0.12522981869702032,0.27447316544331224,0.33265424912689173,4510,0.47127366,32.21729490022215,3436,0.49844983,33.26542491268928,not_significant
P15,Rod,Rlim,1.5330524,0.19431645,0.1252629211419143,0.27447316544331224,0.11816065192083819,4510,0.14558212,10.820399113082162,3436,0.16492768,11.816065192083851,not_significant
P15,Rod,Rars2,1.5325533,0.09222785,0.12538595288079735,0.27463056400677704,0.2139115250291036,4510,0.29942146,19.800443458979974,3436,0.31635883,21.391152502910423,not_significant
P15,Rod,Srsf3,1.5312545,0.07517761,0.12570648647818256,0.27510795327171406,0.5259022118742724,4510,0.83353096,51.28603104213077,3436,0.8633296,52.59022118742691,not_significant
P15,Rod,Cuta,1.5307034,0.17012495,0.1258427197746477,0.275293780126921,0.15541327124563445,4510,0.18425442,14.456762749445783,3436,0.20509657,15.54132712456349,not_significant
P15,Rod,6720427I07Rik,1.5293825,0.11936049,0.12616966486988004,0.2757840596422317,0.22467986030267753,4510,0.30944738,21.24168514412405,3436,0.3321439,22.46798603026782,not_significant
P15,Rod,Dnajc3,1.5284532,0.10971056,0.12640003376835862,0.27600772615887803,0.22933643771827705,4510,0.30557895,21.507760532150648,3436,0.32616967,22.933643771827775,not_significant
P15,Rod,Ccdc107,1.5283473,0.081471756,0.12642635778753977,0.27600772615887803,0.44615832363213037,4510,0.6750538,43.41463414634291,3436,0.7031725,44.61583236321317,not_significant
P15,Rod,Gpatch1,1.5274838,0.15485515,0.1266407578474747,0.2763633137078333,0.11903376018626309,4510,0.15109573,10.84257206208438,3436,0.16686077,11.903376018626343,not_significant
P15,Rod,Sbds,1.5266328,0.12347843,0.12685234366670362,0.2767124731306215,0.14639115250291035,4510,0.18178569,13.414634146341605,3436,0.19652952,14.639115250291077,not_significant
P15,Rod,Ube2i,1.5257998,0.15697777,0.12705974514559337,0.2770522247808792,0.19674039580908032,4510,0.2436049,18.536585365853632,3436,0.26815334,19.67403958090809,not_significant
P15,Rod,Esd,1.5224198,0.13034174,0.1279039226665873,0.2786663855335395,0.2552386495925495,4510,0.3350065,24.456762749445453,3436,0.36156684,25.52386495925502,not_significant
P15,Rod,Rpl26,1.5214695,0.07605644,0.12814207302236913,0.2789586362386315,0.5014551804423748,4510,0.91931254,47.782705099780124,3436,0.9513392,50.14551804423761,not_significant
P15,Rod,Ofd1,1.520672,0.12079018,0.1283421807333827,0.2792809158027849,0.1871362048894063,4510,0.24849842,17.405764966740588,3436,0.26753122,18.713620488940684,not_significant
P15,Rod,Mapk8,1.5193169,0.106276006,0.12868275634218312,0.27990847729905527,0.28463329452852154,4510,0.40975702,27.272727272727238,3436,0.43513244,28.463329452852236,not_significant
P15,Rod,Hspe1,1.5189772,0.14796534,0.12876825832825353,0.27998092325608104,0.1920838183934808,4510,0.2409167,18.115299334811517,3436,0.26377657,19.208381839348135,not_significant
P15,Rod,Lrrc73,1.5185195,0.17648338,0.12888348151852402,0.2801179071577645,0.11379511059371362,4510,0.12823537,10.354767184035586,3436,0.14377517,11.379511059371392,not_significant
P15,Rod,Pggt1b,1.5179694,0.13020322,0.12902211505725017,0.2802321301470299,0.17112922002328287,4510,0.21924128,15.875831485587643,3436,0.23766467,17.112922002328336,not_significant
P15,Rod,Gadd45gip1,1.516843,0.1832408,0.1293063350901388,0.2804941843120437,0.13038416763678695,4510,0.1503434,11.995565410199713,3436,0.16907157,13.03841676367873,not_significant
P15,Rod,Bin1,1.5167965,0.07571546,0.1293180681960634,0.2804941843120437,0.6580325960419092,4510,1.1658638,64.56762749446015,3436,1.2022817,65.80325960418811,not_significant
P15,Rod,Idh3b,1.514669,0.13874745,0.12985626410145168,0.2814981566505451,0.2031431897555297,4510,0.2539087,19.113082039911262,3436,0.27629295,20.31431897555303,not_significant
P15,Rod,Cct6a,1.514552,0.104140505,0.1298858944276844,0.2814981566505451,0.3044237485448196,4510,0.41378322,29.113082039911443,3436,0.43883187,30.442374854482047,not_significant
P15,Rod,Dnajc18,1.5082355,0.10655113,0.13149428142760758,0.2842947704867743,0.26862630966239814,4510,0.36449793,25.410199556540814,3436,0.38764155,26.86263096623989,not_significant
P15,Rod,Zfp612,1.5075432,0.16974692,0.13167147487080333,0.2845631713162728,0.1260186263096624,4510,0.1625103,11.574279379157574,3436,0.18106543,12.601862630966274,not_significant
P15,Rod,Ebna1bp2,1.5059605,0.112724766,0.13207731412216583,0.2852104319449668,0.19965075669383003,4510,0.24511617,18.60310421286028,3436,0.26262844,19.96507566938306,not_significant
P15,Rod,Fip1l1,1.5028828,0.123295054,0.13286927323113704,0.2866897753868942,0.26338766006984865,4510,0.3602024,25.033259423503086,3436,0.3868304,26.338766006984944,not_significant
P15,Rod,Ube2r2,1.5016304,0.09504151,0.13319257472936072,0.28704096860116146,0.25145518044237486,4510,0.34721476,23.592017738359004,3436,0.36699367,25.14551804423756,not_significant
P15,Rod,Cdkn2aip,1.4989332,0.16592906,0.13389097376106915,0.2884301940780622,0.11728754365541327,4510,0.14026192,10.709534368071074,3436,0.15608756,11.72875436554136,not_significant
P15,Rod,Arih1,1.4971212,0.06849449,0.1343617207485121,0.28931586098191275,0.580908032596042,4510,1.0023215,57.272727272729995,3436,1.0326325,58.09080325960283,not_significant
P15,Rod,Zbtb44,1.4966506,0.11370384,0.13448419824665922,0.289359502364653,0.23632130384167638,4510,0.31497213,22.328159645232663,3436,0.33688682,23.632130384167706,not_significant
P15,Rod,Pgam5,1.4942616,0.14830953,0.13510726042441795,0.29011075322352675,0.11554132712456344,4510,0.13915849,10.509977827051111,3436,0.15312588,11.554132712456376,not_significant
P15,Rod,Tpgs2,1.4898078,0.15537132,0.13627478242704438,0.2918075580593477,0.17578579743888242,4510,0.21475802,16.518847006651924,3436,0.23649563,17.57857974388829,not_significant
P15,Rod,Zfyve27,1.4882088,0.121108465,0.13669583391258208,0.2925178180807532,0.14755529685681024,4510,0.1937887,13.592017738359338,3436,0.2090979,14.755529685681065,not_significant
P15,Rod,Snupn,1.488093,0.15363988,0.13672635359061322,0.2925178180807532,0.12194412107101281,4510,0.15138687,11.130820399113214,3436,0.16705008,12.194412107101314,not_significant
P15,Rod,Sox12,1.4863068,0.20210436,0.1371979966159506,0.29331608363808653,0.1149592549476135,4510,0.13992947,10.576496674057765,3436,0.15937513,11.495925494761382,not_significant
P15,Rod,Med6,1.4854336,0.114213765,0.13742901337512037,0.2936929194199783,0.2759022118742724,4510,0.3714994,26.341463414634024,3436,0.39674246,27.59022118742732,not_significant
P15,Rod,Mrps18c,1.4842441,0.16951478,0.137744177904638,0.29408125217228726,0.12485448195576251,4510,0.14363317,11.441241685144266,3436,0.160177,12.485448195576286,not_significant
P15,Rod,Lyar,1.4816942,0.078365125,0.13842166509471687,0.29510882812721034,0.5512223515715948,4510,0.9140274,53.17073170731942,3436,0.94692194,55.122235157158684,not_significant
P15,Rod,Rab4a,1.4810971,0.1488838,0.13858071485023749,0.2953305341504465,0.11030267753201398,4510,0.12712437,10.0000000000001,3436,0.14001831,11.030267753201427,not_significant
P15,Rod,Ctnna1,1.4806719,0.098885715,0.1386940149734019,0.29533731493343696,0.2977299185098952,4510,0.42283,28.492239467849302,3436,0.44699833,29.772991850989612,not_significant
P15,Rod,Rbbp7,1.4789426,0.15231624,0.13915565893147294,0.29614835294258357,0.13591385331781142,4510,0.16606234,12.527716186252944,3436,0.18295638,13.591385331781177,not_significant
P15,Rod,Smad1,1.4786469,0.14600855,0.1392347079156544,0.29614835294258357,0.12165308498253784,4510,0.15489797,11.108647450110997,3436,0.17006542,12.165308498253816,not_significant
P15,Rod,Ybx1,1.4786252,0.064404316,0.13924051941111032,0.29614835294258357,0.5561699650756694,4510,1.0104312,52.749445676277254,3436,1.0390513,55.61699650756604,not_significant
P15,Rod,Atp5e,1.4778651,0.08188295,0.1394438821830837,0.29646333096712685,0.34342258440046564,4510,0.56024957,32.32815964523324,3436,0.5849901,34.34225844004667,not_significant
P15,Rod,Sec61a2,1.4727031,0.114967294,0.1408311255079367,0.29888743281141217,0.17753201396973226,4510,0.23810104,16.518847006651924,3436,0.25552365,17.753201396973274,not_significant
P15,Rod,Pdcd10,1.4724385,0.121740125,0.14090252403814013,0.29888743281141217,0.21682188591385332,4510,0.28647602,20.46563192904647,3436,0.30817086,21.682188591385394,not_significant
P15,Rod,Vps72,1.4721143,0.12118251,0.14099000797994513,0.29888743281141217,0.18538998835855647,4510,0.23654827,17.31707317073172,3436,0.25483847,18.5389988358557,not_significant
P15,Rod,Mrpl28,1.4719667,0.14715631,0.14102984572067193,0.29888743281141217,0.1650174621653085,4510,0.19606785,15.432372505543313,3436,0.21500683,16.501746216530897,not_significant
P15,Rod,Shoc2,1.4706014,0.07961926,0.14139895051129459,0.2995513311779558,0.4106519208381839,4510,0.6185602,39.82261640798338,3436,0.64439577,41.065192083818516,not_significant
P15,Rod,Gid8,1.4687513,0.17157742,0.14190024021137562,0.3003760412367083,0.10942956926658906,4510,0.12868002,9.955654101995663,3436,0.14381377,10.942956926658935,not_significant
P15,Rod,Hmg20a,1.4672308,0.061703045,0.14231326860682456,0.3008941162029984,0.24854481955762514,4510,0.35054755,23.015521064301375,3436,0.36338553,24.85448195576259,not_significant
P15,Rod,Cct7,1.4667985,0.14325288,0.14243087337623594,0.3010241153625412,0.19353899883585565,4510,0.23819356,18.270509977827032,3436,0.2600783,19.35389988358562,not_significant
P15,Rod,Lactbl1,1.4662724,0.091060296,0.14257409235666477,0.3010895399217125,0.32363213038416766,4510,0.47992507,30.931263858093427,3436,0.5044566,32.36321303841686,not_significant
P15,Rod,Parn,1.4655038,0.07738939,0.1427835178112744,0.30141314031470917,0.16152502910360886,4510,0.21304482,14.789356984479033,3436,0.22356313,16.15250291036093,not_significant
P15,Rod,Ppid,1.4646904,0.130377,0.1430054011678542,0.3016582686874348,0.15250291036088476,4510,0.18474256,14.10199556541032,3436,0.20057055,15.250291036088518,not_significant
P15,Rod,Rps27l,1.4639131,0.1779418,0.14321771159868063,0.3017587023696672,0.1621071012805588,4510,0.19523674,15.210643015521146,3436,0.21825172,16.210710128055926,not_significant
P15,Rod,Psmb1,1.4636774,0.10955467,0.14328212549139382,0.3017587023696672,0.2892898719441211,4510,0.38799676,27.915742793791598,3436,0.4130521,28.928987194412194,not_significant
P15,Rod,Atp6ap2,1.4636678,0.10621183,0.1432847529708319,0.3017587023696672,0.23108265424912688,4510,0.30064476,21.88470066518833,3436,0.32028818,23.10826542491276,not_significant
P15,Rod,Commd10,1.4602728,0.1088098,0.14421512560192085,0.3031230147839747,0.17258440046565773,4510,0.24459621,15.986696230598726,3436,0.2614511,17.258440046565823,not_significant
P15,Rod,Ganc,1.4581623,0.12571433,0.14479581852386547,0.30422306629426504,0.16239813736903377,4510,0.21736313,15.077605321507848,3436,0.23499398,16.23981373690342,not_significant
P15,Rod,Rd3,1.4575895,0.088842764,0.14495371804933938,0.30422306629426504,0.39435389988358555,4510,0.58364135,38.55875831485688,3436,0.6113374,39.43538998835868,not_significant
P15,Rod,Nup50,1.4556237,0.216952,0.1454966499545658,0.3047825277430354,0.10128055878928988,4510,0.12133177,9.246119733924688,3436,0.13970365,10.128055878929015,not_significant
P15,Rod,Szrd1,1.4555659,0.15446253,0.1455126550820564,0.3047825277430354,0.1350407450523865,4510,0.16580676,12.439024390244073,3436,0.18292569,13.504074505238686,not_significant
P15,Rod,Tm2d2,1.4553483,0.1261778,0.14557286280344084,0.3047825277430354,0.18044237485448195,4510,0.21937774,16.873614190687388,3436,0.23722139,18.044237485448246,not_significant
P15,Rod,Slc25a16,1.4539856,0.17514573,0.14595029989201694,0.3053048834120107,0.10564610011641444,4510,0.12569854,9.600886917960176,3436,0.14083008,10.564610011641472,not_significant
P15,Rod,Ss18l2,1.453626,0.1273903,0.14605002439135337,0.3053048834120107,0.21623981373690337,4510,0.28041935,20.46563192904647,3436,0.30274275,21.623981373690402,not_significant
P15,Rod,Ttc1,1.4529358,0.17205584,0.1462415669288154,0.3055861959509801,0.12456344586728754,4510,0.15063827,11.463414634146483,3436,0.16819574,12.45634458672879,not_significant
P15,Rod,Glt28d2,1.4506588,0.15675208,0.14687489842513876,0.3067900915702665,0.11554132712456344,4510,0.13981487,10.576496674057765,3436,0.15467979,11.554132712456376,not_significant
P15,Rod,Rundc3a,1.4502062,0.16364703,0.1470010369822438,0.30693404529885393,0.10011641443538999,4510,0.11725518,9.046563192904728,3436,0.13045737,10.011641443539025,not_significant
P15,Rod,Ppp3ca,1.4474367,0.06185112,0.14777466197268113,0.30830911418092843,0.6987776484284052,4510,1.3487579,68.93569844789737,3436,1.3806778,69.87776484283694,not_significant
P15,Rod,Zfp869,1.4471225,0.13147742,0.14786264475797553,0.30830911418092843,0.1658905704307334,4510,0.21346286,15.52106430155218,3436,0.23163725,16.58905704307339,not_significant
P15,Rod,Raly,1.4461513,0.09560454,0.14813476797857814,0.308486107136201,0.30384167636786963,4510,0.41604206,28.980044345898126,3436,0.43909293,30.38416763678705,not_significant
P15,Rod,E130307A14Rik,1.443551,0.09998675,0.14886534817281608,0.30974155453800833,0.2959837019790454,4510,0.45800492,28.093126385809352,3436,0.48403323,29.59837019790463,not_significant
P15,Rod,Cnga1,1.4430479,0.03750326,0.1490069850846137,0.3098481763536286,0.9508149010477299,4510,2.517054,94.58980044346514,3436,2.5409813,95.0814901047647,not_significant
P15,Rod,Rps17,1.4427494,0.07436053,0.14909107761352228,0.3098506549085368,0.42054714784633296,4510,0.7226731,40.50997782705218,3436,0.7495259,42.054714784633425,not_significant
P15,Rod,Drap1,1.4394069,0.1199879,0.15003526435485023,0.31157148974038584,0.21420256111757857,4510,0.27484316,20.199556541019874,3436,0.29546988,21.420256111757922,not_significant
P15,Rod,Ap5m1,1.438816,0.17028573,0.15020268212597906,0.311677828597196,0.1318393480791618,4510,0.167888,12.195121951219676,3436,0.18706541,13.183934807916216,not_significant
P15,Rod,Sec61b,1.4384397,0.14297608,0.15030934140973592,0.31167937507341525,0.1958672875436554,4510,0.24778132,18.60310421286028,3436,0.27038833,19.5867287543656,not_significant
P15,Rod,Maea,1.43718,0.16179769,0.15066685050893935,0.31219670611164174,0.11263096623981374,4510,0.14020334,10.288248337028932,3436,0.1556097,11.263096623981404,not_significant
P15,Rod,Rad17,1.4371142,0.110725574,0.1506855466299479,0.31219670611164174,0.1818975552968568,4510,0.24205229,16.94013303769404,3436,0.25905642,18.189755529685733,not_significant
P15,Rod,Cep126,1.435647,0.09606866,0.15110281119371394,0.31281955972330433,0.3279976717112922,4510,0.5010182,31.374722838137814,3436,0.527793,32.79976717112932,not_significant
P15,Rod,Man1a2,1.4345893,0.09909274,0.15140415887224506,0.3132016614696192,0.17054714784633296,4510,0.22374499,15.742793791574345,3436,0.23789841,17.054714784633344,not_significant
P15,Rod,Nfs1,1.433981,0.15490007,0.15157771370840345,0.3134398058334141,0.1510477299185099,4510,0.1945231,14.057649667405887,3436,0.21436135,15.104772991851032,not_significant
P15,Rod,Mettl15,1.4330908,0.17255934,0.1518318752500784,0.3138006817710597,0.10215366705471478,4510,0.13862737,9.290465631929125,3436,0.1549407,10.215366705471505,not_significant
P15,Rod,Nufip2,1.4325509,0.07701642,0.15198621410521967,0.3138006817710597,0.4426658905704307,4510,0.67440814,43.1707317073185,3436,0.70095134,44.26658905704321,not_significant
P15,Rod,Acat1,1.4323463,0.10001897,0.15204473749496347,0.3138006817710597,0.34749708963911524,4510,0.5193922,33.48115299334865,3436,0.5480594,34.74970896391163,not_significant
P15,Rod,Tprkb,1.4318962,0.14675426,0.15217351754730418,0.3139456723552845,0.12922002328288706,4510,0.15935072,11.906873614190843,3436,0.17500032,12.922002328288743,not_significant
P15,Rod,Slc25a36,1.4307716,0.17493704,0.15249568454432674,0.31417397931503327,0.12660069848661235,4510,0.16053756,11.685144124168662,3436,0.17947699,12.660069848661267,not_significant
P15,Rod,Zrsr2,1.4305584,0.12030565,0.15255681850292976,0.31417397931503327,0.16618160651920838,4510,0.20683876,15.45454545454553,3436,0.22295742,16.618160651920885,not_significant
P15,Rod,Mkrn1,1.4304879,0.116354376,0.15257703507003387,0.31417397931503327,0.21973224679860304,4510,0.2823371,20.776053215077503,3436,0.30278695,21.97322467986037,not_significant
P15,Rod,Ypel5,1.4277303,0.10790532,0.15336950823202788,0.31535621246190343,0.13853317811408614,4510,0.16969472,12.705099778270675,3436,0.18174312,13.853317811408653,not_significant
P15,Rod,Bloc1s1,1.427593,0.18418981,0.1534090372283294,0.31535621246190343,0.10040745052386496,4510,0.11044579,9.1352549889136,3436,0.12458486,10.040745052386523,not_significant
P15,Rod,Top1,1.4273136,0.077341475,0.15348953849207508,0.31535621246190343,0.5256111757857974,4510,0.8726731,51.75166297117738,3436,0.90423083,52.56111757857942,not_significant
P15,Rod,Anapc11,1.4267836,0.13123934,0.1536423006418676,0.31551964036867447,0.139988358556461,4510,0.16401991,12.926829268292842,3436,0.17832364,13.998835855646139,not_significant
P15,Rod,Phf5a,1.425437,0.15641184,0.15403091077225423,0.3161191085851355,0.13009313154831198,4510,0.1498575,11.995565410199713,3436,0.16566846,13.009313154831235,not_significant
P15,Rod,Heatr5a,1.4248548,0.07768793,0.15419919520454295,0.31629999352855387,0.54976717112922,4510,0.9501835,53.48115299335049,3436,0.9835522,54.97671711292122,not_significant
P15,Rod,Zfp788,1.4233454,0.15192847,0.1546360337503781,0.31684282743841935,0.14260768335273574,4510,0.17717986,13.237250554323873,3436,0.19505116,14.260768335273614,not_significant
P15,Rod,Atp13a3,1.421071,0.09229479,0.15529610250392073,0.31784326227348203,0.3518626309662398,4510,0.5206586,33.83592017738416,3436,0.5471188,35.18626309662409,not_significant
P15,Rod,Ints7,1.4204931,0.14230137,0.1554641856635975,0.3180434370326228,0.1589057043073341,4510,0.21369481,14.878048780487898,3436,0.23344378,15.890570430733456,not_significant
P15,Rod,Anp32e,1.4190905,0.0847768,0.15587264013792898,0.3187574691955208,0.6385331781140862,4510,1.1560534,60.975609756100624,3436,1.1966927,63.85331781140617,not_significant
P15,Rod,Emc8,1.4156008,0.106695645,0.15689242994179586,0.3206073326512962,0.16618160651920838,4510,0.20632982,15.410199556541096,3436,0.22053902,16.618160651920885,not_significant
P15,Rod,Mien1,1.415586,0.13399051,0.15689676513975626,0.3206073326512962,0.1490104772991851,4510,0.1761342,13.858093126385937,3436,0.19172937,14.90104772991855,not_significant
P15,Rod,Ppp2ca,1.415274,0.09584256,0.15698817377789853,0.3206379490094487,0.3105355064027939,4510,0.42416012,29.889135254989117,3436,0.44762734,31.053550640279486,not_significant
P15,Rod,Arpc5,1.4151269,0.14328599,0.15703129978520167,0.3206379490094487,0.12543655413271246,4510,0.1494891,11.529933481153137,3436,0.16388364,12.54365541327128,not_significant
P15,Rod,Zfp329,1.4114655,0.080041654,0.15810737814331843,0.32197721198206536,0.33643771827706637,4510,0.47501603,32.01773835920218,3436,0.49635792,33.643771827706736,not_significant
P15,Rod,Akr1a1,1.4104134,0.11699518,0.15841764629506438,0.3223642847976955,0.2217694994179278,4510,0.28790224,21.06430155210632,3436,0.3088144,22.17694994179285,not_significant
P15,Rod,Sfpq,1.4081225,0.07903029,0.1590947933346729,0.3234967670383569,0.41850989522700816,4510,0.6167395,40.19955654102111,3436,0.6423282,41.85098952270094,not_significant
P15,Rod,Taok2,1.4065576,0.15394832,0.15955863970267747,0.3240713908993419,0.13125727590221187,4510,0.16351071,12.106430155210804,3436,0.18035445,13.125727590221222,not_significant
P15,Rod,Phf8,1.4051648,0.097589634,0.1599722843867808,0.32476728662236926,0.259604190919674,4510,0.35489675,24.567627494456534,3436,0.3755891,25.96041909196748,not_significant
P15,Rod,Brix1,1.4049964,0.104344964,0.1600223599073307,0.32476728662236926,0.11757857974388825,4510,0.14518675,10.687361419068855,3436,0.15527205,11.757857974388857,not_significant
P15,Rod,Eya3,1.4044124,0.07572501,0.16019610061814082,0.32499693030094834,0.23108265424912688,4510,0.32863745,21.5742793791573,3436,0.3436193,23.10826542491276,not_significant
P15,Rod,Mepce,1.4037274,0.16953422,0.16040002068732506,0.3250534450412081,0.10244470314318975,4510,0.12100845,9.33481152993356,3436,0.13512038,10.244470314319003,not_significant
P15,Rod,Faf2,1.4034796,0.075108245,0.16047387240648958,0.32506867507115184,0.20547147846332944,4510,0.27509606,19.157427937915696,3436,0.28786656,20.547147846333004,not_significant
P15,Rod,Hsdl1,1.4028882,0.13665631,0.16065018073002735,0.32530297071946646,0.15832363213038417,4510,0.1973393,14.767184035476816,3436,0.21497597,15.83236321303846,not_significant
P15,Rod,Lsm2,1.4014044,0.14049873,0.1610931820744228,0.326076916470643,0.10564610011641444,4510,0.12164797,9.623059866962395,3436,0.13329571,10.564610011641472,not_significant
P15,Rod,Cops6,1.4006516,0.1553431,0.1613182731796693,0.3262862810466614,0.1330034924330617,4510,0.1542847,12.328159645232983,3436,0.17040804,13.300349243306206,not_significant
P15,Rod,Rfx3,1.399453,0.07988315,0.16167718437611134,0.32670016582963834,0.5413271245634459,4510,0.9384273,53.0376940133061,3436,0.9724985,54.13271245634397,not_significant
P15,Rod,Trappc3,1.3986065,0.1730787,0.16193101287854417,0.3269092785398987,0.12281722933643772,4510,0.14172544,11.352549889135394,3436,0.15842809,12.281722933643806,not_significant
P15,Rod,Wdr7,1.3974262,0.08207203,0.16228542069640906,0.32726726326096217,0.3873690337601863,4510,0.5993538,37.53880266075479,3436,0.62540257,38.736903376018745,not_significant
P15,Rod,Atp6v1h,1.3957633,0.095724165,0.16278577734369293,0.3278170990254379,0.20343422584400467,4510,0.26920736,19.024390243902396,3436,0.28526878,20.343422584400525,not_significant
P15,Rod,Prkacb,1.3956879,0.10958234,0.16280849213343895,0.3278170990254379,0.1720023282887078,4510,0.22674899,15.986696230598726,3436,0.24263255,17.200232828870828,not_significant
P15,Rod,Glud1,1.3942511,0.11338893,0.16324178001346556,0.32849216797921954,0.15046565774155995,4510,0.19464399,13.90243902439037,3436,0.20900244,15.046565774156036,not_significant
P15,Rod,Uqcr11,1.3929468,0.102722764,0.1636358740239846,0.3289890660662119,0.29860302677532014,4510,0.45306826,28.758314855875934,3436,0.47960028,29.860302677532104,not_significant
P15,Rod,Uqcrq,1.3891002,0.07746958,0.16480229629315524,0.3308425116169411,0.44965075669383003,4510,0.7633428,42.705099778271894,3436,0.79236966,44.96507566938314,not_significant
P15,Rod,Smpd2,1.3884294,0.11888284,0.1650063143813738,0.3310404143707854,0.17840512223515717,4510,0.2269788,16.696230598669658,3436,0.24427013,17.840512223515766,not_significant
P15,Rod,Ndufb5,1.388345,0.10690618,0.16503202846264753,0.3310404143707854,0.2991850989522701,4510,0.4301573,28.913525498891467,3436,0.45669186,29.918509895227096,not_significant
P15,Rod,Ing2,1.3881605,0.12293349,0.16508820067894314,0.3310404143707854,0.21623981373690337,4510,0.28496993,20.509977827050903,3436,0.30678564,21.623981373690402,not_significant
P15,Rod,Tmem186,1.387209,0.12995203,0.16537803122844885,0.33137383620074695,0.1108847497089639,4510,0.14007571,10.110864745011188,3436,0.15232056,11.08847497089642,not_significant
P15,Rod,Msantd2,1.3861527,0.17679411,0.1657002629626182,0.3317334452923548,0.12194412107101281,4510,0.15689611,11.308203991130958,3436,0.1756497,12.194412107101314,not_significant
P15,Rod,Pgap3,1.3850046,0.13059025,0.16605104667190163,0.33197831321210597,0.14668218859138532,4510,0.19010891,13.658536585365988,3436,0.2063785,14.668218859138573,not_significant
P15,Rod,Ubac2,1.3834116,0.10654757,0.16653868185012255,0.3326142281216491,0.2011059371362049,4510,0.27820417,18.891352549889096,3436,0.29664782,20.11059371362055,not_significant
P15,Rod,Hdlbp,1.383359,0.10965582,0.1665548205221422,0.3326142281216491,0.20867287543655413,4510,0.27485394,19.667405764966674,3436,0.29365408,20.867287543655475,not_significant
P15,Rod,Mcrs1,1.3828026,0.1051463,0.16672539242446827,0.3327064750613273,0.14348079161816066,4510,0.17463627,13.237250554323873,3436,0.1866781,14.348079161816104,not_significant
P15,Rod,Pphln1,1.38252,0.10883595,0.1668121192731029,0.33275463000331706,0.14930151338766007,4510,0.19174708,13.791574279379287,3436,0.20532669,14.930151338766048,not_significant
P15,Rod,Malat1,1.381631,0.0131012425,0.16708503380202766,0.3328050951778969,0.9982537834691502,4510,6.0232353,99.95565410200221,3436,6.032299,99.82537834690584,not_significant
P15,Rod,Srp9,1.3813957,0.12499099,0.1671573348467068,0.33282551748987943,0.20867287543655413,4510,0.2619901,19.733924611973325,3436,0.2826343,20.867287543655475,not_significant
P15,Rod,Rab12,1.377394,0.10614247,0.1683904669277385,0.3347979049312591,0.1679278230500582,4510,0.22680241,15.587583148558828,3436,0.24217609,16.79278230500587,not_significant
P15,Rod,Sar1b,1.377371,0.12154675,0.16839760393447745,0.3347979049312591,0.24563445867287545,4510,0.32066873,23.56984478935679,3436,0.34449723,24.563445867287616,not_significant
P15,Rod,Thoc7,1.3748786,0.09983124,0.16916908015339882,0.335958143629334,0.28754365541327126,4510,0.40552658,27.782705099778283,3436,0.42913157,28.75436554132721,not_significant
P15,Rod,Mtpap,1.3743238,0.12719886,0.16934117801118653,0.336175454793488,0.14813736903376018,4510,0.19273268,13.747228381374853,3436,0.20876098,14.813736903376059,not_significant
P15,Rod,Smn1,1.3675753,0.128016,0.17144507334525905,0.3393473702671474,0.10651920838183934,4510,0.12849289,9.711751662971265,3436,0.13961934,10.651920838183964,not_significant
P15,Rod,Cox6b1,1.3665322,0.097340554,0.17177199474351912,0.33956055691936066,0.33440046565774156,4510,0.5311629,32.52771618625322,3436,0.55952066,33.44004656577425,not_significant
P15,Rod,Cep95,1.3654789,0.07577397,0.1721025930761002,0.3400214767072566,0.17433061699650756,4510,0.23770982,16.164079822616458,3436,0.2490544,17.433061699650807,not_significant
P15,Rod,Tmem67,1.3643504,0.11152919,0.1724573063504824,0.34036382000610493,0.19150174621653085,4510,0.2581364,18.004434589800432,3436,0.27625698,19.15017462165314,not_significant
P15,Rod,Pigb,1.3643173,0.13313662,0.17246773545225913,0.34036382000610493,0.10215366705471478,4510,0.1311895,9.290465631929125,3436,0.14300548,10.215366705471505,not_significant
P15,Rod,Jmjd1c,1.3640213,0.052599937,0.1725608628553228,0.34036382000610493,0.5861466821885913,4510,1.0357853,58.71396895787425,3436,1.0594546,58.61466821885768,not_significant
P15,Rod,Dhx30,1.3638953,0.10258485,0.17260051781615937,0.34036382000610493,0.26047729918509893,4510,0.35540453,24.745011086474268,3436,0.37720802,26.047729918509972,not_significant
P15,Rod,Snrpe,1.3635929,0.1229529,0.17269572330477734,0.34036382000610493,0.20168800931315484,4510,0.25516447,19.113082039911262,3436,0.27500153,20.16880093131554,not_significant
P15,Rod,Tmem185a,1.3635157,0.1884395,0.17272004438042832,0.34036382000610493,0.11059371362048893,4510,0.12784424,10.19955654102006,3436,0.14445068,11.059371362048925,not_significant
P15,Rod,Sirt4,1.3623352,0.11429302,0.17309211424929372,0.34097175939523006,0.2229336437718277,4510,0.30146843,21.263858093126267,3436,0.32269928,22.293364377182836,not_significant
P15,Rod,Srp19,1.3615458,0.12331463,0.17334126487509705,0.3413372044016228,0.20372526193247964,4510,0.26199317,19.268292682926777,3436,0.28235158,20.37252619324802,not_significant
P15,Rod,Adam10,1.360833,0.106963634,0.17356645262274872,0.3416552116948346,0.22206053550640278,4510,0.30630004,20.953436807095237,3436,0.32640094,22.206053550640345,not_significant
P15,Rod,Lrrc4,1.3605405,0.11143609,0.17365893799425391,0.3417118647839978,0.11350407450523865,4510,0.14933664,10.332594235033369,3436,0.16041477,11.350407450523896,not_significant
P15,Rod,Ska2,1.359576,0.119362906,0.17396412649742132,0.3421270395243157,0.19266589057043074,4510,0.24793555,18.2261640798226,3436,0.26669914,19.26658905704313,not_significant
P15,Rod,Snrpg,1.3594706,0.10579469,0.17399749511974894,0.3421270395243157,0.22351571594877764,4510,0.29680377,21.1751662971174,3436,0.31615564,22.351571594877832,not_significant
P15,Rod,Actl6a,1.3587493,0.07824355,0.17422604116974139,0.342325452320327,0.18335273573923166,4510,0.23293814,17.028824833702906,3436,0.24445237,18.33527357392322,not_significant
P15,Rod,Cwc15,1.357548,0.11236492,0.17460716638359042,0.3429486783162135,0.24854481955762514,4510,0.324247,23.81374722838117,3436,0.3464303,24.85448195576259,not_significant
P15,Rod,Fam76b,1.3558242,0.1020199,0.1751551130275083,0.3436474126845481,0.18422584400465658,4510,0.24320672,17.161862527716202,3436,0.25890246,18.42258440046571,not_significant
P15,Rod,Srek1ip1,1.3546479,0.1658155,0.17552979108180045,0.34422558383718627,0.10710128055878929,4510,0.12881717,9.800443458980137,3436,0.14343122,10.710128055878958,not_significant
P15,Rod,Cebpg,1.3544961,0.15191987,0.175578150145142,0.34422558383718627,0.10419091967403958,4510,0.1260939,9.534368070953523,3436,0.13916366,10.419091967403986,not_significant
P15,Rod,Pgap2,1.3530898,0.12550798,0.1760269570782137,0.34485339582452096,0.12369033760186263,4510,0.16328965,11.374722838137611,3436,0.17689002,12.369033760186298,not_significant
P15,Rod,Tjp2,1.3517293,0.072823755,0.17646191955185764,0.3454944079478163,0.4770081490104773,4510,0.7747535,46.14190687361589,3436,0.80228597,47.70081490104788,not_significant
P15,Rod,Rpl5,1.3516636,0.07641493,0.17648297497707244,0.3454944079478163,0.37077997671711294,4510,0.5665868,35.76496674057724,3436,0.589842,37.0779976717114,not_significant
P15,Rod,Wdr35,1.3471237,0.115024984,0.1779403719297189,0.34783970664395486,0.2159487776484284,4510,0.29791012,20.532150776053122,3436,0.31906694,21.594877764842906,not_significant
P15,Rod,Snx32,1.346194,0.11931632,0.17823996739558245,0.34802018614605096,0.15162980209545984,4510,0.19947033,14.057649667405887,3436,0.21494158,15.162980209546026,not_significant
P15,Rod,Srsf1,1.346187,0.066245854,0.17824221495273151,0.34802018614605096,0.4851571594877765,4510,0.749783,47.02882483370466,3436,0.77426785,48.515715948777796,not_significant
P15,Rod,Vdac2,1.3461626,0.076952934,0.17825009553624416,0.34802018614605096,0.3850407450523865,4510,0.5614735,37.361419068737035,3436,0.58474,38.50407450523877,not_significant
P15,Rod,Grpel1,1.345343,0.10365631,0.17851448441119144,0.3483272806044492,0.17229336437718276,4510,0.21144505,16.09756097560981,3436,0.2255424,17.229336437718327,not_significant
P15,Rod,Gca,1.3404571,0.15191719,0.18009680635301062,0.3507767862300468,0.11437718277066357,4510,0.14444633,10.53215077605333,3436,0.15927126,11.437718277066388,not_significant
P15,Rod,Abcb7,1.3386152,0.101321414,0.18069598171888546,0.35180775306136636,0.23020954598370197,4510,0.33755365,21.929046563192763,3436,0.35818344,23.020954598370267,not_significant
P15,Rod,Rbm22,1.3377876,0.17008467,0.1809656832976695,0.35183044716598366,0.13911525029103608,4510,0.17336084,13.05986696230614,3436,0.1930805,13.911525029103647,not_significant
P15,Rod,Tia1,1.3374882,0.07450802,0.18106334627956033,0.35183044716598366,0.4519790454016298,4510,0.69836795,43.83592017738508,3436,0.7246578,45.19790454016312,not_significant
P15,Rod,Snf8,1.3373853,0.12911272,0.18109691734252065,0.35183044716598366,0.15512223515715948,4510,0.18686429,14.501108647450216,3436,0.2026955,15.512223515715991,not_significant
P15,Rod,Zkscan3,1.3367717,0.1136584,0.181297178498934,0.35196312315645123,0.23050058207217694,4510,0.31682938,22.01773835920163,3436,0.3388434,23.050058207217763,not_significant
P15,Rod,Vamp2,1.3367544,0.07888307,0.18130279761815848,0.35196312315645123,0.39551804423748543,4510,0.5859823,38.51441241685244,3436,0.61059886,39.55180442374866,not_significant
P15,Rod,Cdk12,1.3362033,0.09338738,0.18148280547921314,0.3520700790562384,0.3477881257275902,4510,0.51672876,33.83592017738416,3436,0.5433568,34.77881257275913,not_significant
P15,Rod,Timm23,1.333542,0.10173822,0.18235399995183366,0.35324913533464636,0.25,4510,0.33094946,23.858093126385604,3436,0.3513278,25.00000000000007,not_significant
P15,Rod,Insig2,1.3312967,0.14519197,0.18309139129818253,0.35422793537571795,0.1239813736903376,4510,0.15510419,11.485587583148702,3436,0.17020145,12.398137369033794,not_significant
P15,Rod,Acer3,1.3311993,0.19792835,0.18312342744162302,0.35422793537571795,0.11379511059371362,4510,0.15993036,10.53215077605333,3436,0.18143101,11.379511059371392,not_significant
P15,Rod,Stx12,1.3303311,0.13789669,0.18340919497153518,0.3546528196926153,0.11961583236321303,4510,0.14496513,11.019955654102125,3436,0.15840948,11.961583236321337,not_significant
P15,Rod,Dnajc12,1.326345,0.08731716,0.18472547287901253,0.35681218455996516,0.17520372526193248,4510,0.22230639,16.252771618625324,3436,0.23466636,17.5203725261933,not_significant
P15,Rod,Zkscan2,1.3217686,0.11092126,0.18624521726836862,0.3593594767724926,0.15162980209545984,4510,0.19978401,14.124168514412535,3436,0.21415272,15.162980209546026,not_significant
P15,Rod,Cfap36,1.3196093,0.07757105,0.18696549114768624,0.36040024019466393,0.3926076833527357,4510,0.585368,38.647450110865755,3436,0.6095497,39.260768335273696,not_significant
P15,Rod,Bcl7b,1.3195474,0.14437857,0.18698617980271248,0.36040024019466393,0.13329452852153667,4510,0.16294838,12.394678492239636,3436,0.17865102,13.329452852153704,not_significant
P15,Rod,Luzp1,1.3155018,0.10043699,0.1883413118840268,0.3628817517765517,0.20925494761350408,4510,0.29180473,19.733924611973325,3436,0.3098872,20.925494761350468,not_significant
P15,Rod,Snapc3,1.3121548,0.09545475,0.1894679256066003,0.36421836931808166,0.2441792782305006,4510,0.34482569,23.23725055432354,3436,0.3645788,24.41792782305013,not_significant
P15,Rod,Tcp1,1.312029,0.12082693,0.18951034093340158,0.36421836931808166,0.17927823050058206,4510,0.22688304,16.91796008869182,3436,0.24446015,17.927823050058258,not_significant
P15,Rod,mt-Co3,1.3093326,0.06388029,0.1904217010431235,0.36567590335749167,0.7232246798603027,4510,1.9648947,70.4656319290505,3436,2.003082,72.32246798602624,not_significant
P15,Rod,Ppp4r2,1.3085749,0.09316831,0.19067839761502492,0.365938792417529,0.2756111757857974,4510,0.37485397,26.49667405764956,3436,0.39549404,27.561117578579825,not_significant
P15,Rod,Timm17a,1.3075774,0.09836167,0.19101669312701186,0.36645691771576955,0.18218859138533178,4510,0.22745256,17.05099778270512,3436,0.2417047,18.21885913853323,not_significant
P15,Rod,Ptdss2,1.3071145,0.14288376,0.19117381855923943,0.3664774519651717,0.12427240977881257,4510,0.15029898,11.50776053215092,3436,0.16472307,12.427240977881292,not_significant
P15,Rod,Sec62,1.3060665,0.049754098,0.19152994025573988,0.3669166426899246,0.5558789289871944,4510,0.94641286,55.45454545454801,3436,0.96765566,55.58789289871855,not_significant
P15,Rod,4933413L06Rik,1.3042444,0.07366796,0.19215026462714302,0.3677110308455209,0.3358556461001164,4510,0.51611114,31.951219512195518,3436,0.5370123,33.585564610011744,not_significant
P15,Rod,Rnf214,1.3028471,0.119904526,0.19262693690357713,0.36836038843165336,0.1850989522700815,4510,0.24477269,17.45011086474502,3436,0.26341388,18.5098952270082,not_significant
P15,Rod,Nek7,1.3021345,0.084201984,0.19287041570349028,0.36864022193852575,0.30267753201396974,4510,0.4408932,29.068736141907003,3436,0.4620951,30.267753201397063,not_significant
P15,Rod,Cnot4,1.3011619,0.075754866,0.1932030351516325,0.36864022193852575,0.44528521536670546,4510,0.72331595,43.392461197340694,3436,0.7506938,44.52852153667068,not_significant
P15,Rod,Atp5l,1.3010244,0.07191829,0.19325010369768825,0.36864022193852575,0.4729336437718277,4510,0.84069926,46.54101995565584,3436,0.86934805,47.29336437718292,not_significant
P15,Rod,Hint2,1.3010098,0.15590575,0.1932550942274841,0.36864022193852575,0.1271827706635623,4510,0.15064055,11.840354767184188,3436,0.16647357,12.718277066356261,not_significant
P15,Rod,Mtif3,1.3006575,0.15424499,0.19337571171925982,0.36864022193852575,0.10273573923166472,4510,0.12469038,9.423503325942432,3436,0.13783179,10.2735739231665,not_significant
P15,Rod,Mbd1,1.3005445,0.15794696,0.1934144153253936,0.36864022193852575,0.10972060535506403,4510,0.13641992,10.110864745011188,3436,0.15106635,10.972060535506433,not_significant
P15,Rod,Cnih4,1.299502,0.12011077,0.193771710370629,0.36893966578715,0.18946449359720605,4510,0.2410485,17.982261640798217,3436,0.25947383,18.94644935972066,not_significant
P15,Rod,Lurap1l,1.2993495,0.09847664,0.19382400786506127,0.36893966578715,0.3489522700814901,4510,0.5237667,33.924611973393034,3436,0.5521615,34.895227008149114,not_significant
P15,Rod,Cdip1,1.2982863,0.12418654,0.19418894666664055,0.36950319614042565,0.1810244470314319,4510,0.24180426,17.095343680709554,3436,0.26092824,18.10244470314324,not_significant
P15,Rod,Elob,1.2960215,0.08049826,0.19496810066574366,0.3704601105104673,0.37369033760186265,4510,0.6029999,36.29711751663051,3436,0.6286534,37.369033760186376,not_significant
P15,Rod,Ppp1r12a,1.2925559,0.068773165,0.19616467146957284,0.37220633100912226,0.4831199068684517,4510,0.7845288,47.560975609757925,3436,0.81072664,48.31199068684532,not_significant
P15,Rod,Rwdd4a,1.2900164,0.16595016,0.19704494294260388,0.3737443684385174,0.13969732246798602,4510,0.1725812,13.148558758315007,3436,0.19171995,13.96973224679864,not_significant
P15,Rod,Rhobtb1,1.2897079,0.10552201,0.19715209574484516,0.37381542650242117,0.15745052386495925,4510,0.21321899,14.656319290465733,3436,0.22768492,15.745052386495969,not_significant
P15,Rod,Eif3m,1.2869152,0.09899815,0.19812385821677947,0.37446665802494894,0.21303841676367868,4510,0.27101594,20.110864745011007,3436,0.287737,21.30384167636793,not_significant
P15,Rod,Ankrd33b,1.2861161,0.06004892,0.19840255827560382,0.37486133236715,0.8183934807916181,4510,1.668071,80.57649667406251,3436,1.7019758,81.83934807915601,not_significant
P15,Rod,Eef1e1,1.2854253,0.116326466,0.19864370205440585,0.37510013257733776,0.1050640279394645,4510,0.12162874,9.623059866962395,3436,0.13119945,10.506402793946478,not_significant
P15,Rod,Cry2,1.2824616,0.11081723,0.19968073254876995,0.37665249488683583,0.11117578579743888,4510,0.14313832,10.19955654102006,3436,0.15372977,11.117578579743919,not_significant
P15,Rod,1600020E01Rik,1.2822827,0.14028156,0.199743503739238,0.37665249488683583,0.1568684516880093,4510,0.20768064,14.767184035476816,3436,0.22665061,15.686845168800975,not_significant
P15,Rod,Fktn,1.281794,0.12360559,0.19991492585161974,0.37678976186510477,0.13824214202561116,4510,0.17900117,12.860310421286192,3436,0.1935558,13.824214202561155,not_significant
P15,Rod,Cystm1,1.2779213,0.14867984,0.20127716925809813,0.37895778725884116,0.13358556461001164,4510,0.16090716,12.505543237250727,3436,0.17691284,13.3585564610012,not_significant
P15,Rod,Ccm2,1.2752484,0.08416524,0.2022213380676301,0.3802016324552288,0.13969732246798602,4510,0.18169473,12.949002217295059,3436,0.19162612,13.96973224679864,not_significant
P15,Rod,Aktip,1.273035,0.12040502,0.20300562017263546,0.3810084487774726,0.20750873108265425,4510,0.26130024,19.733924611973325,3436,0.28111735,20.750873108265484,not_significant
P15,Rod,Mamld1,1.2722418,0.06855802,0.20328719701453546,0.38127011356152735,0.4775902211874272,4510,0.7815278,46.629711751664715,3436,0.80757815,47.75902211874287,not_significant
P15,Rod,Cyfip1,1.2712504,0.12456287,0.20363961261680574,0.3816564266392184,0.10157159487776485,4510,0.13339582,9.290465631929125,3436,0.14459439,10.15715948777651,not_significant
P15,Rod,Sdc2,1.2711576,0.10315174,0.20367256928343258,0.3816564266392184,0.24243306169965076,4510,0.36511326,23.015521064301375,3436,0.3875312,24.243306169965148,not_significant
P15,Rod,Prpf40a,1.2703627,0.065180294,0.20395545523484548,0.38185608166629054,0.4007566938300349,4510,0.62095517,38.736141906874636,3436,0.6421072,40.075669383003614,not_significant
P15,Rod,Gpatch8,1.2688913,0.04501586,0.20447981344333366,0.3824371406241429,0.6251455180442375,4510,1.1094311,61.662971175169424,3436,1.1304533,62.51455180442156,not_significant
P15,Rod,Kansl1,1.2668949,0.06797693,0.20519286884329102,0.3835033269949174,0.669965075669383,4510,1.242577,65.85365853658888,3436,1.2763206,66.99650756693526,not_significant
P15,Rod,Mier3,1.2654673,0.09515446,0.20570387040081128,0.38419065488508064,0.13067520372526192,4510,0.16406122,12.106430155210804,3436,0.17432466,13.067520372526229,not_significant
P15,Rod,Cnpy3,1.2628299,0.12153463,0.20665029587118755,0.385403504348597,0.14959254947613504,4510,0.18498859,14.013303769401453,3436,0.19972308,14.959254947613546,not_significant
P15,Rod,Pde4dip,1.2626569,0.063087516,0.20671250596773183,0.385403504348597,0.39435389988358555,4510,0.58700716,38.20399113082137,3436,0.60666007,39.43538998835868,not_significant
P15,Rod,Zfp638,1.2611084,0.072358266,0.20726981624117768,0.38617412098564674,0.49447031431897553,4510,0.7778831,47.58314855876014,3436,0.8053102,49.447031431897706,not_significant
P15,Rod,Abhd8,1.2566499,0.11410477,0.2088804441693608,0.3887517965991143,0.20750873108265425,4510,0.26222748,19.800443458979974,3436,0.28103364,20.750873108265484,not_significant
P15,Rod,Ccl25,1.2562947,0.13591504,0.20900914422510664,0.3887517965991143,0.13766006984866122,4510,0.18392766,12.882483370288409,3436,0.20038843,13.766006984866161,not_significant
P15,Rod,Rps26,1.2562766,0.056839522,0.2090156937717833,0.3887517965991143,0.3693247962747381,4510,0.61881477,35.21064301552176,3436,0.6371876,36.93247962747392,not_significant
P15,Rod,Plgrkt,1.2553645,0.13110177,0.20934647140227958,0.38923205289491425,0.15541327124563445,4510,0.1963476,14.656319290465733,3436,0.21316455,15.54132712456349,not_significant
P15,Rod,Pak2,1.2538717,0.059717614,0.2098886595536419,0.39010490985645707,0.4121071012805588,4510,0.6317604,40.06651884700779,3436,0.6513603,41.21071012805601,not_significant
P15,Rod,Cstf3,1.2520514,0.06927474,0.21055116011245534,0.39073348054810597,0.4254947613504074,4510,0.65787584,41.26385809312764,3436,0.68130946,42.54947613504088,not_significant
P15,Rod,Ndrg3,1.2520205,0.037754986,0.21056239055471215,0.39073348054810597,0.7555296856810244,4510,1.4672648,75.47671840355207,3436,1.4874619,75.55296856809781,not_significant
P15,Rod,Pomp,1.2492619,0.10166693,0.21156929518562329,0.3920061137739838,0.21740395809080326,4510,0.28273693,20.73170731707307,3436,0.30055884,21.74039580908039,not_significant
P15,Rod,Timm8b,1.2485919,0.10270518,0.21181439142118408,0.39214267909731243,0.23486612339930152,4510,0.32703558,22.483370288248178,3436,0.34740862,23.486612339930222,not_significant
P15,Rod,Rpl7a,1.2471476,0.07956098,0.21234341025983128,0.392626698598323,0.3116996507566938,4510,0.4653674,30.088691796009094,3436,0.4862447,31.169965075669477,not_significant
P15,Rod,Chchd6,1.2468354,0.06302417,0.21245788934036713,0.3927030042804029,0.20052386495925495,4510,0.27514336,18.758314855875796,3436,0.28582665,20.052386495925553,not_significant
P15,Rod,Map2k2,1.2459233,0.07591087,0.2127925776746047,0.39315016571524347,0.23923166472642607,4510,0.32055005,22.572062084257045,3436,0.33525822,23.92316647264268,not_significant
P15,Rod,Actr8,1.2442566,0.14657517,0.21340513075109602,0.3940465133731081,0.110011641443539,4510,0.13209808,10.177383592017843,3436,0.1452443,11.001164144353929,not_significant
P15,Rod,Rabgap1,1.2384634,0.06287932,0.2155442845150235,0.39676717300569186,0.4819557625145518,4510,0.7853541,46.873614190689125,3436,0.8093008,48.19557625145533,not_significant
P15,Rod,Arid4a,1.2372156,0.06996014,0.21600703741200433,0.39748258959793864,0.36146682188591384,4510,0.5365732,34.76718403547737,3436,0.5569958,36.1466821885915,not_significant
P15,Rod,Stx18,1.2349308,0.09765121,0.21685627135694896,0.39836199984886106,0.15861466821885914,4510,0.2146765,14.878048780487898,3436,0.22811545,15.861466821885958,not_significant
P15,Rod,Ndufa8,1.2340841,0.10906601,0.21717156924964498,0.39880462083365137,0.2060535506402794,4510,0.26215556,19.62305986696224,3436,0.28010276,20.605355064028,not_significant
P15,Rod,Itch,1.2333603,0.06784839,0.21744137123118845,0.39916342069955335,0.4883585564610012,4510,0.79382646,47.58314855876014,3436,0.8198671,48.83585564610027,not_significant
P15,Rod,Ssna1,1.2329223,0.15805678,0.21760475660248801,0.39932668984459313,0.1169965075669383,4510,0.13590719,10.8647450110866,3436,0.15051326,11.699650756693861,not_significant
P15,Rod,Tank,1.2321587,0.12200498,0.2178898175883358,0.399700443473084,0.1769499417927823,4510,0.24278814,16.78492239467852,3436,0.26163197,17.694994179278282,not_significant
P15,Rod,Bcl2l1,1.2314774,0.1337164,0.2181443814461579,0.3999065147222115,0.13329452852153667,4510,0.17083004,12.439024390244073,3436,0.18596552,13.329452852153704,not_significant
P15,Rod,Ncoa2,1.2304116,0.054833565,0.21854300304061236,0.4005003991492466,0.7223515715948777,4510,1.429993,71.729490022177,3436,1.4590372,72.23515715948376,not_significant
P15,Rod,Rbm4b,1.2291896,0.09058481,0.21900073120601493,0.4012021592175765,0.18335273573923166,4510,0.24449176,17.31707317073172,3436,0.25844896,18.33527357392322,not_significant
P15,Rod,Glcci1,1.2263776,0.0613583,0.22005660031573904,0.4027238499125296,0.5139697322467986,4510,0.85783374,51.55210643015741,3436,0.8825478,51.396973224679755,not_significant
P15,Rod,Tnfsf13,1.2251782,0.10414204,0.22050807412532603,0.40336332541213954,0.26047729918509893,4510,0.35265726,25.1662971175164,3436,0.37465903,26.047729918509972,not_significant
P15,Rod,Senp6,1.2250499,0.06950593,0.22055641935753267,0.40336332541213954,0.40774155995343425,4510,0.62747383,39.64523281596563,3436,0.65021753,40.77415599534355,not_significant
P15,Rod,Cpeb4,1.2241666,0.07810894,0.22088936639835266,0.4038345471577245,0.29423748544819556,4510,0.42356277,28.292682926829325,3436,0.44259036,29.423748544819645,not_significant
P15,Rod,Rnf146,1.2229636,0.10216988,0.22134343852204863,0.4044414377035387,0.17171129220023282,4510,0.22018038,16.141906873614243,3436,0.23457935,17.17112922002333,not_significant
P15,Rod,Psmb7,1.2228876,0.10798117,0.22137212175570276,0.4044414377035387,0.20139697322467986,4510,0.25510985,19.223946784922344,3436,0.27245823,20.139697322468045,not_significant
P15,Rod,Fntb,1.2221485,0.06769869,0.22165146399359703,0.40467612418708454,0.2581490104772992,4510,0.36877623,24.54545454545432,3436,0.38348517,25.814901047729993,not_significant
P15,Rod,Serinc5,1.2215234,0.109453365,0.2218879283297681,0.404832261075128,0.1740395809080326,4510,0.23784968,16.430155210643058,3436,0.2543966,17.40395809080331,not_significant
P15,Rod,Commd6,1.2184899,0.20371531,0.22303787599903224,0.4062440772238254,0.11554132712456344,4510,0.13131157,10.820399113082162,3436,0.14980215,11.554132712456376,not_significant
P15,Rod,Uri1,1.2184832,0.08363245,0.22304041898287952,0.4062440772238254,0.2671711292200233,4510,0.3690411,25.52106430155191,3436,0.38729215,26.717112922002407,not_significant
P15,Rod,Rpf1,1.2178636,0.102490015,0.2232758472448696,0.4064159151428065,0.17578579743888242,4510,0.22495542,16.54101995565414,3436,0.23967785,17.57857974388829,not_significant
P15,Rod,Ap3s2,1.2176777,0.10725266,0.22334646974312322,0.4064159151428065,0.15657741559953434,4510,0.20216517,14.7450110864746,3436,0.21619235,15.657741559953479,not_significant
P15,Rod,Nr3c1,1.2176367,0.076468796,0.22336206522017032,0.4064159151428065,0.359720605355064,4510,0.5461825,34.54545454545518,3436,0.56883234,35.972060535506515,not_significant
P15,Rod,Ndufb2,1.21571,0.11642271,0.2240954149846539,0.40733575261866606,0.27153667054714786,4510,0.38875523,26.585365853658438,3436,0.4154663,27.153667054714862,not_significant
P15,Rod,Alkbh3,1.2142816,0.1278415,0.2246402458996577,0.40777336006963244,0.14610011641443538,4510,0.1906821,13.725055432372638,3436,0.20663987,14.61001164144358,not_significant
P15,Rod,Zfp148,1.2139461,0.08331728,0.22476831548456866,0.4078678092893188,0.36670547147846333,4510,0.5470112,35.875831485588336,3436,0.57175106,36.67054714784644,not_significant
P15,Rod,Hectd1,1.2124316,0.07102793,0.2253472421354712,0.4085037535703506,0.39086146682188594,4510,0.57858604,38.33702882483468,3436,0.6005132,39.08614668218871,not_significant
P15,Rod,Pclo,1.2091322,0.049315132,0.22661205237099735,0.41010359275237174,0.7363213038416764,4510,1.4649394,73.08203991131238,3436,1.4913272,73.63213038416336,not_significant
P15,Rod,Nedd8,1.2078302,0.09741674,0.22711257200050128,0.41073224417083243,0.2811408614668219,4510,0.40470004,27.317073170731675,3436,0.42768347,28.114086146682272,not_significant
P15,Rod,Brd2,1.2065609,0.107339814,0.22760130222542097,0.4113387416230317,0.1769499417927823,4510,0.22521712,16.718403547671873,3436,0.24067329,17.694994179278282,not_significant
P15,Rod,Scfd1,1.2062682,0.08270638,0.2277141003650215,0.41140398597439387,0.20779976717112922,4510,0.2808172,19.62305986696224,3436,0.29515955,20.779976717112984,not_significant
P15,Rod,Kmt5c,1.2057706,0.116183214,0.22790597106720534,0.4116119962304678,0.15337601862630967,4510,0.20137419,14.390243902439135,3436,0.21655452,15.33760186263101,not_significant
P15,Rod,Ccnc,1.2053486,0.110969044,0.22806876458850922,0.4117673689844374,0.19237485448195576,4510,0.24983105,18.270509977827032,3436,0.26735187,19.23748544819563,not_significant
P15,Rod,Ndufb6,1.2034129,0.10390097,0.22881660177890528,0.41244510065777323,0.16443538998835855,4510,0.19969362,15.45454545454553,3436,0.21312056,16.4435389988359,not_significant
P15,Rod,Senp1,1.2033818,0.11552224,0.22882860170722097,0.41244510065777323,0.12892898719441212,4510,0.17197707,11.995565410199713,3436,0.18506318,12.892898719441245,not_significant
P15,Rod,Pigt,1.2007288,0.14545457,0.22985642693013597,0.41376835142767876,0.14435389988358557,4510,0.17456698,13.614190687361555,3436,0.19141607,14.435389988358596,not_significant
P15,Rod,Gjd2,1.2006904,0.17061946,0.22987130634871045,0.41376835142767876,0.10884749708963912,4510,0.13273546,10.133037694013407,3436,0.1482202,10.884749708963941,not_significant
P15,Rod,Pcsk1n,1.1994191,0.07146361,0.23036498946628492,0.4143788744121906,0.28987194412107103,4510,0.4037665,27.583148558758307,3436,0.42049578,28.987194412107186,not_significant
P15,Rod,Ppig,1.1978955,0.07649837,0.23095768999272526,0.41507634613496786,0.3440046565774156,4510,0.51312184,33.1929046563198,3436,0.534743,34.40046565774166,not_significant
P15,Rod,Tecpr1,1.1978257,0.08601355,0.23098487942074553,0.41507634613496786,0.22933643771827705,4510,0.31696212,21.796008869179463,3436,0.33351225,22.933643771827775,not_significant
P15,Rod,Naa35,1.1969948,0.09151541,0.23130857995056975,0.41525673814802166,0.21478463329452852,4510,0.2898104,20.443458980044255,3436,0.3061527,21.478463329452914,not_significant
P15,Rod,Polr3b,1.1956497,0.11977298,0.23183325059734117,0.4157928425731236,0.10128055878928988,4510,0.1328538,9.33481152993356,3436,0.14356533,10.128055878929015,not_significant
P15,Rod,Apoo,1.1951183,0.106144115,0.23204079131232558,0.4159982635692896,0.15657741559953434,4510,0.19899006,14.700665188470166,3436,0.21267238,15.657741559953479,not_significant
P15,Rod,Ube2s,1.1940664,0.0974002,0.2324519763544659,0.41659619150195626,0.1818975552968568,4510,0.22753774,17.095343680709554,3436,0.24165148,18.189755529685733,not_significant
P15,Rod,Klhl12,1.1933976,0.09760178,0.23271367865781256,0.4167867019434079,0.23224679860302677,4510,0.33494264,22.195121951219363,3436,0.35466844,23.224679860302746,not_significant
P15,Rod,Mylip,1.1928414,0.09935576,0.2329314711716387,0.41703752048219955,0.16472642607683352,4510,0.2193287,15.45454545454553,3436,0.23327194,16.4726426076834,not_significant
P15,Rod,Tpp1,1.1924471,0.13700621,0.2330860048717165,0.4171749516622914,0.16181606519208383,4510,0.20248586,15.32150776053223,3436,0.2205819,16.181606519208426,not_significant
P15,Rod,Ndufs1,1.1913896,0.081276536,0.2335006794397062,0.41777773332707946,0.28230500582072177,4510,0.39363188,26.962305986696165,3436,0.4123142,28.23050058207226,not_significant
P15,Rod,Atg3,1.190836,0.112439215,0.23371798324142223,0.417887754035663,0.1941210710128056,4510,0.24908654,18.447893569844766,3436,0.26680017,19.412107101280615,not_significant
P15,Rod,Nbr1,1.1902063,0.08256295,0.23396532121866576,0.4178896473118858,0.3477881257275902,4510,0.50266635,34.05764966740635,3436,0.52566904,34.77881257275913,not_significant
P15,Rod,Zfp160,1.19004,0.11731004,0.23403066751023582,0.4178896473118858,0.13678696158323633,4510,0.17927271,12.771618625277325,3436,0.1930799,13.67869615832367,not_significant
P15,Rod,Dbndd2,1.1881396,0.08974628,0.23477843991585656,0.4190853749446438,0.22060535506402795,4510,0.28759643,21.10864745011075,3436,0.30351055,22.06053550640286,not_significant
P15,Rod,5031425E22Rik,1.1874774,0.055970687,0.23503940549835267,0.4194116337635275,0.4842840512223516,4510,0.7768077,47.893569844791216,3436,0.7979495,48.428405122235304,not_significant
P15,Rod,Sf3a1,1.1854602,0.11542008,0.23583554404113904,0.4202730426035448,0.15541327124563445,4510,0.2017653,14.67849223946795,3436,0.2168688,15.54132712456349,not_significant
P15,Rod,Aars,1.1846994,0.14211805,0.23613629136082437,0.42065159532340796,0.1149592549476135,4510,0.14173478,10.709534368071074,3436,0.15532258,11.495925494761382,not_significant
P15,Rod,Slc12a2,1.1845262,0.10303727,0.236204810796813,0.42065159532340796,0.14348079161816066,4510,0.19757588,13.39246119733939,3436,0.21076131,14.348079161816104,not_significant
P15,Rod,Etfb,1.1840247,0.09110391,0.23640330180293212,0.4208653537573607,0.10331781140861467,4510,0.12243499,9.490022172949086,3436,0.1299185,10.331781140861494,not_significant
P15,Rod,Ttc33,1.1836178,0.13182464,0.23656436751435994,0.42101236474685694,0.10564610011641444,4510,0.123279475,9.77827050997792,3436,0.13431548,10.564610011641472,not_significant
P15,Rod,B130055M24Rik,1.1830463,0.07973369,0.2367907724720667,0.42125317951130525,0.23486612339930152,4510,0.33258882,22.39467849223931,3436,0.34853777,23.486612339930222,not_significant
P15,Rod,Snap91,1.1828799,0.05062793,0.23685674672000312,0.42125317951130525,0.6428987194412107,4510,1.1499978,63.54767184035806,3436,1.1741098,64.28987194411854,not_significant
P15,Rod,Trip12,1.1814872,0.060024142,0.23740925064761775,0.42167656307080187,0.5919674039580908,4510,1.013864,58.00443458980323,3436,1.0405735,59.19674039580751,not_significant
P15,Rod,4921524J17Rik,1.1809692,0.11148665,0.237614943861584,0.4219022041951462,0.110011641443539,4510,0.13590086,10.177383592017843,3436,0.14605793,11.001164144353929,not_significant
P15,Rod,Fam168b,1.180066,0.10698718,0.23797397128829068,0.4222601329773044,0.23864959254947612,4510,0.322272,23.037694013303593,3436,0.34325743,23.864959254947685,not_significant
P15,Rod,2700097O09Rik,1.1797328,0.08322091,0.2381064890413397,0.4223555579423764,0.12543655413271246,4510,0.17016508,11.618625277162009,3436,0.1794137,12.54365541327128,not_significant
P15,Rod,Wbp1,1.1782647,0.17821261,0.2386910886890662,0.4232525618936036,0.10040745052386496,4510,0.118436225,9.290465631929125,3436,0.13301472,10.040745052386523,not_significant
P15,Rod,Hagh,1.1779644,0.07793199,0.23881078109573484,0.42332486113599527,0.2872526193247963,4510,0.38999242,27.671840354767184,3436,0.40775853,28.72526193247971,not_significant
P15,Rod,Mettl26,1.1767187,0.11236132,0.23930781115739574,0.4239257262378701,0.13766006984866122,4510,0.17412941,12.882483370288409,3436,0.18699045,13.766006984866161,not_significant
P15,Rod,Ube2l3,1.1747568,0.09360918,0.24009202557464926,0.4251745213543805,0.21420256111757857,4510,0.27530253,20.509977827050903,3436,0.29130638,21.420256111757922,not_significant
P15,Rod,Rpl8,1.1728752,0.05694308,0.24084587997450224,0.42594701621603365,0.5154249126891735,4510,0.93868965,49.534368070955445,3436,0.9629063,51.54249126891721,not_significant
P15,Rod,Ift88,1.1708685,0.0841523,0.24165165185113335,0.4268091737008493,0.26455180442374854,4510,0.38685834,25.365853658536373,3436,0.40594456,26.45518044237493,not_significant
P15,Rod,Prpf4,1.1703641,0.09086332,0.24185447361724832,0.4268862772237315,0.11437718277066357,4510,0.14353763,10.576496674057765,3436,0.15219228,11.437718277066388,not_significant
P15,Rod,Sec24b,1.1652327,0.103083365,0.243924846203197,0.43011600099735325,0.1859720605355064,4510,0.25336006,17.62749445676275,3436,0.2698012,18.597206053550693,not_significant
P15,Rod,Nsd2,1.1645585,0.10603624,0.2441977364137895,0.4303142766503177,0.19557625145518046,4510,0.270073,18.647450110864714,3436,0.28796262,19.557625145518102,not_significant
P15,Rod,Manf,1.1617832,0.07643817,0.24532353787533734,0.43199974218606324,0.28550640279394646,4510,0.3999341,27.405764966740552,3436,0.41771117,28.550640279394727,not_significant
P15,Rod,Cdk13,1.1616054,0.07697651,0.24539582670412652,0.43199974218606324,0.37543655413271243,4510,0.5762952,36.85144124168599,3436,0.6000177,37.54365541327136,not_significant
P15,Rod,Ccdc148,1.1585387,0.12119785,0.2466442849964774,0.4336283004657832,0.10360884749708964,4510,0.15201001,9.578713968957958,3436,0.16429299,10.360884749708992,not_significant
P15,Rod,Cbx8,1.1583086,0.14431109,0.246738119735737,0.4336511383559939,0.10069848661233993,4510,0.12021167,9.33481152993356,3436,0.13205719,10.069848661234019,not_significant
P15,Rod,Peli3,1.1577206,0.07834185,0.2469780725941496,0.43378859901605055,0.37951105937136204,4510,0.566654,37.006651884701526,3436,0.59050626,37.95110593713632,not_significant
P15,Rod,Polr2b,1.1562036,0.105102874,0.24759788147250927,0.43428055751128597,0.16996507566938301,4510,0.216619,16.09756097560981,3436,0.23123023,16.996507566938348,not_significant
P15,Rod,Dazap1,1.1558847,0.087975614,0.24772829316200506,0.43428055751128597,0.1929569266589057,4510,0.24570993,18.292682926829247,3436,0.25931484,19.295692665890627,not_significant
P15,Rod,Usp53,1.1553906,0.09876661,0.24793052471273724,0.4344656434364987,0.17898719441210711,4510,0.24067362,16.962305986696254,3436,0.25571626,17.898719441210762,not_significant
P15,Rod,Cetn2,1.1546361,0.10125762,0.24823944917948038,0.4347229531174446,0.16763678696158324,4510,0.20959671,15.875831485587643,3436,0.22325133,16.763678696158372,not_significant
P15,Rod,Smc6,1.1543584,0.106950454,0.24835327150111985,0.4347803356174957,0.20430733410942956,4510,0.28199413,19.51219512195116,3436,0.30072582,20.430733410943017,not_significant
P15,Rod,Nfat5,1.1518332,0.06656011,0.24938962643905216,0.4364521879996985,0.4019208381839348,4510,0.64836013,38.980044345899046,3436,0.6706371,40.192083818393606,not_significant
P15,Rod,Npm1,1.1514535,0.08129678,0.249545740375265,0.436582958699583,0.31111757857974387,4510,0.43273833,30.17738359201797,3436,0.45289683,31.11175785797448,not_significant
P15,Rod,Sec22c,1.1506524,0.11589897,0.24987528528312142,0.4370169645447223,0.13969732246798602,4510,0.17147966,13.104212860310573,3436,0.18457532,13.96973224679864,not_significant
P15,Rod,Prkd3,1.1492296,0.117068015,0.2504613155334404,0.43775643418747945,0.10710128055878929,4510,0.13911624,9.933481152993446,3436,0.1500345,10.710128055878958,not_significant
P15,Rod,Gm20275,1.1477706,0.083434224,0.251063280687741,0.43838002526336023,0.21041909196740397,4510,0.31158075,19.955654101995492,3436,0.32739392,21.04190919674046,not_significant
P15,Rod,Arpc2,1.1438401,0.09091579,0.25268994254056687,0.4406465708022109,0.20779976717112922,4510,0.26980552,19.800443458979974,3436,0.28507015,20.779976717112984,not_significant
P15,Rod,Mycbp,1.1409043,0.11398385,0.25390976736213744,0.4424737066950898,0.14610011641443538,4510,0.18539225,13.747228381374853,3436,0.19920842,14.61001164144358,not_significant
P15,Rod,Rad23a,1.1407231,0.09439821,0.2539851869713239,0.4424737066950898,0.1859720605355064,4510,0.23729336,17.716186252771617,3436,0.25147638,18.597206053550693,not_significant
P15,Rod,Slc10a7,1.1390846,0.118613996,0.2546678689524998,0.4433750240380425,0.1749126891734575,4510,0.25223657,16.718403547671873,3436,0.2711602,17.4912689173458,not_significant
P15,Rod,Eif3h,1.13861,0.09072784,0.25486585864318634,0.443575751382885,0.2529103608847497,4510,0.34325916,24.368070953436586,3436,0.3619419,25.291036088475042,not_significant
P15,Rod,Rnf14,1.1377281,0.07949848,0.2552340562719727,0.4438334391782947,0.25785797438882424,4510,0.34719595,24.745011086474268,3436,0.36367717,25.785797438882497,not_significant
P15,Rod,Hdac8,1.1376579,0.10012333,0.2552633514171654,0.4438334391782947,0.18422584400465658,4510,0.2968976,17.51662971175167,3436,0.31518984,18.42258440046571,not_significant
P15,Rod,Gm49336,1.1326903,0.09278839,0.2573443339763337,0.44672977587348023,0.21623981373690337,4510,0.29108188,20.687361419068637,3436,0.307719,21.623981373690402,not_significant
P15,Rod,Chfr,1.1322664,0.073890015,0.2575224571306698,0.44689435782882975,0.259895227008149,4510,0.36999953,24.878048780487568,3436,0.38612112,25.989522700814977,not_significant
P15,Rod,Pwwp2a,1.1290579,0.09659943,0.2588734018079961,0.4488031439231064,0.21827706635622818,4510,0.2994969,20.909090909090803,3436,0.31726065,21.82770663562288,not_significant
P15,Rod,Tex264,1.1275393,0.085539475,0.2595145199945448,0.44938514888493053,0.17549476135040745,4510,0.22403973,16.585365853658573,3436,0.2362258,17.549476135040795,not_significant
P15,Rod,Sirt2,1.1249888,0.07178533,0.26059378126558586,0.45091130409954916,0.369906868451688,4510,0.54837537,36.11973392461275,3436,0.5696821,36.990686845168916,not_significant
P15,Rod,Sephs2,1.1244676,0.13432916,0.2608147052117066,0.450914112791612,0.11583236321303841,4510,0.14007193,10.84257206208438,3436,0.15274554,11.583236321303874,not_significant
P15,Rod,Sdc4,1.12439,0.0706353,0.2608475935854534,0.450914112791612,0.2919091967403958,4510,0.40656474,28.22616407982267,3436,0.42318967,29.190919674039666,not_significant
P15,Rod,Eral1,1.1214505,0.13096339,0.2620961511835187,0.45234355049819636,0.10710128055878929,4510,0.13703744,9.977827050997881,3436,0.14913301,10.710128055878958,not_significant
P15,Rod,Ccpg1,1.1205704,0.08650196,0.2624707578561165,0.45284436961730745,0.2421420256111758,4510,0.32424805,23.259423503325756,3436,0.3412157,24.214202561117652,not_significant
P15,Rod,Shisa4,1.1180992,0.15341298,0.26352461170037533,0.45437030445542054,0.11903376018626309,4510,0.14144067,11.197339246119869,3436,0.15613031,11.903376018626343,not_significant
P15,Rod,Scamp1,1.1176475,0.0634816,0.2637175667457299,0.4545568856118558,0.2619324796274738,4510,0.36363453,24.98891352549865,3436,0.37725535,26.193247962747456,not_significant
P15,Rod,Ube3a,1.1165652,0.06369625,0.26418024966352327,0.45520811410059064,0.43888242142025613,4510,0.6731709,43.12638580931406,3436,0.6950453,43.888242142025746,not_significant
P15,Rod,Ndufb10,1.1157461,0.079209335,0.26453083273923184,0.45566582749301204,0.3128637951105937,4510,0.44886464,30.42128603104238,3436,0.46907076,31.286379511059465,not_significant
P15,Rod,Hmgcr,1.1154498,0.06847991,0.2646577230594248,0.4556699542726889,0.3128637951105937,4510,0.4401084,30.13303769401353,3436,0.45726788,31.286379511059465,not_significant
P15,Rod,Lars,1.1153438,0.08046983,0.2647031277989744,0.4556699542726889,0.18830034924330616,4510,0.2646699,17.871396895787132,3436,0.27792096,18.830034924330672,not_significant
P15,Rod,Mindy3,1.114373,0.12889874,0.26511923513766567,0.4562398387162139,0.1280558789289872,4510,0.1681292,12.03991130820415,3436,0.18248878,12.805587892898753,not_significant
P15,Rod,Ddb1,1.1117069,0.060827293,0.26626418964830845,0.4579163556503772,0.46332945285215366,4510,0.7194123,46.11973392461367,3436,0.7412609,46.33294528521551,not_significant
P15,Rod,Ppm1d,1.1108408,0.07624272,0.26663687957895776,0.45841032758382355,0.32945285215366704,4510,0.4817371,31.86252771618664,3436,0.50227123,32.9452852153668,not_significant
P15,Rod,Zfp426,1.1092291,0.1288194,0.26733139012649,0.4594570895990043,0.11379511059371362,4510,0.14484757,10.64301552106442,3436,0.1573633,11.379511059371392,not_significant
P15,Rod,Elavl1,1.1083032,0.08749367,0.2677308823633485,0.4598744037227009,0.27735739231664724,4510,0.38935488,26.873614190687288,3436,0.4093185,27.73573923166481,not_significant
P15,Rod,Amy1,1.108269,0.083427146,0.2677456679392235,0.4598744037227009,0.3032596041909197,4510,0.48426908,29.356984478935853,3436,0.506863,30.325960419092056,not_significant
P15,Rod,E4f1,1.1071509,0.11335613,0.2682286777761135,0.4603691504765122,0.13940628637951105,4510,0.18520992,13.148558758315007,3436,0.19893545,13.940628637951145,not_significant
P15,Rod,Pdss1,1.1069365,0.12481082,0.2683214256193517,0.4603691504765122,0.12689173457508732,4510,0.17126499,11.92904656319306,3436,0.1853883,12.689173457508765,not_significant
P15,Rod,Atp2c1,1.1068078,0.05722754,0.2683770196756252,0.4603691504765122,0.5736321303841676,4510,0.9669261,56.76274944567895,3436,0.99169457,57.36321303841554,not_significant
P15,Rod,Ube2k,1.103952,0.06530966,0.2696139132497901,0.46204761363318664,0.3862048894062864,4510,0.5748738,37.91574279379252,3436,0.5949192,38.62048894062875,not_significant
P15,Rod,Ube2f,1.1022438,0.10300698,0.27035570777782036,0.4631672972011856,0.11670547147846333,4510,0.14492829,10.886917960088818,3436,0.15486379,11.670547147846365,not_significant
P15,Rod,Gm14505,1.10205,0.08912018,0.2704399654798869,0.4631672972011856,0.24039580908032596,4510,0.37967736,23.015521064301375,3436,0.39960775,24.03958090803267,not_significant
P15,Rod,Aco2,1.1011583,0.06928382,0.2708277808675078,0.4636834396978333,0.28346915017462165,4510,0.39290214,27.361419068736115,3436,0.40875947,28.346915017462248,not_significant
P15,Rod,Bex2,1.0997901,0.07893881,0.2714236078157869,0.4645552751512064,0.22671711292200233,4510,0.30185375,21.640798226163948,3436,0.31640092,22.6717112922003,not_significant
P15,Rod,Rbks,1.0979246,0.0965285,0.27223740088290405,0.4655885438621936,0.1379511059371362,4510,0.18775475,12.926829268292842,3436,0.19953048,13.795110593713659,not_significant
P15,Rod,Bcap31,1.0978094,0.15320934,0.2722877073258205,0.4655885438621936,0.12834691501746218,4510,0.15120766,12.128603104213022,3436,0.16680808,12.834691501746251,not_significant
P15,Rod,Kcnq1ot1,1.0974315,0.064510986,0.27245277089187436,0.46572232729892105,0.34866123399301513,4510,0.63637125,33.325942350333115,3436,0.6576733,34.86612339930162,not_significant
P15,Rod,Atp9b,1.0967214,0.06311649,0.27276319239269864,0.4658724156201128,0.34749708963911524,4510,0.52546775,33.61419068736197,3436,0.54358107,34.74970896391163,not_significant
P15,Rod,Sufu,1.0954796,0.08009315,0.2733065815701772,0.4663415628917067,0.18160651920838183,4510,0.25161633,17.161862527716202,3436,0.26423553,18.160651920838237,not_significant
P15,Rod,Ate1,1.0941473,0.08370443,0.2738903802785082,0.4669891925664075,0.23544819557625146,4510,0.30972835,22.52771618625261,3436,0.32551414,23.544819557625214,not_significant
P15,Rod,Copb2,1.0932505,0.105039865,0.2742838457770309,0.4671286589697247,0.160069848661234,4510,0.19865449,15.18847006651893,3436,0.2121696,16.006984866123446,not_significant
P15,Rod,Zfp386,1.0931643,0.09182619,0.2743216715235196,0.4671286589697247,0.23661233993015135,4510,0.31767026,22.949002217294726,3436,0.33539763,23.661233993015205,not_significant
P15,Rod,Zfp60,1.0929686,0.11050352,0.27440760708680134,0.4671286589697247,0.11350407450523865,4510,0.1380844,10.620842572062202,3436,0.14829908,11.350407450523896,not_significant
P15,Rod,Malsu1,1.0886455,0.08953647,0.27631028306057837,0.46992021507195386,0.20052386495925495,4510,0.26515853,19.157427937915696,3436,0.27996165,20.052386495925553,not_significant
P15,Rod,Mettl3,1.0880433,0.11337873,0.27657599656437004,0.4700740321835491,0.1318393480791618,4510,0.1691979,12.416851441241855,3436,0.181844,13.183934807916216,not_significant
P15,Rod,Slk,1.0869927,0.08709521,0.277040043238848,0.47034591178276103,0.2991850989522701,4510,0.4342099,29.22394678492254,3436,0.4558917,29.918509895227096,not_significant
P15,Rod,Higd2a,1.0858583,0.12311893,0.27754167755867054,0.47080578857453,0.1469732246798603,4510,0.17787337,13.96895787139702,3436,0.19228598,14.697322467986071,not_significant
P15,Rod,Gpr180,1.0856792,0.08336013,0.27762093759530915,0.47080578857453,0.23282887077997672,4510,0.31393066,22.328159645232663,3436,0.32983002,23.282887077997742,not_significant
P15,Rod,Cflar,1.0850986,0.119990095,0.2778779791855627,0.4709399148311434,0.15715948777648428,4510,0.20431581,14.944567627494548,3436,0.22021535,15.715948777648473,not_significant
P15,Rod,Bcor,1.0849417,0.079771705,0.2779474355346344,0.4709399148311434,0.1970314318975553,4510,0.25680155,18.73614190687358,3436,0.26959488,19.703143189755586,not_significant
P15,Rod,Crtc3,1.0849057,0.057046074,0.2779634172922073,0.4709399148311434,0.5410360884749709,4510,0.9085132,52.01773835920401,3436,0.9323012,54.103608847496474,not_significant
P15,Rod,Lims1,1.084539,0.062482182,0.27812588406218575,0.4710663852572038,0.5005820721769499,4510,0.8619174,49.31263858093325,3436,0.8871607,50.05820721769514,not_significant
P15,Rod,Enox2,1.0823046,0.09737559,0.2791172037888807,0.4720002147299988,0.1330034924330617,4510,0.19709504,12.483370288248508,3436,0.2095086,13.300349243306206,not_significant
P15,Rod,Rnf167,1.0812354,0.08728633,0.27959238656065577,0.4726547625311559,0.1169965075669383,4510,0.14515355,10.909090909091034,3436,0.15354513,11.699650756693861,not_significant
P15,Rod,Crcp,1.0796553,0.12969846,0.2802957341419895,0.47369449210385367,0.1169965075669383,4510,0.14259133,10.975609756097688,3436,0.15501432,11.699650756693861,not_significant
P15,Rod,Cbll1,1.0781684,0.09752695,0.2809586283353491,0.4745157690147395,0.14551804423748546,4510,0.18360035,13.725055432372638,3436,0.19526267,14.551804423748585,not_significant
P15,Rod,Uqcrb,1.077542,0.06492577,0.2812382143962364,0.47468904405960105,0.4289871944121071,4510,0.72134274,41.751662971176465,3436,0.74472344,42.898719441210844,not_significant
P15,Rod,Dcaf11,1.0770652,0.057872076,0.2814511265121855,0.4748989753417311,0.14813736903376018,4510,0.18593526,13.880266075388153,3436,0.19285586,14.813736903376059,not_significant
P15,Rod,Sap130,1.0755298,0.099284,0.28213756655271915,0.47560839314543857,0.16443538998835855,4510,0.2258477,15.587583148558828,3436,0.24014725,16.4435389988359,not_significant
P15,Rod,Ndst1,1.0751371,0.10165709,0.28231331216667743,0.47561472352571477,0.18859138533178113,4510,0.24586232,18.070953436807084,3436,0.26165,18.859138533178168,not_significant
P15,Rod,Csnk2a2,1.0751035,0.09924665,0.2823283722785147,0.47561472352571477,0.18364377182770664,4510,0.23881848,17.49445676274945,3436,0.2538341,18.364377182770717,not_significant
P15,Rod,Tbcc,1.0735196,0.070482224,0.28303805870891774,0.47624439612166675,0.2319557625145518,4510,0.30430555,22.106430155210496,3436,0.31735608,23.19557625145525,not_significant
P15,Rod,Mier2,1.0726905,0.14265919,0.2834100094672556,0.47655526356813765,0.12048894062863795,4510,0.15071815,11.352549889135394,3436,0.16515535,12.048894062863829,not_significant
P15,Rod,Eed,1.0717956,0.10256241,0.28381187031822974,0.47685973958106603,0.2179860302677532,4510,0.29994637,21.0421286031041,3436,0.3188596,21.798603026775385,not_significant
P15,Rod,Ube2j1,1.0714468,0.08950606,0.28396861363920756,0.47685973958106603,0.2779394644935972,4510,0.37947902,26.85144124168507,3436,0.3994895,27.7939464493598,not_significant
P15,Rod,Arl6ip4,1.0711212,0.14522445,0.28411494987301633,0.47685973958106603,0.1149592549476135,4510,0.13664845,10.820399113082162,3436,0.15008403,11.495925494761382,not_significant
P15,Rod,Rab28,1.071095,0.04771695,0.2841267359537384,0.47685973958106603,0.669091967403958,4510,1.1929508,65.80931263858444,3436,1.2161082,66.9091967403928,not_significant
P15,Rod,Letm2,1.0704851,0.08839513,0.2844009977109635,0.4770253132337737,0.13358556461001164,4510,0.17624012,12.527716186252944,3436,0.18639827,13.3585564610012,not_significant
P15,Rod,Nat14,1.0688251,0.113149256,0.28514846194473764,0.47798010933486645,0.1760768335273574,4510,0.22126378,16.851441241685173,3436,0.2373285,17.60768335273579,not_significant
P15,Rod,Prdm10,1.0684175,0.06513624,0.2853322233456346,0.4780012982238415,0.2377764842840512,4510,0.3465234,22.66075388026591,3436,0.35995802,23.777648428405193,not_significant
P15,Rod,Dpysl3,1.0681458,0.02445741,0.2854547690594633,0.4780012982238415,0.8611757857974389,4510,1.9608372,86.4079822616462,3436,1.9754235,86.11757857973727,not_significant
P15,Rod,Rnmt,1.0676992,0.13095655,0.2856562462361022,0.4780012982238415,0.10884749708963912,4510,0.13391355,10.19955654102006,3436,0.14575242,10.884749708963941,not_significant
P15,Rod,Snw1,1.0676116,0.07608416,0.28569577966175164,0.4780012982238415,0.2712456344586729,4510,0.3743393,26.14190687361405,3436,0.39110744,27.124563445867366,not_significant
P15,Rod,Mrpl52,1.0667654,0.09137796,0.28607779590065785,0.47842026714885383,0.13766006984866122,4510,0.17070879,12.949002217295059,3436,0.18091787,13.766006984866161,not_significant
P15,Rod,Zfyve16,1.0666618,0.11838502,0.28612457438730854,0.47842026714885383,0.1510477299185099,4510,0.19846903,14.345898004434702,3436,0.21374638,15.104772991851032,not_significant
P15,Rod,Odf2,1.0651275,0.065132774,0.2868182565039502,0.47899555977235175,0.17112922002328287,4510,0.23792659,16.119733924612024,3436,0.24765752,17.112922002328336,not_significant
P15,Rod,Ddx55,1.0646029,0.09969241,0.2870557079763617,0.47899555977235175,0.12892898719441212,4510,0.16781586,12.106430155210804,3436,0.17880811,12.892898719441245,not_significant
P15,Rod,Timmdc1,1.0642126,0.08311799,0.2872324400959897,0.47899555977235175,0.1318393480791618,4510,0.17207351,12.328159645232983,3436,0.18140487,13.183934807916216,not_significant
P15,Rod,Tspyl4,1.0636406,0.08871177,0.287491532100831,0.47921211255091906,0.20052386495925495,4510,0.26362845,19.223946784922344,3436,0.27821866,20.052386495925553,not_significant
P15,Rod,Mdm1,1.0631789,0.042040847,0.287700813511957,0.4792630943099805,0.7139115250291036,4510,1.3160756,70.59866962306381,3436,1.3374834,71.39115250290651,not_significant
P15,Rod,Lclat1,1.0627055,0.06507068,0.28791553066022135,0.47932306221645793,0.34837019790454016,4510,0.53619224,34.035476718404134,3436,0.5551587,34.83701979045412,not_significant
P15,Rod,Elovl2,1.0599298,0.08014876,0.2891765116036168,0.48082542102969633,0.11670547147846333,4510,0.15129681,10.8647450110866,3436,0.15928596,11.670547147846365,not_significant
P15,Rod,Synrg,1.0578719,0.05156743,0.29011384357478875,0.4817865810944789,0.5488940628637952,4510,0.8929149,54.013303769403755,3436,0.91417575,54.88940628637875,not_significant
P15,Rod,Rsf1,1.0576543,0.07391386,0.29021310693986235,0.4818022611035041,0.32072176949941794,4510,0.46905988,30.864745011086768,3436,0.48855072,32.07217694994189,not_significant
P15,Rod,Snrnp40,1.0528272,0.06521657,0.29242019542600284,0.4850160569774518,0.15046565774155995,4510,0.19383322,14.146341463414752,3436,0.2019483,15.046565774156036,not_significant
P15,Rod,Ufsp2,1.0523224,0.06911595,0.2926516476395632,0.485249903535894,0.34749708963911524,4510,0.51199347,33.8802660753886,3436,0.5314662,34.74970896391163,not_significant
P15,Rod,Acp1,1.0514578,0.10984039,0.2930484065359129,0.4857576182505058,0.1690919674039581,4510,0.2130571,16.119733924612024,3436,0.22812322,16.909196740395856,not_significant
P15,Rod,Rpl14,1.0511304,0.06388991,0.2931986828849158,0.4858565755312599,0.340512223515716,4510,0.5390947,33.10421286031092,3436,0.55778813,34.051222351571695,not_significant
P15,Rod,Zdhhc6,1.048588,0.08586578,0.2943677604046413,0.48716065457919844,0.25058207217694994,4510,0.35763144,24.190687361418853,3436,0.37590185,25.058207217695067,not_significant
P15,Rod,Stx6,1.0483809,0.08594125,0.2944631809232501,0.48716065457919844,0.220023282887078,4510,0.30967492,21.0421286031041,3436,0.32588926,22.002328288707865,not_significant
P15,Rod,2810001G20Rik,1.0482345,0.13262023,0.29453057472042143,0.48716065457919844,0.11932479627473806,4510,0.14323075,11.241685144124304,3436,0.15599732,11.932479627473839,not_significant
P15,Rod,Clpp,1.0449857,0.09293739,0.29602962318314074,0.4894455130721661,0.18684516880093133,4510,0.24037313,17.849223946784917,3436,0.2544904,18.684516880093184,not_significant
P15,Rod,Rdm1,1.0448453,0.116937555,0.2960944612079006,0.4894455130721661,0.11845168800931316,4510,0.14605647,11.108647450110997,3436,0.15746446,11.845168800931347,not_significant
P15,Rod,Zfand6,1.0443596,0.046851095,0.2963190477025065,0.4895150513939775,0.6137951105937136,4510,1.0386548,60.39911308204292,3436,1.059757,61.379511059369385,not_significant
P15,Rod,Trir,1.0437319,0.071578294,0.29660943792590766,0.4898439116485741,0.25029103608847497,4510,0.32974848,24.07982261640777,3436,0.3439354,25.02910360884757,not_significant
P15,Rod,Nrm,1.0426173,0.1178971,0.29712555129280493,0.4904891651177276,0.14260768335273574,4510,0.17507543,13.525498891352688,3436,0.18865874,14.260768335273614,not_significant
P15,Rod,Tpr,1.0420051,0.06593731,0.2974093173977128,0.4905607560028694,0.37747380675203723,4510,0.57376814,36.674057649668235,3436,0.5939793,37.74738067520384,not_significant
P15,Rod,Hp1bp3,1.0414485,0.065125294,0.29766744303844206,0.4908355869837698,0.3087892898719441,4510,0.4321761,29.84478935698468,3436,0.44825032,30.878928987194502,not_significant
P15,Rod,Pink1,1.0397974,0.07845284,0.2984340099374021,0.49194838024100335,0.2651338766006985,4510,0.3569336,25.698447893569664,3436,0.37357014,26.513387660069927,not_significant
P15,Rod,Zyg11b,1.0365837,0.08471864,0.2999299274518288,0.49426240579158515,0.24243306169965076,4510,0.3424861,23.392461197339056,3436,0.35987306,24.243306169965148,not_significant
P15,Rod,Pot1a,1.0355816,0.121962465,0.3003973869123835,0.49488070743182583,0.12689173457508732,4510,0.1695239,11.995565410199713,3436,0.1831856,12.689173457508765,not_significant
P15,Rod,Abi2,1.0353599,0.07395172,0.30050086128313136,0.49489917713316445,0.2767753201396973,4510,0.39386377,26.696230598669533,3436,0.41084185,27.677532013969813,not_significant
P15,Rod,Psmc2,1.0342712,0.087437935,0.3010093877772273,0.4955845168928936,0.2217694994179278,4510,0.28921413,21.33037694013292,3436,0.30478457,22.17694994179285,not_significant
P15,Rod,Cd164,1.0330361,0.083773,0.3015869771504335,0.4960786707865456,0.16414435389988358,4510,0.21273851,15.543237250554395,3436,0.22413048,16.414435389988405,not_significant
P15,Rod,Gas5,1.0324383,0.04853225,0.3018668432012396,0.49638680163441107,0.3370197904540163,4510,0.52321994,32.26164079822659,3436,0.5370618,33.70197904540173,not_significant
P15,Rod,Relch,1.0306286,0.06902677,0.302715033983473,0.4976290046850595,0.3480791618160652,4510,0.52490515,34.013303769401915,3436,0.5447219,34.80791618160662,not_significant
P15,Rod,Slc4a7,1.0293072,0.029286904,0.3033353250472769,0.49821955348714003,0.8780558789289872,4510,1.9447167,87.49445676275495,3436,1.9621433,87.8055878928918,not_significant
P15,Rod,5330438D12Rik,1.029072,0.040342115,0.30344580187220105,0.49821955348714003,0.2881257275902212,4510,0.43373427,27.383592017738334,3436,0.44366395,28.812572759022203,not_significant
P15,Rod,Uba1,1.0285404,0.10420272,0.303695731398406,0.49847732656702876,0.1871362048894063,4510,0.2358129,17.937915742793784,3436,0.25142464,18.713620488940684,not_significant
P15,Rod,Taf7,1.0269107,0.11147581,0.30446254543446727,0.499583081587789,0.13969732246798602,4510,0.17326201,13.25942350332609,3436,0.18596077,13.96973224679864,not_significant
P15,Rod,Zfp157,1.0244026,0.09566135,0.3056451289119375,0.5012066023335379,0.13591385331781142,4510,0.18012626,12.815964523281759,3436,0.19136314,13.591385331781177,not_significant
P15,Rod,Arhgap24,1.0229113,0.05441621,0.30634976100705325,0.5019120702632357,0.6658905704307334,4510,1.2304289,65.1884700665223,3436,1.257274,66.58905704307038,not_significant
P15,Rod,Zfp933,1.0226372,0.10386278,0.3064794094883697,0.5019711610673634,0.14144353899883585,4510,0.18609181,13.414634146341605,3436,0.19868742,14.144353899883624,not_significant
P15,Rod,Chka,1.02163,0.09804587,0.3069560233380031,0.50259832392706,0.17374854481955762,4510,0.2396233,16.563192904656358,3436,0.25449616,17.37485448195581,not_significant
P15,Rod,Rp9,1.0211967,0.115076736,0.3071612526549642,0.5027244741781571,0.14173457508731083,4510,0.1832798,13.458980044346038,3436,0.19708893,14.173457508731122,not_significant
P15,Rod,Cpox,1.0209242,0.10683665,0.30729034850296744,0.5027244741781571,0.10855646100116415,4510,0.13637058,10.155210643015625,3436,0.14612152,10.855646100116443,not_significant
P15,Rod,Ccdc117,1.0208738,0.10641046,0.3073142339355289,0.5027244741781571,0.1990686845168801,4510,0.2657391,19.090909090909044,3436,0.28344446,19.906868451688066,not_significant
P15,Rod,Rnf7,1.0198766,0.09018851,0.3077870159671714,0.5033217249786383,0.20663562281722933,4510,0.26426226,19.844789356984407,3436,0.27913186,20.663562281722996,not_significant
P15,Rod,Wdr41,1.0196109,0.06938834,0.30791305274458536,0.5033217249786383,0.1929569266589057,4510,0.27077377,18.381374722838114,3436,0.28239354,19.295692665890627,not_significant
P15,Rod,Ipo11,1.0190681,0.098478734,0.30817063113607934,0.5035111987249252,0.13445867287543656,4510,0.18348147,12.660753880266244,3436,0.19525409,13.445867287543692,not_significant
P15,Rod,Pi4k2a,1.0183057,0.061862066,0.30853271024621765,0.5039492867724457,0.19062863795110593,4510,0.2554094,18.0931263858093,3436,0.2652364,19.062863795110648,not_significant
P15,Rod,Limch1,1.0174954,0.047499266,0.3089178163358176,0.5041254760433099,0.37281722933643774,4510,0.6036042,36.097560975610534,3436,0.61865884,37.281722933643884,not_significant
P15,Rod,Vipr2,1.0172534,0.11613406,0.309032918892287,0.5041254760433099,0.11786961583236322,4510,0.16410759,11.086474501108778,3436,0.17671488,11.786961583236353,not_significant
P15,Rod,Cyhr1,1.017062,0.07060643,0.30912398564792876,0.5041254760433099,0.1859720605355064,4510,0.23768044,17.671840354767184,3436,0.248235,18.597206053550693,not_significant
P15,Rod,Taf10,1.01689,0.08052872,0.30920574587541416,0.5041254760433099,0.1522118742724098,4510,0.18589474,14.412416851441352,3436,0.19558594,15.22118742724102,not_significant
P15,Rod,Eef1a1,1.0142821,0.045663632,0.31044816301947387,0.5058456702419374,0.5378346915017462,4510,0.96616083,51.33037694013522,3436,0.9858861,53.78346915017407,not_significant
P15,Rod,Arfgap2,1.0116179,0.09712451,0.3117208094330324,0.5073029192350684,0.16268917345750872,4510,0.21083105,15.498891352549963,3436,0.22398193,16.268917345750918,not_significant
P15,Rod,Pus10,1.0110381,0.1087541,0.31199822312676406,0.5076003848504588,0.10651920838183934,4510,0.14212766,9.955654101995663,3436,0.15244761,10.651920838183964,not_significant
P15,Rod,Arhgap5,1.0107111,0.050408307,0.31215475061290177,0.5077010558785946,0.5462747380675204,4510,0.915597,54.146341463417066,3436,0.9366972,54.627473806751325,not_significant
P15,Rod,Mydgf,1.0086681,0.09071585,0.3131338255835866,0.5090415587474539,0.13009313154831198,4510,0.15693723,12.239467849224111,3436,0.16631907,13.009313154831235,not_significant
P15,Rod,Vdac1,1.0051891,0.06963206,0.3148058202712385,0.5111887025366844,0.29947613504074505,4510,0.4208262,29.20177383592032,3436,0.43766907,29.947613504074592,not_significant
P15,Rod,Fbxo8,1.0051733,0.07802291,0.3148134093923044,0.5111887025366844,0.1728754365541327,4510,0.22941649,16.40798226164084,3436,0.2407441,17.28754365541332,not_significant
P15,Rod,Rnf115,1.0046879,0.07829818,0.31504714271350553,0.5113200827580162,0.1909196740395809,4510,0.25658575,18.181818181818166,3436,0.26912844,19.091967403958147,not_significant
P15,Rod,Tab2,1.0032552,0.08140958,0.3157376970315837,0.512285846000428,0.19557625145518046,4510,0.26691532,18.713968957871362,3436,0.28042307,19.557625145518102,not_significant
P15,Rod,Atp5md,1.0026962,0.064455345,0.3160074809107697,0.5125685296659718,0.37514551804423746,4510,0.635944,36.585365853659354,3436,0.65721595,37.51455180442386,not_significant
P15,Rod,Mpv17l,1.0003369,0.12621208,0.3171474924210137,0.5139514046363497,0.16880093131548313,4510,0.23198189,16.252771618625324,3436,0.25073326,16.88009313154836,not_significant
P15,Rod,Ppil6,0.9994782,0.121655904,0.31756309160408325,0.5143714834932714,0.15017462165308498,4510,0.20297946,14.368070953436918,3436,0.21901324,15.01746216530854,not_significant
P15,Rod,Arhgef11,0.9949402,0.057309635,0.3197653467461655,0.5169251762544058,0.3032596041909197,4510,0.46609607,29.024390243902566,3436,0.48108095,30.325960419092056,not_significant
P15,Rod,Arpc1a,0.9947242,0.08833621,0.3198704054764473,0.5169251762544058,0.18015133876600697,4510,0.22921763,17.18403547671842,3436,0.24206915,18.01513387660075,not_significant
P15,Rod,Paqr4,0.9943756,0.081864215,0.3200400566190459,0.5169251762544058,0.16821885913853318,4510,0.21300027,16.008869179600943,3436,0.22413863,16.821885913853365,not_significant
P15,Rod,Hnrnpu,0.99436235,0.03084155,0.3200464952441223,0.5169251762544058,0.7971478463329453,4510,1.5834596,79.42350332594711,3436,1.6004845,79.71478463328911,not_significant
P15,Rod,Fra10ac1,0.99353033,0.08945653,0.32045157545902625,0.5172742253271794,0.19761350407450523,4510,0.2643963,18.93569844789353,3436,0.27914888,19.761350407450582,not_significant
P15,Rod,Ubl3,0.9926342,0.08914935,0.32088826969867834,0.5176942789736186,0.25552968568102447,4510,0.35137194,24.85587583148535,3436,0.37008157,25.552968568102518,not_significant
P15,Rod,Vps53,0.992027,0.04930898,0.32118434971371457,0.5178337396646723,0.25844004656577413,4510,0.35505703,24.678492239467616,3436,0.3653951,25.84400465657749,not_significant
P15,Rod,Glrx5,0.9915925,0.10609833,0.3213963282664315,0.5180198031313518,0.15774155995343422,4510,0.19137938,15.055432372505631,3436,0.20458426,15.774155995343467,not_significant
P15,Rod,Ppt1,0.99082494,0.062366113,0.32177106489838414,0.5183123099444241,0.13474970896391153,4510,0.1735674,12.638580931264027,3436,0.18058184,13.47497089639119,not_significant
P15,Rod,Ddx3y,0.9900895,0.072593175,0.3221303931857976,0.5185796605788171,0.20139697322467986,4510,0.27663592,19.290465631928992,3436,0.2890304,20.139697322468045,not_significant
P15,Rod,Zfand5,0.9887374,0.062375892,0.3227916246354483,0.5191329598805706,0.42491268917345754,4510,0.6409102,41.640798226165366,3436,0.6616012,42.491268917345884,not_significant
P15,Rod,Dcaf7,0.98839664,0.08526564,0.3229584289779356,0.5191329598805706,0.1589057043073341,4510,0.20532918,15.144124168514498,3436,0.21656695,15.890570430733456,not_significant
P15,Rod,Dennd1b,0.98816836,0.09285087,0.323070198516502,0.5191329598805706,0.2229336437718277,4510,0.3262759,21.596452328159515,3436,0.34461328,22.293364377182836,not_significant
P15,Rod,Lactb2,0.98780465,0.1397231,0.32324833818066856,0.5191329598805706,0.10011641443538999,4510,0.1281019,9.401330376940214,3436,0.14025503,10.011641443539025,not_significant
P15,Rod,Mnat1,0.9870525,0.082447425,0.32361689568985597,0.5194138325794098,0.24912689173457508,4510,0.3597213,24.124168514412204,3436,0.37733397,24.912689173457583,not_significant
P15,Rod,Slc35a1,0.98646635,0.16458961,0.32390431953682586,0.5195642254771333,0.12339930151338765,4510,0.1546587,11.796008869179753,3436,0.17182694,12.3399301513388,not_significant
P15,Rod,2010315B03Rik,0.9836181,0.0938551,0.3253033335174095,0.5211849106891829,0.18277066356228172,4510,0.24848858,17.51662971175167,3436,0.26316977,18.277066356228225,not_significant
P15,Rod,Spint2,0.98129106,0.0849739,0.3264492247600663,0.5224992826122574,0.1871362048894063,4510,0.24128047,17.960088691796,3436,0.25420263,18.713620488940684,not_significant
P15,Rod,Txndc9,0.981161,0.097108655,0.32651334737440096,0.5224992826122574,0.17258440046565773,4510,0.21937244,16.54101995565414,3436,0.23299406,17.258440046565823,not_significant
P15,Rod,Aasdhppt,0.9782408,0.13402176,0.3279552420801546,0.5241788490458649,0.15948777648428406,4510,0.19654171,15.343680709534446,3436,0.21376282,15.94877764842845,not_significant
P15,Rod,Prdx2,0.9780461,0.0884303,0.3280515280102476,0.5241788490458649,0.24476135040745053,4510,0.33709484,23.791574279378956,3436,0.3550221,24.476135040745124,not_significant
P15,Rod,Traf6,0.9776074,0.0721597,0.3282685285516107,0.5243693827131745,0.110011641443539,4510,0.14688736,10.266075388026714,3436,0.15386948,11.001164144353929,not_significant
P15,Rod,1110038F14Rik,0.973844,0.06267788,0.33013400858649844,0.5270353637077314,0.2389406286379511,4510,0.32432345,22.949002217294726,3436,0.3365471,23.89406286379518,not_significant
P15,Rod,Eci1,0.9734885,0.111866035,0.3303105671959563,0.5271603339598661,0.1280558789289872,4510,0.15308353,12.150776053215239,3436,0.1644627,12.805587892898753,not_significant
P15,Rod,Cnot7,0.97074103,0.061331306,0.33167724876560056,0.5288694299579909,0.2569848661233993,4510,0.35349822,24.700665188469834,3436,0.36634713,25.698486612340005,not_significant
P15,Rod,Srsf4,0.97050464,0.048890706,0.33179501481181495,0.528899987949651,0.3981373690337602,4510,0.59157395,39.13525498891458,3436,0.606848,39.81373690337614,not_significant
P15,Rod,Rbm15,0.96795857,0.15468165,0.3330650492091167,0.530766762910785,0.10651920838183934,4510,0.130475,10.066518847006753,3436,0.14422391,10.651920838183964,not_significant
P15,Rod,Ubl5,0.9674816,0.05161153,0.3333033342174039,0.530988739157159,0.38038416763678695,4510,0.6344987,37.006651884701526,3436,0.6514657,38.03841676367881,not_significant
P15,Rod,Thoc1,0.96648735,0.06613574,0.3338003759569468,0.5314208455138185,0.19528521536670548,4510,0.2822439,18.713968957871362,3436,0.2937131,19.528521536670603,not_significant
P15,Rod,Snx10,0.9657693,0.05163988,0.33415964926219177,0.5317212573842767,0.3690337601862631,4510,0.543046,35.942350332595,3436,0.55820125,36.903376018626425,not_significant
P15,Rod,Prrc2a,0.9632246,0.080415465,0.3354348300463752,0.533275764187539,0.19848661233993015,4510,0.2573669,19.002217294900177,3436,0.27029037,19.848661233993074,not_significant
P15,Rod,Rps19,0.96265084,0.049401976,0.3357227829731029,0.5335754097385849,0.33963911525029106,4510,0.54728395,32.993348115299824,3436,0.56185985,33.963911525029204,not_significant
P15,Rod,Ctsd,0.9604752,0.09503075,0.336816095117079,0.5348376359407969,0.15366705471478465,4510,0.1990604,14.656319290465733,3436,0.2112753,15.366705471478506,not_significant
P15,Rod,Hspa5,0.9595037,0.07740937,0.3373050627149865,0.5352971468648484,0.30587892898719443,4510,0.46374077,30.044345898004654,3436,0.48398864,30.58789289871953,not_significant
P15,Rod,Vps37b,0.95910263,0.060810234,0.3375070339552906,0.5354592517409579,0.22846332945285217,4510,0.30934972,21.95121951219498,3436,0.3207393,22.846332945285283,not_significant
P15,Rod,Dctn6,0.9587726,0.10135682,0.3376733051876645,0.5355646389788977,0.1621071012805588,4510,0.20440222,15.52106430155218,3436,0.21776733,16.210710128055926,not_significant
P15,Rod,Dmtf1,0.9570969,0.06258732,0.3385183649762331,0.5365560586832006,0.38649592549476136,4510,0.59745383,38.070953436808054,3436,0.6172007,38.64959254947625,not_significant
P15,Rod,Fam120c,0.9569848,0.07043504,0.33857492509432996,0.5365560586832006,0.1920838183934808,4510,0.28281188,18.33702882483368,3436,0.29506174,19.208381839348135,not_significant
P15,Rod,Tmem168,0.95669013,0.11414005,0.33872368436777545,0.5365959370787795,0.10826542491268917,4510,0.13795054,10.177383592017843,3436,0.14850344,10.826542491268947,not_significant
P15,Rod,C2cd2l,0.95518214,0.047452096,0.33948559361648234,0.5373268587072326,0.5247380675203726,4510,0.84488374,52.039911308206236,3436,0.86377615,52.47380675203694,not_significant
P15,Rod,Tent4b,0.95314956,0.05935489,0.3405142905637053,0.5386371732774153,0.30675203725261935,4510,0.4517261,29.689578713969144,3436,0.4668768,30.675203725262023,not_significant
P15,Rod,Phf6,0.9525299,0.10620489,0.3408283034999787,0.5389199579230795,0.12514551804423749,4510,0.16731371,11.840354767184188,3436,0.17901452,12.514551804423782,not_significant
P15,Rod,Tshz1,0.9523235,0.070290044,0.3409329574432278,0.5389199579230795,0.12863795110593715,4510,0.17670089,12.106430155210804,3436,0.18475515,12.863795110593749,not_significant
P15,Rod,Nsfl1c,0.952004,0.07296504,0.3410949398114942,0.5389199579230795,0.12922002328288706,4510,0.15676501,12.172949002217457,3436,0.16426381,12.922002328288743,not_significant
P15,Rod,Coq7,0.9492878,0.10654279,0.3424742684492531,0.5403672271813869,0.15017462165308498,4510,0.18518366,14.345898004434702,3436,0.19805725,15.01746216530854,not_significant
P15,Rod,Zfp397,0.9492084,0.09588424,0.3425146481015502,0.5403672271813869,0.20576251455180442,4510,0.27305928,19.844789356984407,3436,0.28934658,20.576251455180504,not_significant
P15,Rod,Mplkip,0.9484363,0.14184587,0.3429073862634314,0.5405504756958512,0.14580908032596043,4510,0.17895333,14.03547671840367,3436,0.19574042,14.580908032596081,not_significant
P15,Rod,Ccdc85b,0.9477094,0.08060224,0.3432774189215204,0.5409342171254511,0.2060535506402794,4510,0.26279193,19.88913525498884,3436,0.27598327,20.605355064028,not_significant
P15,Rod,Ctnna2,0.9470148,0.17171508,0.3436312376793811,0.5411737988585438,0.1370779976717113,4510,0.21714976,13.215077605321657,3436,0.24152185,13.707799767171167,not_significant
P15,Rod,Adnp,0.9467094,0.051163007,0.3437868797212005,0.5412600008290341,0.4234575087310827,4510,0.63368034,41.95121951219644,3436,0.6504821,42.34575087310839,not_significant
P15,Rod,Tasp1,0.9436825,0.06286485,0.3453319144094458,0.5435329779613459,0.3585564610011641,4510,0.5465951,35.07760532150844,3436,0.56517565,35.85564610011652,not_significant
P15,Rod,Tfdp1,0.9405441,0.049544793,0.3469385371231891,0.5452617383910889,0.12252619324796275,4510,0.15572628,11.485587583148702,3436,0.16075192,12.252619324796308,not_significant
P15,Rod,Smu1,0.9400766,0.06737096,0.34717827146923463,0.5453340793993506,0.12689173457508732,4510,0.15400244,11.973392461197497,3436,0.16080247,12.689173457508765,not_significant
P15,Rod,Tecr,0.9400578,0.060663298,0.34718789730588784,0.5453340793993506,0.34866123399301513,4510,0.5070557,34.124168514413014,3436,0.5239922,34.86612339930162,not_significant
P15,Rod,Plcb4,0.93775296,0.060440265,0.34837138904796505,0.5466828756912018,0.4348079161816065,4510,0.71427435,42.79379157428077,3436,0.7358791,43.48079161816079,not_significant
P15,Rod,Txndc15,0.9368345,0.083642356,0.348843698551381,0.5469738670066084,0.1720023282887078,4510,0.21877873,16.47450110864749,3436,0.23043953,17.200232828870828,not_significant
P15,Rod,Uckl1os,0.936559,0.056678746,0.34898544544079446,0.5470362154717772,0.3268335273573923,4510,0.46888047,31.8181818181822,3436,0.48376757,32.68335273573933,not_significant
P15,Rod,Vps37a,0.9348218,0.035716116,0.34988015582277954,0.5482784562761874,0.5654831199068685,4510,0.93746626,56.18625277162125,3436,0.9526008,56.548311990685775,not_significant
P15,Rod,Ttc21b,0.9327576,0.073546864,0.3509451260432064,0.5493054146763231,0.13416763678696159,4510,0.18809095,12.705099778270675,3436,0.19701856,13.416763678696194,not_significant
P15,Rod,Psmd1,0.9320188,0.056278616,0.3513267954134208,0.549742395156823,0.2619324796274738,4510,0.36671853,25.254988913525278,3436,0.37885725,26.193247962747456,not_significant
P15,Rod,Aarsd1,0.9283643,0.06921939,0.35321863928032804,0.5517369776061967,0.2040162980209546,4510,0.26317528,19.64523281596446,3436,0.2744838,20.40162980209552,not_significant
P15,Rod,G3bp1,0.9280916,0.085022636,0.3533600747723209,0.5517972171990478,0.1690919674039581,4510,0.22277766,16.164079822616458,3436,0.23482776,16.909196740395856,not_significant
P15,Rod,Tmem50a,0.92717266,0.11101036,0.35383689902666693,0.5523261035209376,0.15250291036088476,4510,0.18861447,14.589800443459083,3436,0.20226976,15.250291036088518,not_significant
P15,Rod,Pigs,0.9244189,0.09131079,0.35526824148055103,0.5536487063630667,0.18771827706635622,4510,0.2522468,18.137472283813732,3436,0.26670846,18.771827706635676,not_significant
P15,Rod,Rrn3,0.922999,0.10162832,0.3560077159699192,0.5544789165106406,0.12369033760186263,4510,0.16002627,11.751662971175318,3436,0.17076121,12.369033760186298,not_significant
P15,Rod,Lrfn2,0.922579,0.075238906,0.3562266341928666,0.5546588289725796,0.13445867287543656,4510,0.20914145,12.705099778270675,3436,0.21919395,13.445867287543692,not_significant
P15,Rod,Patz1,0.921971,0.106516294,0.35654369944815967,0.5547909451054588,0.1079743888242142,4510,0.14076096,10.19955654102006,3436,0.15077183,10.79743888242145,not_significant
P15,Rod,Efl1,0.92187744,0.08247339,0.35659249076626187,0.5547909451054588,0.11263096623981374,4510,0.1522762,10.598669623059983,3436,0.16055168,11.263096623981404,not_significant
P15,Rod,Lats1,0.92182136,0.043824434,0.35662177082841573,0.5547909451054588,0.199941792782305,4510,0.26884142,19.04656319290461,3436,0.27608576,19.994179278230558,not_significant
P15,Rod,Dpm1,0.9214691,0.05609568,0.35680557821498216,0.5549141190407008,0.34633294528521535,4510,0.49472603,34.013303769401915,3436,0.51008123,34.63329452852164,not_significant
P15,Rod,Rpl23a,0.92014384,0.075378194,0.3574975926618539,0.5555712967020573,0.24359720605355065,4510,0.3512379,23.658536585365656,3436,0.36699966,24.359720605355136,not_significant
P15,Rod,Lgmn,0.9200127,0.062315892,0.3575661187501544,0.5555712967020573,0.3445867287543655,4510,0.49766743,33.83592017738416,3436,0.5148247,34.458672875436655,not_significant
P15,Rod,Bicd2,0.91975063,0.11851295,0.35770309695936975,0.5555712967020573,0.10739231664726426,4510,0.1318172,10.133037694013407,3436,0.14233504,10.739231664726455,not_significant
P15,Rod,Ruvbl1,0.91967076,0.12957318,0.357744828264151,0.5555712967020573,0.10419091967403958,4510,0.12315659,9.844789356984574,3436,0.13398644,10.419091967403986,not_significant
P15,Rod,Dctn1,0.9183144,0.04616869,0.35845429809343143,0.5561900072239416,0.5238649592549476,4510,0.84448326,51.840354767186255,3436,0.8628565,52.38649592549447,not_significant
P15,Rod,Angel2,0.9165633,0.084616944,0.3593715330700127,0.557336918987551,0.19179278230500582,4510,0.26133844,18.403547671840332,3436,0.27513507,19.17927823050064,not_significant
P15,Rod,Dcun1d1,0.9165066,0.13659202,0.35940126822854934,0.557336918987551,0.17316647264260768,4510,0.2267958,16.80709534368074,3436,0.24674618,17.31664726426082,not_significant
P15,Rod,1110059E24Rik,0.9151161,0.108054474,0.36013068362681,0.5581453299549867,0.14435389988358557,4510,0.19408678,13.83592017738372,3436,0.2077138,14.435389988358596,not_significant
P15,Rod,Gatad2b,0.91416013,0.060899958,0.3606327233863744,0.5586006145667087,0.3550640279394645,4510,0.53333503,35.07760532150844,3436,0.5510009,35.506402793946556,not_significant
P15,Rod,Bcl9,0.913607,0.08488888,0.3609233740974839,0.558889428019314,0.10942956926658906,4510,0.14489543,10.288248337028932,3436,0.15303716,10.942956926658935,not_significant
P15,Rod,Sec23b,0.91029674,0.08615701,0.3626660457642581,0.5612039556952696,0.11146682188591385,4510,0.14498626,10.509977827051111,3436,0.15325756,11.146682188591415,not_significant
P15,Rod,Chmp2a,0.91017175,0.07033457,0.36273193780676727,0.5612039556952696,0.3105355064027939,4510,0.44816235,30.354767184035726,3436,0.46604753,31.053550640279486,not_significant
P15,Rod,BC034090,0.9088414,0.07718665,0.36343386048836446,0.5619657617929049,0.270372526193248,4510,0.37659228,26.363636363636246,3436,0.39369196,27.037252619324875,not_significant
P15,Rod,Zfp641,0.90839756,0.07241331,0.363668209446507,0.5621660736227849,0.1350407450523865,4510,0.1875515,12.749445676275108,3436,0.19631574,13.504074505238686,not_significant
P15,Rod,Ric3,0.9066395,0.07373852,0.36459746879518984,0.5627488032702109,0.23544819557625146,4510,0.32479432,22.815964523281426,3436,0.33923236,23.544819557625214,not_significant
P15,Rod,Kif5b,0.90607035,0.06406913,0.36489860465110124,0.5627705909570175,0.3448777648428405,4510,0.5145839,33.52549889135309,3436,0.5326856,34.487776484284154,not_significant
P15,Rod,Pfdn2,0.90563476,0.07594271,0.3651291928031615,0.5629196921097019,0.2217694994179278,4510,0.28910676,21.5742793791573,3436,0.30258563,22.17694994179285,not_significant
P15,Rod,Armc1,0.9041869,0.047873974,0.3658963090577736,0.5638229824147939,0.3961001164144354,4510,0.58182174,38.84700665188573,3436,0.59659564,39.61001164144366,not_significant
P15,Rod,Tra2b,0.89854264,0.07094185,0.36889633446020487,0.5672372358362269,0.3358556461001164,4510,0.48993927,33.3037694013309,3436,0.50927424,33.585564610011744,not_significant
P15,Rod,Cops4,0.898311,0.07457986,0.3690197528892425,0.5672372358362269,0.1880093131548312,4510,0.24374686,18.02660753880265,3436,0.25515816,18.800931315483176,not_significant
P15,Rod,Gapdh,0.89735514,0.03268524,0.3695294315079102,0.5677902808961416,0.7561117578579744,4510,1.8394462,75.01108647450546,3436,1.8585346,75.6111757857928,not_significant
P15,Rod,Ssr3,0.89692384,0.051391803,0.36975956840715174,0.5679811927078929,0.16880093131548313,4510,0.2112932,16.053215077605376,3436,0.21817634,16.88009313154836,not_significant
P15,Rod,Mff,0.8966115,0.06910761,0.3699262495695175,0.5680745498685633,0.28667054714784634,4510,0.3937004,27.960088691796038,3436,0.4095429,28.66705471478472,not_significant
P15,Rod,Gna13,0.89581066,0.08514422,0.370353899172876,0.5684361972719133,0.13329452852153667,4510,0.17383352,12.638580931264027,3436,0.18348718,13.329452852153704,not_significant
P15,Rod,Krcc1,0.8957736,0.058056127,0.37037369676833276,0.5684361972719133,0.15133876600698487,4510,0.20351823,14.368070953436918,3436,0.21105103,15.133876600698528,not_significant
P15,Rod,Clcn4,0.8952949,0.055203,0.3706294541872154,0.5686434352375647,0.19877764842840512,4510,0.26125124,19.002217294900177,3436,0.270179,19.87776484284057,not_significant
P15,Rod,Vti1b,0.89512414,0.071008466,0.3707207481405227,0.5686434352375647,0.16880093131548313,4510,0.21748054,16.119733924612024,3436,0.22729312,16.88009313154836,not_significant
P15,Rod,Gm26549,0.8947964,0.15211023,0.3708959460284893,0.5687495295874262,0.1050640279394645,4510,0.13758536,9.977827050997881,3436,0.1517769,10.506402793946478,not_significant
P15,Rod,Gm16124,0.89426357,0.06402923,0.3711808818474178,0.5689025231990035,0.26979045401629803,4510,0.3920423,26.252771618625147,3436,0.40665317,26.979045401629882,not_significant
P15,Rod,Hcfc1r1,0.893629,0.10491649,0.37152042565710797,0.569218955505492,0.10710128055878929,4510,0.1253947,10.110864745011188,3436,0.13424513,10.710128055878958,not_significant
P15,Rod,Dcp1a,0.89288694,0.070796914,0.3719177122355948,0.5696649367309338,0.14726426076833526,4510,0.20339644,13.96895787139702,3436,0.21261077,14.726426076833569,not_significant
P15,Rod,1190005I06Rik,0.8919529,0.061145,0.37241819676635013,0.5702686861132463,0.3818393480791618,4510,0.5787027,37.8935698447903,3436,0.5975462,38.183934807916295,not_significant
P15,Rod,Cops2,0.8911194,0.07977503,0.3728651019377587,0.5706272201980421,0.19062863795110593,4510,0.25423777,18.3592017738359,3436,0.26692015,19.062863795110648,not_significant
P15,Rod,Polr2j,0.8902231,0.093682125,0.37334610417984293,0.5709647849089237,0.2179860302677532,4510,0.2883983,21.152993348115185,3436,0.305067,21.798603026775385,not_significant
P15,Rod,1700029J07Rik,0.8890497,0.07562342,0.3739763556132053,0.5715787222141557,0.19819557625145517,4510,0.2711941,19.04656319290461,3436,0.28389627,19.819557625145574,not_significant
P15,Rod,Kmt5b,0.88887495,0.05436424,0.3740703059777517,0.5715787222141557,0.36146682188591384,4510,0.53293175,35.033259423504006,3436,0.5486709,36.1466821885915,not_significant
P15,Rod,4933434E20Rik,0.88877094,0.10025421,0.37412619196381447,0.5715787222141557,0.14464493597206055,4510,0.18276218,13.83592017738372,3436,0.19471052,14.464493597206094,not_significant
P15,Rod,Sh3gl1,0.8885422,0.09939733,0.37424917286373904,0.5716038050230912,0.1469732246798603,4510,0.19196513,14.079822616408103,3436,0.20434614,14.697322467986071,not_significant
P15,Rod,Zfp637,0.88642454,0.12035603,0.3753888071734366,0.5730180881270103,0.11292200232828871,4510,0.1347071,10.73170731707329,3436,0.14561215,11.292200232828902,not_significant
P15,Rod,Rab24,0.8845464,0.094478056,0.3764013212157755,0.5743353831255816,0.13067520372526192,4510,0.16007763,12.461197339246292,3436,0.17003894,13.067520372526229,not_significant
P15,Rod,Dnajc7,0.88316345,0.071653605,0.3771479674547722,0.5745772624236457,0.2520372526193248,4510,0.3414518,24.501108647449886,3436,0.3560735,25.203725261932554,not_significant
P15,Rod,Asah1,0.8826788,0.06351635,0.37740983541987017,0.5746313815475969,0.11525029103608847,4510,0.14444196,10.84257206208438,3436,0.15047733,11.52502910360888,not_significant
P15,Rod,Rpl3,0.8823506,0.044673365,0.3775872351151828,0.5747383453909877,0.4775902211874272,4510,0.830547,46.053215077607014,3436,0.84813505,47.75902211874287,not_significant
P15,Rod,Ndufc2,0.8789176,0.07193785,0.37944596248702045,0.576898993817944,0.30034924330616997,4510,0.43525252,29.467849223946953,3436,0.45313483,30.034924330617084,not_significant
P15,Rod,Map3k10,0.87831664,0.059536,0.379771911937799,0.576898993817944,0.1079743888242142,4510,0.13564473,10.155210643015625,3436,0.14097464,10.79743888242145,not_significant
P15,Rod,Dock3,0.87786037,0.103930295,0.3800195027918273,0.576898993817944,0.11437718277066357,4510,0.16355573,10.84257206208438,3436,0.174763,11.437718277066388,not_significant
P15,Rod,Hspa14,0.8775158,0.03800479,0.38020653026543716,0.576898993817944,0.26251455180442373,4510,0.3611131,25.23281596452306,3436,0.36917144,26.251455180442452,not_significant
P15,Rod,Dynlrb1,0.87580466,0.086814,0.3811362374001508,0.5778447646733772,0.2208963911525029,4510,0.29552382,21.485587583148433,3436,0.311268,22.089639115250357,not_significant
P15,Rod,Cab39l,0.873244,0.07456325,0.38253010438060653,0.5794916591345599,0.2767753201396973,4510,0.41611838,27.073170731707265,3436,0.4340131,27.677532013969813,not_significant
P15,Rod,Gtf2e1,0.872862,0.1149642,0.3827383064594343,0.5796183726280083,0.1050640279394645,4510,0.1380379,9.955654101995663,3436,0.14867587,10.506402793946478,not_significant
P15,Rod,Sppl3,0.8720656,0.045415137,0.38317257890473155,0.5799679693604427,0.2671711292200233,4510,0.39352226,25.78713968957854,3436,0.4038728,26.717112922002407,not_significant
P15,Rod,St13,0.8698594,0.046795763,0.3843772343096703,0.5816077531275237,0.4438300349243306,4510,0.6893734,43.1707317073185,3436,0.705662,44.3830034924332,not_significant
P15,Rod,1810037I17Rik,0.8690719,0.14511831,0.3848078113001152,0.5819476645878244,0.11554132712456344,4510,0.13862185,11.042128603104343,3436,0.15222673,11.554132712456376,not_significant
P15,Rod,4930405A21Rik,0.86885196,0.058490127,0.38492810452173243,0.5819488028902403,0.2019790454016298,4510,0.27753115,19.401330376940077,3436,0.28750855,20.19790454016304,not_significant
P15,Rod,Gt(ROSA)26Sor,0.8686031,0.09439477,0.38506426684911554,0.581990624789703,0.129802095459837,4510,0.16591094,12.394678492239636,3436,0.17619509,12.980209545983737,not_significant
P15,Rod,Rchy1,0.86779773,0.08646083,0.38550508615833223,0.5824927555361392,0.1568684516880093,4510,0.20473824,15.011086474501198,3436,0.21610777,15.686845168800975,not_significant
P15,Rod,Cnot2,0.866716,0.047299415,0.38609762552209725,0.5831156148672432,0.37048894062863796,4510,0.5542117,36.03104212860387,3436,0.5682921,37.04889406286391,not_significant
P15,Rod,Ensa,0.86663765,0.076636106,0.3861405753821012,0.5831156148672432,0.24941792782305006,4510,0.33767772,24.41241685144102,3436,0.3531915,24.94179278230508,not_significant
P15,Rod,Rbm48,0.8663554,0.10805994,0.3862952922649797,0.5831156148672432,0.12281722933643772,4510,0.1568728,11.70731707317088,3436,0.16810179,12.281722933643806,not_significant
P15,Rod,Cdc42se2,0.8655267,0.097266525,0.38674978925228176,0.5833874773760516,0.10739231664726426,4510,0.14092457,10.155210643015625,3436,0.15005037,10.739231664726455,not_significant
P15,Rod,Trim36,0.8646449,0.06280402,0.3872337238169986,0.5837891215723385,0.17054714784633296,4510,0.23477483,16.297117516629758,3436,0.24404216,17.054714784633344,not_significant
P15,Rod,Nrl,0.8637415,0.013342287,0.387729903733141,0.5842402581947472,0.8547729918509895,4510,2.0101948,85.7206208425774,3436,2.018208,85.47729918509246,not_significant
P15,Rod,Gspt1,0.8634416,0.053187944,0.3878947369554785,0.5842929988849161,0.3669965075669383,4510,0.5304611,35.80931263858168,3436,0.5458024,36.69965075669394,not_significant
P15,Rod,Zfp451,0.8624088,0.1023969,0.388462576542429,0.5849840709078016,0.18073341094295692,4510,0.24688295,17.49445676274945,3436,0.26284656,18.073341094295746,not_significant
P15,Rod,Jtb,0.86044264,0.084430814,0.389545106144058,0.586285058742067,0.14464493597206055,4510,0.1767846,13.813747228381503,3436,0.18650319,14.464493597206094,not_significant
P15,Rod,Mrpl11,0.86009675,0.056941435,0.38973571013126407,0.5862884719455421,0.1708381839348079,4510,0.21443361,16.319290465631976,3436,0.22217333,17.08381839348084,not_significant
P15,Rod,Kifap3,0.86004186,0.0534182,0.38976597519720413,0.5862884719455421,0.4071594877764843,4510,0.6267717,39.77827050997894,3436,0.64418554,40.715948777648556,not_significant
P15,Rod,C130071C03Rik,0.85825187,0.088037066,0.39075341110499995,0.5874443097441759,0.28754365541327126,4510,0.44975567,28.292682926829325,3436,0.47229165,28.75436554132721,not_significant
P15,Rod,Cdk11b,0.85797894,0.04989222,0.39090410145794763,0.587506192272466,0.31752037252619325,4510,0.4476329,30.643015521064576,3436,0.4602512,31.75203725261942,not_significant
P15,Rod,Eif1ax,0.8568129,0.11831203,0.3915483015554452,0.5883095488917109,0.13533178114086147,4510,0.16518748,13.015521064301709,3436,0.17811686,13.533178114086184,not_significant
P15,Rod,Chm,0.85555226,0.07496681,0.39224547804594,0.5889266367534409,0.20343422584400467,4510,0.28434548,19.62305986696224,3436,0.29745966,20.343422584400525,not_significant
P15,Rod,Gnaz,0.8537742,0.045130357,0.3932301231825486,0.5899063455610511,0.4211292200232829,4510,0.64228183,41.529933481154266,3436,0.65722793,42.11292200232842,not_significant
P15,Rod,Mpdu1,0.85370064,0.0663576,0.39327089704070073,0.5899063455610511,0.16152502910360886,4510,0.20267913,15.476718403547746,3436,0.21127738,16.15250291036093,not_significant
P15,Rod,Ccdc88a,0.8522671,0.049643777,0.3940658643757191,0.5906033239763502,0.18247962747380675,4510,0.26714754,17.49445676274945,3436,0.27532163,18.24796274738073,not_significant
P15,Rod,Rmdn1,0.8515034,0.055160813,0.3944897953597478,0.5907222276107141,0.37369033760186265,4510,0.58667225,36.563192904657136,3436,0.6038224,37.369033760186376,not_significant
P15,Rod,Dld,0.8514243,0.060466524,0.3945337185278126,0.5907222276107141,0.2724097788125728,4510,0.37407324,26.56319290465622,3436,0.38734236,27.240977881257354,not_significant
P15,Rod,1110002L01Rik,0.85133064,0.078819945,0.394585708711631,0.5907222276107141,0.199941792782305,4510,0.2679701,19.334811529933425,3436,0.28108388,19.994179278230558,not_significant
P15,Rod,Mrpl18,0.85081667,0.09486377,0.3948711951024898,0.5909846792772755,0.1810244470314319,4510,0.22746378,17.49445676274945,3436,0.2411962,18.10244470314324,not_significant
P15,Rod,Lmo1,0.850367,0.0766731,0.39512106328333996,0.5911936913394241,0.12630966239813737,4510,0.15749785,11.995565410199713,3436,0.16542026,12.630966239813771,not_significant
P15,Rod,4930481A15Rik,0.8485743,0.09692127,0.3961182128449412,0.5923551975746486,0.1260186263096624,4510,0.15966989,12.017738359201932,3436,0.16987243,12.601862630966274,not_significant
P15,Rod,Tgs1,0.8465844,0.054708518,0.39722683521905766,0.5936820128489901,0.18626309662398138,4510,0.25427884,17.804878048780484,3436,0.26291898,18.626309662398192,not_significant
P15,Rod,Usp14,0.84335935,0.07247097,0.3990274912386784,0.595709285556435,0.160069848661234,4510,0.2179102,15.365853658536663,3436,0.22794648,16.006984866123446,not_significant
P15,Rod,Tef,0.8410616,0.101556815,0.40031343651223483,0.5971304987351579,0.15570430733410942,4510,0.20687693,15.033259423503415,3436,0.22041427,15.570430733410987,not_significant
P15,Rod,Heca,0.839073,0.087609425,0.40142834241007697,0.5984607083623271,0.129802095459837,4510,0.17660724,12.394678492239636,3436,0.18669188,12.980209545983737,not_significant
P15,Rod,Ubxn11,0.83866227,0.046704594,0.40165884926470274,0.5986379737304434,0.3492433061699651,4510,0.52441484,34.39024390243964,3436,0.53775334,34.92433061699661,not_significant
P15,Rod,Tmem245,0.83785826,0.09862462,0.40211029749268823,0.5989779604973007,0.13533178114086147,4510,0.18030517,12.926829268292842,3436,0.19191039,13.533178114086184,not_significant
P15,Rod,Rab1a,0.837647,0.055135295,0.40222896747237835,0.5989883902059516,0.2331199068684517,4510,0.3114443,22.505543237250393,3436,0.32181555,23.31199068684524,not_significant
P15,Rod,Atg4c,0.8369548,0.053784423,0.40261797631942786,0.5992109730937457,0.38445867287543656,4510,0.58529514,37.80487804878142,3436,0.60198355,38.44586728754377,not_significant
P15,Rod,Sel1l,0.83339834,0.06316587,0.4046201174907583,0.6011040049167379,0.2351571594877765,4510,0.32737178,22.749445676274778,3436,0.3397896,23.515715948777718,not_significant
P15,Rod,St3gal1,0.8319006,0.048231237,0.4054650445649739,0.6019520190857603,0.40366705471478465,4510,0.6295638,39.64523281596563,3436,0.64532137,40.36670547147859,not_significant
P15,Rod,Fbxo9,0.83172226,0.051548,0.4055657339627028,0.6019520190857603,0.2619324796274738,4510,0.36023462,25.432372505543032,3436,0.37117803,26.193247962747456,not_significant
P15,Rod,Cltc,0.83076334,0.044214293,0.40610732024640095,0.6025891191705933,0.33556461001164145,4510,0.48399463,32.59423503325988,3436,0.49586427,33.556461001164244,not_significant
P15,Rod,Cux1,0.8295031,0.04835858,0.4068197652848532,0.6031848620554602,0.3352735739231665,4510,0.49966282,32.43902439024434,3436,0.5129797,33.527357392316745,not_significant
P15,Rod,Rab7,0.8292296,0.07622546,0.40697451441451327,0.6031848620554602,0.20954598370197905,4510,0.27805734,20.33259423503317,3436,0.29114175,20.954598370197967,not_significant
P15,Rod,Pik3r1,0.82905895,0.04516144,0.40707106648783853,0.6031848620554602,0.3617578579743888,4510,0.5454638,35.299334811530635,3436,0.558744,36.17578579743899,not_significant
P15,Rod,Dcun1d5,0.82878655,0.09732147,0.4072251922363508,0.6032465979441551,0.17782305005820723,4510,0.23436828,17.25055432372507,3436,0.24884318,17.782305005820774,not_significant
P15,Rod,Rnf25,0.8263602,0.12898418,0.4085997786561041,0.6046149552307152,0.11350407450523865,4510,0.14405507,10.8647450110866,3436,0.15652409,11.350407450523896,not_significant
P15,Rod,Trappc6b,0.8261344,0.05570901,0.40872786965606345,0.6046376979688705,0.3087892898719441,4510,0.4247229,30.42128603104238,3436,0.4382547,30.878928987194502,not_significant
P15,Rod,Mphosph8,0.82415164,0.06011112,0.4098534188430647,0.6056346387532229,0.31024447031431895,4510,0.4575246,30.42128603104238,3436,0.47302485,31.02444703143199,not_significant
P15,Rod,Ssbp1,0.82351094,0.04991217,0.4102174837396919,0.6060056686256424,0.23864959254947612,4510,0.3230237,23.082039911308026,3436,0.3326942,23.864959254947685,not_significant
P15,Rod,Gtf2i,0.8226042,0.05674808,0.4107331283797211,0.6063860670247544,0.3332363213038417,4510,0.48989025,32.66075388026653,3436,0.50530857,33.32363213038427,not_significant
P15,Rod,Stim2,0.8224618,0.1201331,0.4108141251990972,0.6063860670247544,0.11437718277066357,4510,0.15356943,10.931263858093253,3436,0.16585547,11.437718277066388,not_significant
P15,Rod,Gpatch2l,0.8218954,0.062056098,0.4111364356987711,0.6066948668743352,0.24388824214202562,4510,0.3456387,23.636363636363438,3436,0.35840127,24.388824214202636,not_significant
P15,Rod,Mtfr1l,0.81988376,0.10892446,0.41228238035820397,0.6078841913802656,0.10739231664726426,4510,0.12660551,10.19955654102006,3436,0.13588828,10.739231664726455,not_significant
P15,Rod,P4htm,0.8164959,0.06846662,0.4142165728355377,0.6100652654282878,0.19674039580908032,4510,0.27211052,18.980044345897962,3436,0.28362232,19.67403958090809,not_significant
P15,Rod,Ube2d2a,0.81433374,0.03356228,0.41545378737519045,0.6115005211637837,0.3332363213038417,4510,0.47461444,32.12860310421327,3436,0.48346913,33.32363213038427,not_significant
P15,Rod,4933421O10Rik,0.81419533,0.07989692,0.41553307226733627,0.6115005211637837,0.14959254947613504,4510,0.19316079,14.368070953436918,3436,0.20311318,14.959254947613546,not_significant
P15,Rod,Fmn1,0.8129635,0.047979537,0.4162389987441406,0.6122099318081403,0.4589639115250291,4510,0.792249,45.41019955654265,3436,0.8105824,45.89639115250305,not_significant
P15,Rod,Ddx39b,0.8129558,0.06491468,0.41624340441914387,0.6122099318081403,0.2779394644935972,4510,0.38394713,27.1175166297117,3436,0.3985144,27.7939464493598,not_significant
P15,Rod,Nsrp1,0.8126835,0.067324616,0.41639952247813905,0.6122716662754215,0.20256111757857975,4510,0.28133237,19.600886917960025,3436,0.292979,20.256111757858033,not_significant
P15,Rod,Gtf3c3,0.81222993,0.09707671,0.41665971756511977,0.6123477824394268,0.21303841676367868,4510,0.29822764,20.79822616407972,3436,0.31601733,21.30384167636793,not_significant
P15,Rod,Ndel1,0.8111195,0.06693142,0.41729704349592167,0.6130871929093739,0.21885913853317812,4510,0.30162358,21.1751662971174,3436,0.313912,21.885913853317877,not_significant
P15,Rod,Bcar3,0.80846757,0.057130616,0.4188214702154138,0.6144477872364874,0.1239813736903376,4510,0.1766876,11.751662971175318,3436,0.18320857,12.398137369033794,not_significant
P15,Rod,Coa3,0.80780166,0.062752515,0.41920478330627764,0.614711442770605,0.1769499417927823,4510,0.22378264,17.006651884700688,3436,0.23265707,17.694994179278282,not_significant
P15,Rod,Arhgap17,0.8059549,0.07469162,0.42026886801664465,0.6157667872278836,0.15017462165308498,4510,0.20953178,14.412416851441352,3436,0.21952645,15.01746216530854,not_significant
P15,Rod,Hmox2,0.8041543,0.085401304,0.4213078979160292,0.6166154336757382,0.11757857974388825,4510,0.15046115,11.197339246119869,3436,0.1589437,11.757857974388857,not_significant
P15,Rod,Arl13b,0.8034029,0.045738228,0.4217419091392083,0.6169139898071212,0.5008731082654249,4510,0.80351233,49.77827050997986,3436,0.8211442,50.087310826542634,not_significant
P15,Rod,Ptges2,0.8029259,0.11671079,0.42201756050578043,0.6171489080024554,0.13562281722933645,4510,0.17039974,13.05986696230614,3436,0.18351452,13.562281722933681,not_significant
P15,Rod,Tmem256,0.80227935,0.0979171,0.4223913828864866,0.6175272220777089,0.12427240977881257,4510,0.150651,11.884700665188625,3436,0.16042459,12.427240977881292,not_significant
P15,Rod,Msmo1,0.80105484,0.08685911,0.42309990052647617,0.6180576978278917,0.1239813736903376,4510,0.15925846,11.840354767184188,3436,0.16835304,12.398137369033794,not_significant
P15,Rod,5530601H04Rik,0.7998461,0.0854926,0.4237999673005325,0.6185749726802874,0.12892898719441212,4510,0.17130785,12.350332594235201,3436,0.18087362,12.892898719441245,not_significant
P15,Rod,AI847159,0.79742956,0.04545564,0.4252015884907525,0.6198580493381259,0.8090803259604191,4510,1.7035477,79.73392461197818,3436,1.7293904,80.90803259603628,not_significant
P15,Rod,Prr14l,0.7955378,0.062804,0.4263007027398933,0.620873464430298,0.1580325960419092,4510,0.22718099,15.144124168514498,3436,0.2361826,15.803259604190965,not_significant
P15,Rod,Ddx41,0.7947642,0.08305739,0.42675065794495204,0.6210513927266469,0.11175785797438882,4510,0.13826564,10.64301552106442,3436,0.14588892,11.175785797438913,not_significant
P15,Rod,Psmd5,0.79464895,0.08549142,0.4268177509846499,0.6210513927266469,0.13242142025611175,4510,0.16979331,12.68292682926846,3436,0.17928156,13.242142025611212,not_significant
P15,Rod,Fcho2,0.79453164,0.054868214,0.42688599645472547,0.6210513927266469,0.32363213038416766,4510,0.48793468,31.796008869179982,3436,0.502791,32.36321303841686,not_significant
P15,Rod,Tapt1,0.793999,0.031992782,0.42719599565202204,0.6210850131810566,0.5555878928987195,4510,0.9328714,55.07760532151028,3436,0.9463819,55.55878928987106,not_significant
P15,Rod,Sap30l,0.7938952,0.058565836,0.427256468799049,0.6210850131810566,0.2636786961583236,4510,0.3580661,25.58758314855857,3436,0.3704587,26.36786961583244,not_significant
P15,Rod,Mrpl21,0.79257566,0.058384877,0.4280250807769682,0.6218652582035908,0.15657741559953434,4510,0.19677317,15.011086474501198,3436,0.20412304,15.657741559953479,not_significant
P15,Rod,Wdpcp,0.7907228,0.05683722,0.4291057741325508,0.6229291941669831,0.35797438882421423,4510,0.6248671,35.410199556541734,3436,0.6433672,35.79743888242153,not_significant
P15,Rod,Borcs5,0.7903286,0.06378512,0.42933585915927075,0.6230945748188118,0.1970314318975553,4510,0.26530793,19.04656319290461,3436,0.27578703,19.703143189755586,not_significant
P15,Rod,Fam120b,0.7883038,0.08583771,0.43051904682829756,0.6246427284790338,0.13271245634458673,4510,0.17530595,12.705099778270675,3436,0.18511519,13.271245634458708,not_significant
P15,Rod,Riok3,0.7850568,0.037793037,0.4324202376580969,0.6270619504725687,0.5,4510,0.80150837,48.91352549889331,3436,0.8160356,50.000000000000156,not_significant
P15,Rod,Mecr,0.78337723,0.05832861,0.4334056079510368,0.6278848346854349,0.25145518044237486,4510,0.35697505,24.3902439024388,3436,0.36928564,25.14551804423756,not_significant
P15,Rod,BC004004,0.78178835,0.050881878,0.4343389536912631,0.6289941003239565,0.110011641443539,4510,0.13615929,10.399113082040023,3436,0.14071855,11.001164144353929,not_significant
P15,Rod,Slc2a1,0.7814792,0.08150177,0.43452070150569644,0.6290874609653322,0.2450523864959255,4510,0.33570975,24.057649667405553,3436,0.35214785,24.505238649592624,not_significant
P15,Rod,Rcor1,0.7811059,0.03164661,0.43474024351740415,0.6292354738875758,0.179860302677532,4510,0.2518101,17.228381374722854,3436,0.256735,17.986030267753254,not_significant
P15,Rod,Dhrs3,0.7803857,0.0667984,0.4351639098230131,0.6294788114721962,0.3050058207217695,4510,0.43828622,29.91130820399134,3436,0.45496306,30.50058207217704,not_significant
P15,Rod,Ghitm,0.7803289,0.042450365,0.43519730575605164,0.6294788114721962,0.24155995343422584,4510,0.3277155,23.281596452327975,3436,0.33602536,24.155995343422656,not_significant
P15,Rod,Eif2b4,0.77960557,0.06327207,0.43562308677838835,0.6298334871911793,0.13562281722933645,4510,0.17224409,12.926829268292842,3436,0.17931278,13.562281722933681,not_significant
P15,Rod,Hmgxb3,0.7788961,0.07067263,0.43604091340353623,0.6300979147350669,0.10477299185098952,4510,0.13875334,9.933481152993446,3436,0.1452368,10.47729918509898,not_significant
P15,Rod,Tmed1,0.7785647,0.109904625,0.4362361771915716,0.6302103028428736,0.12456344586728754,4510,0.15512168,11.973392461197497,3436,0.16643144,12.45634458672879,not_significant
P15,Rod,Tfcp2,0.7777759,0.068243876,0.43670116166895956,0.6307121785655087,0.15017462165308498,4510,0.2040137,14.390243902439135,3436,0.21291351,15.01746216530854,not_significant
P15,Rod,Trp53bp2,0.7774249,0.068419576,0.4369081473415052,0.6308412657711531,0.1388242142025611,4510,0.18130545,13.303769401330523,3436,0.18932669,13.882421420256149,not_significant
P15,Rod,Ppp2r2a,0.7763667,0.061164793,0.43753247698894415,0.631318708673011,0.15395809080325962,4510,0.20473564,14.789356984479033,3436,0.2127214,15.395809080326003,not_significant
P15,Rod,Uspl1,0.77591854,0.063344106,0.43779709540805256,0.631318708673011,0.12747380675203726,4510,0.16573977,12.128603104213022,3436,0.17257182,12.74738067520376,not_significant
P15,Rod,Mcl1,0.7758674,0.09406325,0.4378272923683074,0.631318708673011,0.13591385331781142,4510,0.1688833,13.037694013303923,3436,0.17929804,13.591385331781177,not_significant
P15,Rod,Larp1,0.7756226,0.05843935,0.4379718633734553,0.6313574509903828,0.24155995343422584,4510,0.34257346,23.503325942350138,3436,0.35449272,24.155995343422656,not_significant
P15,Rod,Serpinb6a,0.77534497,0.057933703,0.4381358327195537,0.6314241286157136,0.10215366705471478,4510,0.14325845,9.66740576496683,3436,0.14871238,10.215366705471505,not_significant
P15,Rod,Mtm1,0.7744566,0.05902351,0.43866080693835663,0.6319468301544677,0.10739231664726426,4510,0.14740835,10.19955654102006,3436,0.15311556,10.739231664726455,not_significant
P15,Rod,Tmem35a,0.77401334,0.07168128,0.43892291361780666,0.6319468301544677,0.12136204889406287,4510,0.1530525,11.552106430155355,3436,0.16025567,12.13620488940632,not_significant
P15,Rod,Ift57,0.7711631,0.04787481,0.440610245043361,0.6334584171569522,0.19150174621653085,4510,0.25129408,18.425720620842547,3436,0.25876355,19.15017462165314,not_significant
P15,Rod,Dtx3,0.77001965,0.059750535,0.44128824320849425,0.6338691651647024,0.21041909196740397,4510,0.28462607,20.376940133037603,3436,0.29504576,21.04190919674046,not_significant
P15,Rod,Mfap3l,0.7696619,0.067460686,0.44150046959001255,0.6338691651647024,0.1839348079161816,4510,0.2587962,17.738359201773836,3436,0.26965252,18.393480791618213,not_significant
P15,Rod,Mrpl14,0.7695006,0.05798838,0.44159617026659803,0.6338691651647024,0.259895227008149,4510,0.35421193,25.343680709534155,3436,0.36637077,25.989522700814977,not_significant
P15,Rod,Eif3d,0.7694858,0.06990578,0.4416049720769002,0.6338691651647024,0.13649592549476136,4510,0.16814551,13.05986696230614,3436,0.17580001,13.649592549476171,not_significant
P15,Rod,Plekhm2,0.7686194,0.047093056,0.44211927585949906,0.6343817293820717,0.1362048894062864,4510,0.18856052,13.015521064301709,3436,0.19424637,13.620488940628675,not_significant
P15,Rod,Gmps,0.76848584,0.07313645,0.44219859920946425,0.6343817293820717,0.19237485448195576,4510,0.25824708,18.647450110864714,3436,0.27001265,19.23748544819563,not_significant
P15,Rod,Fkbp2,0.768238,0.0593314,0.44234580375578236,0.6344232329802183,0.14871944121071012,4510,0.18728286,14.212860310421402,3436,0.19442743,14.871944121071055,not_significant
P15,Rod,Lamtor5,0.7670379,0.07350453,0.44305895420036434,0.6351702299020695,0.190046565774156,4510,0.24265291,18.403547671840332,3436,0.2538518,19.004656577415656,not_significant
P15,Rod,Gtf2a1,0.7662668,0.036385104,0.4435175521398097,0.6354820436247964,0.26455180442374854,4510,0.37113342,25.58758314855857,3436,0.37902102,26.45518044237493,not_significant
P15,Rod,Vcpip1,0.76586205,0.059042115,0.4437583796649667,0.6355994522090471,0.11554132712456344,4510,0.14759092,10.975609756097688,3436,0.15330657,11.554132712456376,not_significant
P15,Rod,Kif13a,0.7649355,0.048697837,0.4443099596678438,0.6359959736630993,0.44732246798603026,4510,0.73048186,43.65853658536732,3436,0.74811965,44.732246798603164,not_significant
P15,Rod,Mfap1a,0.7641646,0.096421234,0.4447691435630792,0.636036194982,0.1330034924330617,4510,0.16657904,12.815964523281759,3436,0.17712897,13.300349243306206,not_significant
P15,Rod,Zfp932,0.76319563,0.06107336,0.44534672432745115,0.6366843894702686,0.10011641443538999,4510,0.12667683,9.490022172949086,3436,0.13180849,10.011641443539025,not_significant
P15,Rod,Tm9sf4,0.76193136,0.060500287,0.44610096960089374,0.6373820775351114,0.20052386495925495,4510,0.27466166,19.467849223946725,3436,0.28489482,20.052386495925553,not_significant
P15,Rod,Dynll2,0.76034653,0.05623519,0.4470474894059562,0.637586475185735,0.18684516880093133,4510,0.24465737,18.070953436807084,3436,0.253247,18.684516880093184,not_significant
P15,Rod,Cand1,0.7584733,0.0629279,0.4481677188951313,0.6390142594772685,0.1638533178114086,4510,0.21325582,15.787139689578778,3436,0.2217816,16.38533178114091,not_significant
P15,Rod,Metap2,0.75568974,0.0524458,0.4498352456058494,0.6402691471135789,0.32712456344586727,4510,0.4709216,32.21729490022215,3436,0.4847305,32.712456344586826,not_significant
P15,Rod,Golga5,0.75560945,0.05105227,0.44988337350318397,0.6402691471135789,0.15774155995343422,4510,0.21617542,15.121951219512281,3436,0.2231534,15.774155995343467,not_significant
P15,Rod,Trim33,0.7534517,0.06486362,0.4511785304307714,0.6416667874297726,0.2956926658905704,4510,0.43784493,28.89135254988925,3436,0.45401937,29.56926658905713,not_significant
P15,Rod,Gm26782,0.75337553,0.07721843,0.4512242957093777,0.6416667874297726,0.11525029103608847,4510,0.14988019,10.975609756097688,3436,0.15750384,11.52502910360888,not_significant
P15,Rod,Zfp938,0.75290346,0.076615885,0.4515079310544178,0.6417298733905398,0.11757857974388825,4510,0.1484121,11.241685144124304,3436,0.15590648,11.757857974388857,not_significant
P15,Rod,Eif4e,0.7494961,0.074938715,0.45355824075364504,0.6440708182496152,0.22147846332945284,4510,0.29842472,21.640798226163948,3436,0.31208715,22.14784633294535,not_significant
P15,Rod,Slc31a1,0.7488498,0.08284298,0.4539477251502352,0.6440708182496152,0.11233993015133877,4510,0.14677727,10.73170731707329,3436,0.15481327,11.233993015133906,not_significant
P15,Rod,Ctnnd1,0.74277186,0.04589788,0.4576197966723333,0.6484362982379495,0.12194412107101281,4510,0.16471556,11.618625277162009,3436,0.16961262,12.194412107101314,not_significant
P15,Rod,Wdr26,0.74052346,0.038297,0.4589824244788897,0.6494280466644062,0.27357392316647267,4510,0.388058,26.4301552106429,3436,0.3966729,27.357392316647346,not_significant
P15,Rod,mt-Co2,0.73995227,0.036633406,0.45932897569735676,0.6497470004326533,0.7069266589057043,4510,1.9051075,68.11529933481525,3436,1.9267596,70.6926658905667,not_significant
P15,Rod,Phlpp1,0.7393797,0.053882025,0.45967647534142253,0.6500671272690194,0.3605937136204889,4510,0.59771276,35.54323725055505,3436,0.61468995,36.059371362049006,not_significant
P15,Rod,Sun1,0.739065,0.049789824,0.45986751968371475,0.6501658870805077,0.16880093131548313,4510,0.22538745,16.186252771618676,3436,0.23244815,16.88009313154836,not_significant
P15,Rod,Aco1,0.738026,0.06666446,0.46049864893341974,0.6508866278995687,0.13358556461001164,4510,0.18054107,12.838137472283975,3436,0.18832235,13.3585564610012,not_significant
P15,Rod,Gbf1,0.73708004,0.025763094,0.4610736642532568,0.6515276962735694,0.6781140861466822,4510,1.3141307,68.64745011086852,3436,1.3272223,67.81140861466504,not_significant
P15,Rod,Trim23,0.7367943,0.04637216,0.46124744334351,0.6516016028692619,0.10942956926658906,4510,0.14593248,10.399113082040023,3436,0.15035798,10.942956926658935,not_significant
P15,Rod,Fam98b,0.73625076,0.07941848,0.46157811176291486,0.6518970488405148,0.14115250291036088,4510,0.17417406,13.592017738359338,3436,0.1831797,14.115250291036126,not_significant
P15,Rod,Ccs,0.73568356,0.039193444,0.4619232908025457,0.6520411925960146,0.12252619324796275,4510,0.15354039,11.640798226164227,3436,0.15745251,12.252619324796308,not_significant
P15,Rod,A430033K04Rik,0.73406446,0.11260405,0.46290944471667617,0.6530894953867046,0.13387660069848661,4510,0.17583439,12.971175166297275,3436,0.18883903,13.387660069848698,not_significant
P15,Rod,Prkaca,0.73263156,0.09852039,0.46378316593675206,0.6538008123084887,0.10564610011641444,4510,0.13162395,10.088691796008971,3436,0.14030237,10.564610011641472,not_significant
P15,Rod,Ddit3,0.7323435,0.09213194,0.4639589219538591,0.6538008123084887,0.16152502910360886,4510,0.20400304,15.676274944567695,3436,0.2160989,16.15250291036093,not_significant
P15,Rod,Etf1,0.73174405,0.062742874,0.4643247907019634,0.6538008123084887,0.17229336437718276,4510,0.22551669,16.67405764966744,3436,0.23445098,17.229336437718327,not_significant
P15,Rod,Igsf11,0.7316394,0.04823309,0.4643887201520026,0.6538008123084887,0.4339348079161816,4510,0.7259169,43.1707317073185,3436,0.7433111,43.393480791618295,not_significant
P15,Rod,Myh9,0.73116773,0.1210522,0.4646766931470636,0.6540345793862107,0.1009895227008149,4510,0.12981135,9.689578713969048,3436,0.14041042,10.098952270081517,not_significant
P15,Rod,Slirp,0.73004985,0.097172,0.4653597035489606,0.6546523603033372,0.14959254947613504,4510,0.18595147,14.501108647450216,3436,0.19770487,14.959254947613546,not_significant
P15,Rod,Rpl7,0.7290748,0.028733011,0.46595592584981715,0.6549777623101498,0.4286961583236321,4510,0.7514479,42.12860310421419,3436,0.76201963,42.869615832363344,not_significant
P15,Rod,Atg5,0.72777396,0.041307345,0.46675196064638336,0.655594397699971,0.15046565774155995,4510,0.2050755,14.434589800443568,3436,0.21044667,15.046565774156036,not_significant
P15,Rod,Actr2,0.72775644,0.043933332,0.46676267800450955,0.655594397699971,0.160069848661234,4510,0.21182887,15.365853658536663,3436,0.2177139,16.006984866123446,not_significant
P15,Rod,Snx13,0.7259774,0.043953907,0.46785262529160687,0.6562128406868434,0.2971478463329453,4510,0.45402873,29.113082039911443,3436,0.46525478,29.714784633294617,not_significant
P15,Rod,Gm16093,0.72553813,0.06267709,0.4681219566656879,0.6562128406868434,0.1330034924330617,4510,0.18482679,12.749445676275108,3436,0.19229162,13.300349243306206,not_significant
P15,Rod,Cdc123,0.72521245,0.04877985,0.46832170714257326,0.6562128406868434,0.2820139697322468,4510,0.39325175,27.627494456762747,3436,0.4043713,28.201396973224764,not_significant
P15,Rod,B3gat3,0.7251338,0.090313196,0.4683699716044052,0.6562128406868434,0.12339930151338765,4510,0.15542585,11.840354767184188,3436,0.16468228,12.3399301513388,not_significant
P15,Rod,Orc4,0.72504187,0.049235,0.4684263547706792,0.6562128406868434,0.2869615832363213,4510,0.41049138,27.937915742793816,3436,0.4221119,28.696158323632215,not_significant
P15,Rod,Klc4,0.72477347,0.06715343,0.4685910215796848,0.656272125261992,0.10273573923166472,4510,0.12630717,9.77827050997792,3436,0.13194488,10.2735739231665,not_significant
P15,Rod,Zfp110,0.7237857,0.027566658,0.46919729262842436,0.6567782561740262,0.14057043073341094,4510,0.18986347,13.414634146341605,3436,0.19319406,14.057043073341132,not_significant
P15,Rod,Spire1,0.72346693,0.05567213,0.4693930501605461,0.6568808560034358,0.20227008149010478,4510,0.28185925,19.556541019955592,3436,0.29147613,20.227008149010537,not_significant
P15,Rod,Fubp1,0.7229311,0.03997783,0.4697222165268241,0.6569787120241655,0.42636786961583234,4510,0.6631685,42.86031042128743,3436,0.676698,42.63678696158337,not_significant
P15,Rod,Hsbp1,0.722755,0.05198808,0.46983041374435097,0.6569787120241655,0.24272409778812573,4510,0.3422932,23.68070953436787,3436,0.3528731,24.272409778812644,not_significant
P15,Rod,Ccdc34,0.7211992,0.049574688,0.47078695698654727,0.6579559946781207,0.15977881257275903,4510,0.22697638,15.365853658536663,3436,0.2340501,15.977881257275946,not_significant
P15,Rod,Zfp763,0.7188152,0.10093295,0.47225478412495936,0.6591242337610297,0.11146682188591385,4510,0.14027841,10.687361419068855,3436,0.14971845,11.146682188591415,not_significant
P15,Rod,Rps15,0.71870977,0.023195682,0.47231977497706035,0.6591242337610297,0.3981373690337602,4510,0.6753882,38.78048780487907,3436,0.68331575,39.81373690337614,not_significant
P15,Rod,Tmem107,0.71858454,0.079804994,0.4723969406034505,0.6591242337610297,0.15628637951105936,4510,0.19766374,15.121951219512281,3436,0.20781294,15.628637951105981,not_significant
P15,Rod,Vma21,0.7184649,0.08688612,0.4724706709193063,0.6591242337610297,0.12281722933643772,4510,0.15000485,11.818181818181971,3436,0.15861449,12.281722933643806,not_significant
P15,Rod,Pfdn1,0.7146284,0.04698525,0.4748386917394084,0.6615674655818666,0.3413853317811409,4510,0.5071664,33.658536585366406,3436,0.52024937,34.13853317811419,not_significant
P15,Rod,Nisch,0.7129022,0.048528455,0.47590629118550276,0.6627106297816815,0.3341094295692666,4510,0.48778296,33.14855875831536,3436,0.5009023,33.41094295692676,not_significant
P15,Rod,Fam117b,0.711796,0.074589044,0.47659110860478815,0.6634920079304655,0.14639115250291035,4510,0.19903399,14.146341463414752,3436,0.20856486,14.639115250291077,not_significant
P15,Rod,Vkorc1l1,0.7106301,0.090064466,0.4773134784595514,0.6643252460967913,0.1440628637951106,4510,0.19125557,13.924611973392587,3436,0.20240682,14.4062863795111,not_significant
P15,Rod,Aatf,0.7090399,0.065096505,0.47829970308690395,0.6653525952692304,0.12776484284051223,4510,0.17337018,12.239467849224111,3436,0.18068992,12.776484284051257,not_significant
P15,Rod,Zfp617,0.70669264,0.08596798,0.47975749424821723,0.6668616737878822,0.10913853317811409,4510,0.1381325,10.443458980044458,3436,0.14602295,10.913853317811437,not_significant
P15,Rod,Osbpl11,0.7063955,0.039615236,0.4799422142583458,0.6669456055134111,0.11466821885913853,4510,0.15612766,10.931263858093253,3436,0.16014388,11.466821885913884,not_significant
P15,Rod,Tpd52l2,0.7059063,0.057299238,0.48024642028816855,0.6670227339269126,0.10069848661233993,4510,0.123681836,9.55654101995574,3436,0.12838428,10.069848661234019,not_significant
P15,Rod,Nae1,0.7050158,0.04577264,0.48080043454396093,0.6676193452999758,0.3192665890570431,4510,0.4543881,31.152993348115622,3436,0.46609086,31.926658905704404,not_significant
P15,Rod,Katna1,0.70362103,0.08708291,0.48166882861220717,0.6683061553739987,0.14115250291036088,4510,0.18462096,13.680709534368205,3436,0.19505534,14.115250291036126,not_significant
P15,Rod,Rdx,0.7033994,0.062851466,0.48180685413846625,0.6683247906901301,0.23661233993015135,4510,0.3279527,23.12638580931246,3436,0.34032607,23.661233993015205,not_significant
P15,Rod,Rpl36al,0.7009934,0.07257084,0.4833071178970947,0.6693672554608872,0.23661233993015135,4510,0.33185747,23.17073170731689,3436,0.346322,23.661233993015205,not_significant
P15,Rod,Micos13,0.69971526,0.09099,0.48410513458266546,0.6702994171144598,0.16094295692665891,4510,0.20204502,15.720620842572128,3436,0.21388422,16.094295692665934,not_significant
P15,Rod,Fkbp1a,0.6989987,0.060418803,0.484552831233501,0.6705731131931113,0.13387660069848661,4510,0.16685712,12.838137472283975,3436,0.17340821,13.387660069848698,not_significant
P15,Rod,Mettl25,0.69796383,0.042143643,0.4851998257600444,0.6707762539631129,0.24243306169965076,4510,0.35928154,23.525498891352356,3436,0.36818823,24.243306169965148,not_significant
P15,Rod,Aebp2,0.69720757,0.069191135,0.4856729001695007,0.6709115211200622,0.15046565774155995,4510,0.2028683,14.54545454545465,3436,0.21184835,15.046565774156036,not_significant
P15,Rod,Gigyf2,0.6955841,0.03198018,0.4866893201418858,0.6719695014777544,0.4380093131548312,4510,0.6807493,43.19290465632072,3436,0.6917559,43.800931315483254,not_significant
P15,Rod,Snx5,0.6948703,0.07951373,0.48713658982006325,0.6722409744776998,0.11786961583236322,4510,0.15287231,11.308203991130958,3436,0.16087267,11.786961583236353,not_significant
P15,Rod,Nup88,0.6936473,0.033247624,0.4879034010532888,0.6729529038955621,0.15192083818393481,4510,0.20231186,14.567627494456866,3436,0.20657259,15.192083818393524,not_significant
P15,Rod,Smurf2,0.692682,0.045655806,0.48850911788069595,0.6732011396159324,0.5142607683352736,4510,0.93367124,51.52993348115519,3436,0.95299554,51.42607683352725,not_significant
P15,Rod,Rap1a,0.69256055,0.04262354,0.4885853908510114,0.6732011396159324,0.2270081490104773,4510,0.31131613,21.973392461197196,3436,0.31930557,22.700814901047796,not_significant
P15,Rod,Lrrc1,0.69203925,0.033543345,0.4889126867817829,0.6734791093727487,0.45052386495925495,4510,0.723004,44.45676274944722,3436,0.73503715,45.05238649592563,not_significant
P15,Rod,Ddx42,0.6898235,0.05331118,0.49030517628567716,0.6750505558512249,0.26949941792782306,4510,0.38057017,26.341463414634024,3436,0.39241487,26.949941792782383,not_significant
P15,Rod,Ttll4,0.68851733,0.057214685,0.4911270667460934,0.6758351939522947,0.10215366705471478,4510,0.13596042,9.733924611973483,3436,0.14108989,10.215366705471505,not_significant
P15,Rod,Zfx,0.6879784,0.050062317,0.4914663743294593,0.6758569070852886,0.16821885913853318,4510,0.23069675,16.186252771618676,3436,0.23794489,16.821885913853365,not_significant
P15,Rod,Sf3b3,0.6869832,0.048364807,0.49209330022487985,0.6764706464393274,0.2360302677532014,4510,0.32810587,22.97117516629694,3436,0.33759663,23.60302677532021,not_significant
P15,Rod,Sgta,0.6837638,0.051170096,0.49412431577422655,0.6787918512607237,0.13649592549476136,4510,0.1717507,13.12638580931279,3436,0.17743228,13.649592549476171,not_significant
P15,Rod,Hacd3,0.683705,0.042755928,0.49416148008447547,0.6787918512607237,0.25582072176949944,4510,0.35665193,24.833702882483134,3436,0.3656351,25.582072176950017,not_significant
P15,Rod,Dph3,0.6830727,0.09108166,0.49456090554181764,0.6791665891772427,0.16036088474970897,4510,0.20638965,15.631929046563261,3436,0.21846926,16.036088474970942,not_significant
P15,Rod,Lrrc49,0.682008,0.029669503,0.49523386234163747,0.6797426913000366,0.3070430733410943,4510,0.4592889,29.822616407982462,3436,0.4669118,30.704307334109522,not_significant
P15,Rod,Gm15706,0.6796996,0.0695886,0.49669468572165865,0.6812248259296796,0.2240977881257276,4510,0.30971345,22.01773835920163,3436,0.32278928,22.409778812572824,not_significant
P15,Rod,Gm9918,0.6794192,0.057055578,0.49687228429141794,0.6812942057615454,0.19615832363213037,4510,0.26148304,19.024390243902396,3436,0.27072218,19.615832363213094,not_significant
P15,Rod,Retreg3,0.677037,0.084508136,0.49838248344535685,0.6828412876630636,0.1749126891734575,4510,0.23318405,17.05099778270512,3436,0.24565332,17.4912689173458,not_significant
P15,Rod,4930549G23Rik,0.6761867,0.073329404,0.49892212979624273,0.6833790101478631,0.10593713620488941,4510,0.14233556,10.133037694013407,3436,0.14922929,10.59371362048897,not_significant
P15,Rod,Nmt1,0.6756843,0.034664348,0.499241129336368,0.6834939810516278,0.30471478463329454,4510,0.43370065,29.8669623059869,3436,0.44222206,30.471478463329543,not_significant
P15,Rod,Lsg1,0.67430985,0.055936217,0.5001143409645104,0.6844529298015073,0.10884749708963912,4510,0.14380324,10.399113082040023,3436,0.1490844,10.884749708963941,not_significant
P15,Rod,Map3k13,0.67397946,0.057177648,0.5003243731826454,0.6844529298015073,0.17840512223515717,4510,0.2592048,17.294900221729502,3436,0.2683936,17.840512223515766,not_significant
P15,Rod,Rab11fip2,0.67314947,0.033840008,0.5008522038055876,0.6846439614873866,0.18538998835855647,4510,0.25850773,17.89356984478935,3436,0.2638997,18.5389988358557,not_significant
P15,Rod,Etfdh,0.6729571,0.06263549,0.5009745616774781,0.6846439614873866,0.10157159487776485,4510,0.137888,9.689578713969048,3436,0.14358693,10.15715948777651,not_significant
P15,Rod,Sdha,0.6706986,0.0519267,0.502412548723758,0.6862594630390216,0.39726426076833526,4510,0.6012245,39.71175166297228,3436,0.61764836,39.72642607683365,not_significant
P15,Rod,Bend7,0.67045206,0.08713175,0.502569654207212,0.6862992935762436,0.16938300349243307,4510,0.23894155,16.496674057649706,3436,0.25208658,16.938300349243356,not_significant
P15,Rod,Sp3,0.6694469,0.064870335,0.5032104441061218,0.6869994457076196,0.28143189755529685,4510,0.40416023,27.804878048780502,3436,0.41933495,28.143189755529768,not_significant
P15,Rod,Bag6,0.6691038,0.070972376,0.5034292507142146,0.6870226503889427,0.13736903376018628,4510,0.17252645,13.281596452328307,3436,0.18048523,13.736903376018663,not_significant
P15,Rod,Usp3,0.6688453,0.050073378,0.5035941823582486,0.6870226503889427,0.2508731082654249,4510,0.3659137,24.5232815964521,3436,0.37667817,25.087310826542563,not_significant
P15,Rod,Zfp605,0.6688178,0.06535185,0.5036116818287328,0.6870226503889427,0.10622817229336438,4510,0.13177538,10.177383592017843,3436,0.13748033,10.622817229336466,not_significant
P15,Rod,Sec14l2,0.6678535,0.044395715,0.504227121311265,0.6875992871480492,0.20168800931315484,4510,0.2704532,19.57871396895781,3436,0.27783138,20.16880093131554,not_significant
P15,Rod,Hspa1a,0.6675828,0.07669595,0.5043999279725959,0.6875992871480492,0.11466821885913853,4510,0.14121091,11.019955654102125,3436,0.14837568,11.466821885913884,not_significant
P15,Rod,Imp3,0.6639168,0.08727902,0.5067435513919403,0.6893665761263931,0.11932479627473806,4510,0.14959823,11.529933481153137,3436,0.15822618,11.932479627473839,not_significant
P15,Rod,Prpf31,0.6625024,0.070036255,0.5076492920985158,0.6903046208335663,0.13358556461001164,4510,0.1705109,12.860310421286192,3436,0.17827861,13.3585564610012,not_significant
P15,Rod,0610010K14Rik,0.6624381,0.08308564,0.5076904789687582,0.6903046208335663,0.1120488940628638,4510,0.13507561,10.753880266075509,3436,0.14253786,11.20488940628641,not_significant
P15,Rod,Lrguk,0.66008127,0.06188663,0.5092016952012048,0.6920085870431372,0.14173457508731083,4510,0.2020621,13.702882483370422,3436,0.21004908,14.173457508731122,not_significant
P15,Rod,Herpud2,0.6566149,0.0776166,0.5114285752557592,0.6935185993662147,0.12543655413271246,4510,0.16147667,12.084257206208585,3436,0.16968481,12.54365541327128,not_significant
P15,Rod,Wbp4,0.65650904,0.034612108,0.5114966453990422,0.6935185993662147,0.26979045401629803,4510,0.38159788,26.18625277161849,3436,0.3892718,26.979045401629882,not_significant
P15,Rod,Gin1,0.6561793,0.03668245,0.5117087635777262,0.6935185993662147,0.1408614668218859,4510,0.19219379,13.525498891352688,3436,0.19668666,14.08614668218863,not_significant
P15,Rod,Tmem87b,0.6559928,0.035446096,0.5118287623195017,0.6935185993662147,0.17724097788125728,4510,0.24384898,17.117516629711773,3436,0.24921697,17.72409778812578,not_significant
P15,Rod,Shld2,0.65502137,0.06960357,0.5124540122609712,0.6939670087775435,0.10622817229336438,4510,0.14725222,10.177383592017843,3436,0.15399736,10.622817229336466,not_significant
P15,Rod,Serbp1,0.6513898,0.032295585,0.514794903756869,0.6969610963533178,0.45663562281722936,4510,0.7348015,45.45454545454709,3436,0.74651307,45.663562281723074,not_significant
P15,Rod,Tex9,0.64713824,0.05853146,0.5175424669568848,0.6998789877766703,0.15948777648428406,4510,0.21709393,15.45454545454553,3436,0.2251415,15.94877764842845,not_significant
P15,Rod,Dennd5a,0.6463462,0.045288917,0.518055177710929,0.6999617061061519,0.21565774155995343,4510,0.30206215,21.0421286031041,3436,0.31034184,21.565774155995406,not_significant
P15,Rod,Itgb3bp,0.6458865,0.08895435,0.5183528604000402,0.7001875455013387,0.13038416763678695,4510,0.17720798,12.660753880266244,3436,0.18748315,13.03841676367873,not_significant
P15,Rod,Gstcd,0.6456019,0.074008435,0.5185371852516769,0.700260186729606,0.18538998835855647,4510,0.26381245,18.20399113082038,3436,0.27594432,18.5389988358557,not_significant
P15,Rod,Slc25a12,0.645138,0.04132397,0.518837744625503,0.7004897211606338,0.2977299185098952,4510,0.44680583,29.113082039911443,3436,0.45722196,29.772991850989612,not_significant
P15,Rod,Oard1,0.6439061,0.0746538,0.5196363216290072,0.7010594947948896,0.14464493597206055,4510,0.18172118,14.013303769401453,3436,0.19050725,14.464493597206094,not_significant
P15,Rod,Mtf1,0.64385873,0.046099022,0.5196670625943028,0.7010594947948896,0.12048894062863795,4510,0.15672272,11.552106430155355,3436,0.16142166,12.048894062863829,not_significant
P15,Rod,Gtf2a2,0.64368063,0.04761986,0.5197825523488583,0.7010594947948896,0.28434225844004657,4510,0.39556602,27.937915742793816,3436,0.4064702,28.43422584400474,not_significant
P15,Rod,Opa1,0.64261293,0.042663734,0.5204752886046271,0.7018173574849723,0.210128055878929,4510,0.295336,20.421286031042037,3436,0.30298188,21.01280558789296,not_significant
P15,Rod,Mlf1,0.6422237,0.050403852,0.5207279370271698,0.7019815667790246,0.12660069848661235,4510,0.16798677,12.150776053215239,3436,0.17346965,12.660069848661267,not_significant
P15,Rod,Gtpbp4,0.64180744,0.044860862,0.5209982074526969,0.7020889306952596,0.16938300349243307,4510,0.23031946,16.40798226164084,3436,0.23679586,16.938300349243356,not_significant
P15,Rod,Zfp26,0.6416259,0.07697671,0.5211161142177922,0.7020889306952596,0.10011641443538999,4510,0.12956049,9.600886917960176,3436,0.13619824,10.011641443539025,not_significant
P15,Rod,Ercc6l2,0.64149636,0.019356564,0.5212002464631849,0.7020889306952596,0.1478463329452852,4510,0.21376584,14.124168514412535,3436,0.21636206,14.784633294528563,not_significant
P15,Rod,Llgl2,0.6386421,0.048739627,0.5230557888703435,0.7037048536494915,0.3020954598370198,4510,0.4284713,29.822616407982462,3436,0.44037488,30.209545983702068,not_significant
P15,Rod,Dars,0.6382818,0.06338108,0.5232902561591941,0.7037346220056149,0.11379511059371362,4510,0.15054466,10.909090909091034,3436,0.15680197,11.379511059371392,not_significant
P15,Rod,Mrgbp,0.63807213,0.088921785,0.5234267123834426,0.7037346220056149,0.10651920838183934,4510,0.13515908,10.243902439024497,3436,0.14316426,10.651920838183964,not_significant
P15,Rod,Plagl2,0.63594145,0.0458668,0.5248145872015031,0.7053634291528095,0.17840512223515717,4510,0.2389761,17.31707317073172,3436,0.24581914,17.840512223515766,not_significant
P15,Rod,Vcp,0.63511574,0.039591946,0.5253529115428799,0.7057332876323585,0.3768917345750873,4510,0.5650657,37.51662971175257,3436,0.57700485,37.68917345750884,not_significant
P15,Rod,Atl2,0.63394535,0.01971629,0.5261165052983346,0.7065821067652146,0.1612339930151339,4510,0.21938586,15.432372505543313,3436,0.22209255,16.123399301513434,not_significant
P15,Rod,Mipol1,0.63222086,0.09338814,0.527242562749515,0.7075629488587436,0.11786961583236322,4510,0.1633052,11.374722838137611,3436,0.17333029,11.786961583236353,not_significant
P15,Rod,Tor1aip2,0.63120747,0.058357876,0.5279048653860365,0.7080618466982576,0.20925494761350408,4510,0.29325253,20.509977827050903,3436,0.30368978,20.925494761350468,not_significant
P15,Rod,Fkbp3,0.6282225,0.034692846,0.529858168529582,0.7096728822002019,0.2048894062863795,4510,0.2777318,19.844789356984407,3436,0.28361666,20.488940628638012,not_significant
P15,Rod,Mrpl4,0.6281996,0.0631326,0.5298732090253184,0.7096728822002019,0.10360884749708964,4510,0.13218693,9.933481152993446,3436,0.1377106,10.360884749708992,not_significant
P15,Rod,Mmd2,0.6268124,0.041877355,0.5307822200848074,0.7101810497717402,0.27852153667054713,4510,0.4038682,27.13968957871392,3436,0.41360727,27.852153667054797,not_significant
P15,Rod,Lamp2,0.6260702,0.064611256,0.5312688901823169,0.7103201174519755,0.21944121071012807,4510,0.31005412,21.485587583148433,3436,0.3221908,21.94412107101287,not_significant
P15,Rod,Hras,0.6258325,0.08533536,0.5314248033595104,0.7103320820384783,0.12863795110593715,4510,0.15485173,12.483370288248508,3436,0.16355522,12.863795110593749,not_significant
P15,Rod,5430405H02Rik,0.6253546,0.08278987,0.53173836501758,0.710397158145529,0.17869615832363214,4510,0.24606225,17.472283813747236,3436,0.2588633,17.869615832363266,not_significant
P15,Rod,Ik,0.62343216,0.07540847,0.5330005573007457,0.7113747174324956,0.20459837019790453,4510,0.27045274,20.08869179600879,3436,0.2830879,20.459837019790513,not_significant
P15,Rod,Ddx52,0.61905354,0.046539675,0.5358810889773165,0.7143442480778497,0.14551804423748546,4510,0.19330415,14.079822616408103,3436,0.19905014,14.551804423748585,not_significant
P15,Rod,Tmsb15b2,0.6190379,0.09165621,0.535891359855568,0.7143442480778497,0.12922002328288706,4510,0.16119725,12.527716186252944,3436,0.17091504,12.922002328288743,not_significant
P15,Rod,Anapc16,0.61688316,0.04742039,0.537311799454808,0.7157041202571617,0.34749708963911524,4510,0.50532824,34.4567627494463,3436,0.5184971,34.74970896391163,not_significant
P15,Rod,Eif3i,0.6156178,0.07353925,0.5381468107796494,0.716299972474195,0.12572759022118743,4510,0.15378244,12.150776053215239,3436,0.16120899,12.572759022118776,not_significant
P15,Rod,Edf1,0.61452544,0.044062544,0.5388681839343303,0.716709382252355,0.27735739231664724,4510,0.4024599,27.294900221729456,3436,0.41268313,27.73573923166481,not_significant
P15,Rod,Gabpb1,0.61368626,0.061189987,0.5394226798888018,0.7172690270013715,0.16618160651920838,4510,0.22274643,16.186252771618676,3436,0.23136054,16.618160651920885,not_significant
P15,Rod,Rabl6,0.61159754,0.021564854,0.5408040637785851,0.7185946169005072,0.15424912689173456,4510,0.2126303,14.878048780487898,3436,0.2155108,15.424912689173501,not_significant
P15,Rod,Fars2,0.6111915,0.028382622,0.5410727878574892,0.7185946169005072,0.39348079161816063,4510,0.6304113,38.647450110865755,3436,0.6396592,39.34807916181619,not_significant
P15,Rod,Inpp1,0.6107137,0.03442155,0.541389127905783,0.7185946169005072,0.19674039580908032,4510,0.26904693,19.06873614190683,3436,0.27472627,19.67403958090809,not_significant
P15,Rod,Lias,0.6104681,0.07164434,0.5415517933755281,0.7185946169005072,0.13038416763678695,4510,0.17224866,12.61640798226181,3436,0.18027225,13.03841676367873,not_significant
P15,Rod,Arl6ip5,0.6100972,0.06842712,0.5417973852914135,0.7185946169005072,0.13067520372526192,4510,0.16174625,12.660753880266244,3436,0.16897403,13.067520372526229,not_significant
P15,Rod,Anapc4,0.6100284,0.036277745,0.5418429909599702,0.7185946169005072,0.17782305005820723,4510,0.24784213,17.18403547671842,3436,0.25341645,17.782305005820774,not_significant
P15,Rod,Wdr27,0.60995257,0.046993624,0.5418932187476793,0.7185946169005072,0.2543655413271246,4510,0.3671915,24.900221729489783,3436,0.37731567,25.43655413271253,not_significant
P15,Rod,Sap18,0.6086176,0.081934996,0.5427779505190904,0.7195899472526942,0.1440628637951106,4510,0.17757517,14.013303769401453,3436,0.18703802,14.4062863795111,not_significant
P15,Rod,Zfp365,0.60790646,0.07709542,0.5432494952223814,0.720037136736559,0.11146682188591385,4510,0.140182,10.73170731707329,3436,0.14733618,11.146682188591415,not_significant
P15,Rod,Ndufv3,0.6074007,0.047740567,0.5435850020983926,0.7203038417133838,0.3329452852153667,4510,0.5217403,33.05986696230649,3436,0.535325,33.29452852153677,not_significant
P15,Rod,Rpl27a,0.6071685,0.027006526,0.5437391062599002,0.7203300977965188,0.48544819557625146,4510,0.90438116,47.96008869179788,3436,0.9155647,48.544819557625296,not_significant
P15,Rod,Vps50,0.60391086,0.050727304,0.5459029113408432,0.7227115810403723,0.18568102444703144,4510,0.26864585,18.070953436807084,3436,0.2770414,18.568102444703197,not_significant
P15,Rod,Bbof1,0.6037553,0.062191065,0.5460063420019619,0.7227115810403723,0.2011059371362049,4510,0.2892525,19.733924611973325,3436,0.30025604,20.11059371362055,not_significant
P15,Rod,Tsacc,0.603651,0.041435305,0.5460756968599233,0.7227115810403723,0.10157159487776485,4510,0.14069496,9.733924611973483,3436,0.14451188,10.15715948777651,not_significant
P15,Rod,Gpbp1l1,0.6025632,0.032298476,0.5467993105739979,0.7232392188510197,0.25669383003492435,4510,0.36695063,25.033259423503086,3436,0.37388027,25.669383003492506,not_significant
P15,Rod,Nck1,0.60236335,0.068369195,0.5469323060491269,0.7232392188510197,0.19761350407450523,4510,0.2747275,19.423503325942292,3436,0.28631827,19.761350407450582,not_significant
P15,Rod,Jak2,0.601969,0.04554747,0.547194765456025,0.7232392188510197,0.10215366705471478,4510,0.13774917,9.800443458980137,3436,0.14186804,10.215366705471505,not_significant
P15,Rod,Grina,0.60040104,0.033850044,0.5482389849540281,0.72388413420696,0.5477299185098953,4510,0.90265745,54.16851441241929,3436,0.91667205,54.77299185098878,not_significant
P15,Rod,Ascc1,0.60001844,0.032799836,0.5484939532662674,0.7239472355610871,0.20954598370197905,4510,0.2965096,20.399113082039822,3436,0.3023926,20.954598370197967,not_significant
P15,Rod,Pcbp2,0.5990628,0.02361178,0.549131008032329,0.724609772960741,0.8131548311990687,4510,1.6771826,80.82039911308692,3436,1.6905107,81.31548311990116,not_significant
P15,Rod,Ptpn1,0.5980097,0.050802913,0.5498334419290973,0.7250016181188982,0.190046565774156,4510,0.2635158,18.514412416851414,3436,0.27178422,19.004656577415656,not_significant
P15,Rod,Elovl4,0.59305257,0.023333272,0.5531459841447486,0.7286530105482395,0.6682188591385332,4510,1.2278248,66.54101995565767,3436,1.2392881,66.82188591385032,not_significant
P15,Rod,Trip4,0.5915174,0.034340218,0.5541738041314566,0.7294695178800327,0.23486612339930152,4510,0.34636468,22.926829268292508,3436,0.35339174,23.486612339930222,not_significant
P15,Rod,Mbd6,0.59039986,0.056772165,0.5549226156592721,0.7302038137634825,0.12194412107101281,4510,0.16205332,11.773835920177534,3436,0.16803966,12.194412107101314,not_significant
P15,Rod,Pcyt2,0.59027857,0.019981872,0.5550039054276135,0.7302038137634825,0.15424912689173456,4510,0.21294707,14.833702882483465,3436,0.21561842,15.424912689173501,not_significant
P15,Rod,Ubxn7,0.5898338,0.03982556,0.555302071752318,0.7302378800881182,0.3311990686845169,4510,0.5011143,32.860310421286506,3436,0.5120858,33.119906868451785,not_significant
P15,Rod,Srp14,0.58953744,0.024886558,0.5555008050806461,0.7302962033093322,0.26018626309662396,4510,0.3545635,25.365853658536373,3436,0.359744,26.018626309662473,not_significant
P15,Rod,Ppm1b,0.5879026,0.01888681,0.5565976629767377,0.7312750419956763,0.5797438882421421,4510,0.981094,58.11529933481433,3436,0.98929775,57.974388824212866,not_significant
P15,Rod,Xkr6,0.58765155,0.025401136,0.5567661876667604,0.7312750419956763,0.40133876600698487,4510,0.6528619,39.334811529934555,3436,0.66134155,40.133876600698606,not_significant
P15,Rod,Atp5j2,0.5876423,0.03056152,0.5567724219817938,0.7312750419956763,0.40919674039580906,4510,0.69420934,39.667405764967846,3436,0.70486796,40.91967403958103,not_significant
P15,Rod,Parp6,0.58689076,0.052500766,0.5572770856685311,0.7317586995167689,0.1309662398137369,4510,0.17291912,12.68292682926846,3436,0.17878702,13.096623981373726,not_significant
P15,Rod,Cbx3,0.58563787,0.0382589,0.5581189151234933,0.7324967693241891,0.389988358556461,4510,0.6067613,38.758314855876854,3436,0.618911,38.99883585564622,not_significant
P15,Rod,Fancc,0.58544457,0.036784917,0.5582488428406571,0.7324967693241891,0.12834691501746218,4510,0.18631144,12.350332594235201,3436,0.19069171,12.834691501746251,not_significant
P15,Rod,2510002D24Rik,0.5846672,0.058232144,0.5587715151877604,0.7329803062059289,0.17112922002328287,4510,0.22839487,16.67405764966744,3436,0.23677011,17.112922002328336,not_significant
P15,Rod,Rrnad1,0.58258647,0.052023154,0.5601717191090136,0.7341219402151842,0.1530849825378347,4510,0.20838077,14.855875831485681,3436,0.21526362,15.308498253783512,not_significant
P15,Rod,Ralgapa1,0.58096,0.028895738,0.5612674285494894,0.7351986536604301,0.559953434225844,4510,0.9775802,56.14190687361681,3436,0.99011993,55.99534342258343,not_significant
P15,Rod,BB218582,0.58029616,0.08002643,0.5617149138279771,0.7356051752376146,0.10448195576251455,4510,0.13168761,10.088691796008971,3436,0.13870053,10.448195576251482,not_significant
P15,Rod,Ankrd17,0.5793416,0.032652784,0.5623586880799032,0.7361678332561051,0.47933643771827705,4510,0.79882795,48.20399113082229,3436,0.81134224,47.93364377182785,not_significant
P15,Rod,Ncl,0.5791298,0.02032384,0.5625015839950255,0.7361678332561051,0.5797438882421421,4510,1.0182482,57.960088691798795,3436,1.0272703,57.974388824212866,not_significant
P15,Rod,Clip4,0.5777267,0.022463704,0.5634486170464399,0.7369759526547436,0.15192083818393481,4510,0.21166728,14.634146341463516,3436,0.21465643,15.192083818393524,not_significant
P15,Rod,Atrn,0.5763597,0.050872017,0.5643720695862109,0.737687773274667,0.2377764842840512,4510,0.34849584,23.392461197339056,3436,0.3590012,23.777648428405193,not_significant
P15,Rod,Nol7,0.5761954,0.04479341,0.5644831039169709,0.737687773274667,0.31344586728754364,4510,0.46005616,30.84257206208455,3436,0.47161788,31.344586728754457,not_significant
P15,Rod,Letm1,0.5759824,0.042541035,0.5646270787533815,0.737687773274667,0.13416763678696159,4510,0.17295033,12.993348115299492,3436,0.17769197,13.416763678696194,not_significant
P15,Rod,Mrpl48,0.5757833,0.058726992,0.5647616455149853,0.737687773274667,0.19324796274738068,4510,0.26383585,18.980044345897962,3436,0.27342424,19.324796274738123,not_significant
P15,Rod,Morf4l1,0.575765,0.046052583,0.5647740120927969,0.737687773274667,0.3538998835855646,4510,0.51750666,35.09977827051066,3436,0.53052545,35.389988358556565,not_significant
P15,Rod,Larp4,0.5754967,0.044791706,0.5649554259512544,0.737687773274667,0.27735739231664724,4510,0.39470834,27.228381374722797,3436,0.40493956,27.73573923166481,not_significant
P15,Rod,Iqce,0.5752932,0.050839696,0.5650930388489199,0.737687773274667,0.12339930151338765,4510,0.16871148,11.92904656319306,3436,0.17426422,12.3399301513388,not_significant
P15,Rod,Slu7,0.5707699,0.047225278,0.5681556343727616,0.7407843516712429,0.12223515715948778,4510,0.15759535,11.796008869179753,3436,0.16243543,12.223515715948812,not_significant
P15,Rod,Rps25,0.5702456,0.018514499,0.5685111340481713,0.7410677334226953,0.37718277066356226,4510,0.64921707,36.85144124168599,3436,0.6553659,37.71827706635634,not_significant
P15,Rod,Ramp3,0.5687146,0.078167155,0.5695498142958704,0.742061016245579,0.13213038416763678,4510,0.16478148,12.838137472283975,3436,0.17320433,13.213038416763714,not_significant
P15,Rod,Eprs,0.56692153,0.031828362,0.5707674949882285,0.7431060298827324,0.22322467986030267,4510,0.30818698,21.729490022172815,3436,0.31408563,22.322467986030333,not_significant
P15,Rod,Cplane1,0.5660553,0.028787464,0.5713562014252992,0.743526232874414,0.2837601862630966,4510,0.44496757,27.738359201773843,3436,0.45217994,28.376018626309747,not_significant
P15,Rod,Cept1,0.56482464,0.058321778,0.5721930459289496,0.7442394515913884,0.1478463329452852,4510,0.20620781,14.345898004434702,3436,0.21386553,14.784633294528563,not_significant
P15,Rod,Hibch,0.5645898,0.057745714,0.5723527951232927,0.7442667619494163,0.1009895227008149,4510,0.13819076,9.711751662971265,3436,0.14344786,10.098952270081517,not_significant
P15,Rod,Stam,0.5637812,0.059957173,0.5729030539642734,0.7442723614385814,0.18480791618160652,4510,0.25021517,18.115299334811517,3436,0.259565,18.480791618160705,not_significant
P15,Rod,Ipmk,0.56372285,0.031672187,0.5729427446406634,0.7442723614385814,0.41938300349243307,4510,0.6516662,41.46341463414761,3436,0.6622379,41.938300349243434,not_significant
P15,Rod,Wars2,0.56356406,0.06379788,0.5730508461279181,0.7442723614385814,0.10477299185098952,4510,0.14930867,10.110864745011188,3436,0.15556009,10.47729918509898,not_significant
P15,Rod,Vdac3,0.56356406,0.039738387,0.5730508674014432,0.7442723614385814,0.2121653084982538,4510,0.2816621,20.753880266075285,3436,0.28849414,21.21653084982544,not_significant
P15,Rod,Ap2a1,0.5629813,0.09276909,0.5734476178425589,0.7443905097457141,0.11932479627473806,4510,0.15085751,11.596452328159792,3436,0.16011456,11.932479627473839,not_significant
P15,Rod,Aifm1,0.5626152,0.050955907,0.5736969364818758,0.7443905097457141,0.17956926658905703,4510,0.2533672,17.560975609756103,3436,0.26138157,17.956926658905754,not_significant
P15,Rod,Ap3m1,0.5613499,0.06595491,0.574558992537433,0.7453287632335649,0.10622817229336438,4510,0.14200877,10.243902439024497,3436,0.14818248,10.622817229336466,not_significant
P15,Rod,Gm49417,0.5595522,0.027673101,0.5757849043707096,0.746377531910219,0.3332363213038417,4510,0.5130877,32.749445676275414,3436,0.52083087,33.32363213038427,not_significant
P15,Rod,Cdadc1,0.558991,0.06165182,0.5761678336245748,0.7466934669152498,0.13824214202561116,4510,0.18290758,13.414634146341605,3436,0.19017892,13.824214202561155,not_significant
P15,Rod,Rnf181,0.5577984,0.06351092,0.5769820569470695,0.7475680563922901,0.14493597206053552,4510,0.18613195,14.079822616408103,3436,0.1937464,14.493597206053591,not_significant
P15,Rod,Ppp4r1,0.5568642,0.063172996,0.5776201960907745,0.7480768438800208,0.13824214202561116,4510,0.18774591,13.436807095343822,3436,0.19537884,13.824214202561155,not_significant
P15,Rod,Zfp384,0.55534863,0.06398227,0.5786562184370477,0.7486521842007535,0.10739231664726426,4510,0.14169379,10.376940133037804,3436,0.14766693,10.739231664726455,not_significant
P15,Rod,Map7,0.5544122,0.032735005,0.579296791811053,0.7491786064165055,0.7878346915017462,4510,1.5927298,77.78270509978287,3436,1.6108481,78.78346915016938,not_significant
P15,Rod,Ago4,0.5543455,0.08473928,0.5793424420983715,0.7491786064165055,0.10535506402793947,4510,0.1459445,10.19955654102006,3436,0.1541259,10.535506402793974,not_significant
P15,Rod,Cpne3,0.55392814,0.08519182,0.5796280252493335,0.7493672517323271,0.1030267753201397,4510,0.1350695,9.977827050997881,3436,0.14272551,10.302677532013996,not_significant
P15,Rod,Cdk7,0.5530793,0.07467867,0.5802091016420963,0.7499377400501698,0.11379511059371362,4510,0.15340422,11.019955654102125,3436,0.16093129,11.379511059371392,not_significant
P15,Rod,Klhl24,0.5519914,0.022985492,0.5809542306052178,0.7503021532142892,0.14813736903376018,4510,0.19899891,14.301552106430268,3436,0.20189264,14.813736903376059,not_significant
P15,Rod,Zcchc3,0.55094737,0.0837345,0.5816697748679908,0.7507709023044604,0.11554132712456344,4510,0.14955956,11.219512195122086,3436,0.15782632,11.554132712456376,not_significant
P15,Rod,Rnf2,0.5508599,0.040124904,0.5817297015130702,0.7507709023044604,0.2011059371362049,4510,0.27675185,19.64523281596446,3436,0.2835466,20.11059371362055,not_significant
P15,Rod,Slmap,0.54979074,0.02957789,0.5824629306048436,0.7512217263198799,0.3413853317811409,4510,0.52971643,33.658536585366406,3436,0.53819865,34.13853317811419,not_significant
P15,Rod,Cry1,0.54933816,0.08116575,0.5827733930487932,0.7514414616138766,0.17665890570430734,4510,0.24209441,17.361419068736154,3436,0.2544611,17.665890570430783,not_significant
P15,Rod,Psma7,0.54829514,0.03953134,0.5834892437344568,0.7521836826223566,0.2977299185098952,4510,0.42976382,29.290465631929198,3436,0.4394218,29.772991850989612,not_significant
P15,Rod,Tmem229b,0.5471623,0.055014268,0.5842672443464374,0.752753067213037,0.29220023282887075,4510,0.41758713,29.068736141907003,3436,0.4307686,29.220023282887166,not_significant
P15,Rod,Sertad2,0.54703903,0.038695198,0.5843519336083307,0.752753067213037,0.10884749708963912,4510,0.16403738,10.487804878048895,3436,0.16814162,10.884749708963941,not_significant
P15,Rod,Rala,0.54637647,0.047276177,0.5848071636530209,0.7530857709758224,0.190046565774156,4510,0.2568812,18.647450110864714,3436,0.2643995,19.004656577415656,not_significant
P15,Rod,Armc9,0.5461961,0.03452506,0.5849311333570817,0.7530857709758224,0.42607683352735737,4510,0.68535686,41.95121951219644,3436,0.69730085,42.60768335273587,not_significant
P15,Rod,Atg2b,0.54542583,0.05082122,0.585460660946465,0.7531061822474947,0.19150174621653085,4510,0.27440304,18.80266075388023,3436,0.28297046,19.15017462165314,not_significant
P15,Rod,Sf3b5,0.5447775,0.049902502,0.585906549526372,0.753202196277659,0.15977881257275903,4510,0.20532827,15.52106430155218,3436,0.21183991,15.977881257275946,not_significant
P15,Rod,Rnpc3,0.5447329,0.027796965,0.5859372115765822,0.753202196277659,0.27270081490104775,4510,0.4017001,26.696230598669533,3436,0.4081151,27.270081490104854,not_significant
P15,Rod,R3hdm1,0.54360616,0.03619825,0.5867125045195155,0.7539831993873217,0.4740977881257276,4510,0.77482575,46.54101995565584,3436,0.7884327,47.4097788125729,not_significant
P15,Rod,Dguok,0.5428825,0.023287665,0.5872106990201109,0.7541711609313941,0.12863795110593715,4510,0.16775894,12.394678492239636,3436,0.17026897,12.863795110593749,not_significant
P15,Rod,Zadh2,0.5423727,0.08679702,0.587561760166349,0.7541711609313941,0.12281722933643772,4510,0.1617695,11.973392461197497,3436,0.17098871,12.281722933643806,not_significant
P15,Rod,Phlpp2,0.54078054,0.028213115,0.5886588416675946,0.755217896844051,0.5948777648428405,4510,1.0225623,58.82483370288535,3436,1.0351279,59.48777648428243,not_significant
P15,Rod,Sf3b1,0.5403011,0.034347568,0.5889894279471621,0.7554613322593443,0.45343422584400467,4510,0.69900596,45.07760532150936,3436,0.71105033,45.34342258440061,not_significant
P15,Rod,Hs2st1,0.5391645,0.036054727,0.5897733719012217,0.7559803817754283,0.2919091967403958,4510,0.45402572,28.58093126385818,3436,0.46321905,29.190919674039666,not_significant
P15,Rod,Gtf2f2,0.538923,0.02812175,0.5899399889989059,0.7559803817754283,0.47613504074505236,4510,0.7726115,47.11751662971354,3436,0.7831489,47.613504074505386,not_significant
P15,Rod,Smpd1,0.5388839,0.058642335,0.5899669332093873,0.7559803817754283,0.12922002328288706,4510,0.16081142,12.54988913525516,3436,0.16695508,12.922002328288743,not_significant
P15,Rod,Gpat4,0.5386929,0.06470439,0.5900987804798132,0.7559803817754283,0.12048894062863795,4510,0.15435526,11.685144124168662,3436,0.1608947,12.048894062863829,not_significant
P15,Rod,Snap47,0.53756624,0.009684874,0.5908765550799859,0.7567425297478912,0.13824214202561116,4510,0.18290327,13.32594235033274,3436,0.1840285,13.824214202561155,not_significant
P15,Rod,Cacybp,0.53719485,0.04892712,0.5911330179392307,0.7567425297478912,0.1949941792782305,4510,0.25465146,19.06873614190683,3436,0.2623766,19.499417927823107,not_significant
P15,Rod,Kdm5d,0.53717685,0.05369522,0.591145481757825,0.7567425297478912,0.12427240977881257,4510,0.16995355,12.03991130820415,3436,0.17586285,12.427240977881292,not_significant
P15,Rod,Rprd1a,0.5370139,0.033683576,0.5912580056251701,0.7567425297478912,0.2261350407450524,4510,0.32488275,22.15077605321493,3436,0.33141392,22.613504074505304,not_significant
P15,Rod,Mccc1,0.5361983,0.064661406,0.5918214789238492,0.7572559122741361,0.10768335273573923,4510,0.14791359,10.42128603104224,3436,0.15419652,10.768335273573951,not_significant
P15,Rod,H13,0.5357211,0.050931748,0.592151290518473,0.7572559122741361,0.129802095459837,4510,0.16944638,12.572062084257377,3436,0.1750315,12.980209545983737,not_significant
P15,Rod,Msl2,0.53262806,0.0391949,0.5942910689110718,0.7588139237417255,0.1469732246798603,4510,0.19692037,14.257206208425835,3436,0.20183098,14.697322467986071,not_significant
P15,Rod,Tmem128,0.5321028,0.044212326,0.5946547632195482,0.7590959807248638,0.13038416763678695,4510,0.16595407,12.61640798226181,3436,0.17070146,13.03841676367873,not_significant
P15,Rod,Mib1,0.5316386,0.039940715,0.5949763185827205,0.7591467585341847,0.33672875436554134,4510,0.50860983,33.39246119733977,3436,0.519739,33.672875436554236,not_significant
P15,Rod,Impa1,0.52994156,0.051003568,0.5961524452612138,0.760285714783916,0.20372526193247964,4510,0.27441135,19.977827050997707,3436,0.28301007,20.37252619324802,not_significant
P15,Rod,Ankrd52,0.52787805,0.026413968,0.5975839744371453,0.7615681726968039,0.12543655413271246,4510,0.17165375,12.128603104213022,3436,0.1745639,12.54365541327128,not_significant
P15,Rod,Gas8,0.5269446,0.069192715,0.5982320908318988,0.7622130487463907,0.1690919674039581,4510,0.22026023,16.60753880266079,3436,0.22992593,16.909196740395856,not_significant
P15,Rod,Rpl4,0.5262119,0.034817643,0.598740992911402,0.7625213133607095,0.2980209545983702,4510,0.4463201,29.44567627494473,3436,0.455076,29.80209545983711,not_significant
P15,Rod,Dnajb14,0.5261869,0.07494033,0.5987583467329061,0.7625213133607095,0.2371944121071013,4510,0.3306412,23.56984478935679,3436,0.34554034,23.719441210710198,not_significant
P15,Rod,Dnajc27,0.5246983,0.042900078,0.5997929454529752,0.7636575740350722,0.11466821885913853,4510,0.1559973,11.086474501108778,3436,0.16034724,11.466821885913884,not_significant
P15,Rod,Klhl7,0.5243314,0.04789957,0.6000480505010544,0.7637630173034877,0.24330616996507567,4510,0.36077604,23.902439024390038,3436,0.37094843,24.33061699650764,not_significant
P15,Rod,Glt8d1,0.5241697,0.034743212,0.6001605365276288,0.7637630173034877,0.22788125727590222,4510,0.31904212,22.26164079822601,3436,0.32567823,22.788125727590288,not_significant
P15,Rod,Atxn7,0.5192989,0.044307847,0.6035523308972414,0.7673511976612474,0.2569848661233993,4510,0.3884505,25.49889135254969,3436,0.3984394,25.698486612340005,not_significant
P15,Rod,Limk2,0.51853746,0.019056166,0.6040833170456066,0.7674805572317939,0.2290454016298021,4510,0.32161802,22.26164079822601,3436,0.32526815,22.90454016298028,not_significant
P15,Rod,Usp32,0.5171985,0.0331854,0.6050175983878147,0.7679399900028958,0.45576251455180444,4510,0.73106384,45.232815964524896,3436,0.7430589,45.57625145518058,not_significant
P15,Rod,Papss1,0.5161282,0.029473575,0.6057648727669918,0.7680867793614157,0.10855646100116415,4510,0.14190124,10.487804878048895,3436,0.1446279,10.855646100116443,not_significant
P15,Rod,Cox17,0.5159309,0.056820147,0.6059026846553441,0.7680867793614157,0.21158323632130385,4510,0.30490637,20.776053215077503,3436,0.31540775,21.158323632130447,not_significant
P15,Rod,Xbp1,0.51589745,0.08816005,0.6059260432872385,0.7680867793614157,0.12689173457508732,4510,0.16544668,12.394678492239636,3436,0.17500931,12.689173457508765,not_significant
P15,Rod,Synj1,0.5157413,0.032193586,0.6060351124369934,0.7680867793614157,0.4918509895227008,4510,0.80218077,48.713968957873334,3436,0.81455123,49.18509895227024,not_significant
P15,Rod,Atp5h,0.51559746,0.04092646,0.606135596017314,0.7680867793614157,0.4161816065192084,4510,0.7196285,41.640798226165366,3436,0.73428404,41.61816065192097,not_significant
P15,Rod,Smdt1,0.5146815,0.036460996,0.6067755727716828,0.7683532040479949,0.2881257275902212,4510,0.4419226,28.425720620842643,3436,0.45102382,28.812572759022203,not_significant
P15,Rod,Clint1,0.51367617,0.046594467,0.6074784167515248,0.7688801858082065,0.21362048894062863,4510,0.30615234,20.953436807095237,3436,0.31477177,21.362048894062927,not_significant
P15,Rod,Eif2b5,0.51285,0.037545297,0.6080562620350889,0.7694300046134033,0.1050640279394645,4510,0.13417202,10.110864745011188,3436,0.13747698,10.506402793946478,not_significant
P15,Rod,Rmnd5a,0.51233226,0.0399376,0.6084185074273791,0.7694354799254565,0.2977299185098952,4510,0.44366825,29.55654101995583,3436,0.45367596,29.772991850989612,not_significant
P15,Rod,Fbxo28,0.50990665,0.030044671,0.6101168512140311,0.7706148792740425,0.13445867287543656,4510,0.18271576,13.015521064301709,3436,0.18622375,13.445867287543692,not_significant
P15,Rod,Mtif2,0.50756186,0.031799704,0.6117606383033485,0.772031437344559,0.36641443538998836,4510,0.557961,36.36363636363716,3436,0.5674466,36.64144353899895,not_significant
P15,Rod,Dlg1,0.50696856,0.029622478,0.612176877704584,0.772275816558652,0.5488940628637952,4510,0.9397608,54.65631929046811,3436,0.9523202,54.88940628637875,not_significant
P15,Rod,Katnbl1,0.5064688,0.032341026,0.612527609617705,0.7725365854665812,0.21158323632130385,4510,0.30343488,20.59866962305977,3436,0.30935034,21.158323632130447,not_significant
P15,Rod,Kif21b,0.5054526,0.0259825,0.6132409843292941,0.7730677034714198,0.5093131548311991,4510,0.83820885,50.26607538802869,3436,0.8484693,50.93131548311989,not_significant
P15,Rod,Rtf1,0.50535727,0.02783345,0.6133079240685317,0.7730677034714198,0.30267753201396974,4510,0.44323072,29.689578713969144,3436,0.4501814,30.267753201397063,not_significant
P15,Rod,Tbpl1,0.50300515,0.015870905,0.6149606596708836,0.7745125565800939,0.11059371362048893,4510,0.13899782,10.64301552106442,3436,0.14043221,11.059371362048925,not_significant
P15,Rod,Lsm4,0.5027021,0.045548297,0.6151737269455413,0.7745240204251481,0.2939464493597206,4510,0.43324703,29.356984478935853,3436,0.44446197,29.394644935972146,not_significant
P15,Rod,Ergic3,0.5025815,0.048831876,0.6152585479178889,0.7745240204251481,0.19819557625145517,4510,0.2615433,19.401330376940077,3436,0.26943484,19.819557625145574,not_significant
P15,Rod,Cxxc4,0.5022444,0.055062298,0.6154956231418056,0.7745765666168614,0.27823050058207216,4510,0.4063902,27.804878048780502,3436,0.41929823,27.8230500582073,not_significant
P15,Rod,Dcaf6,0.50171113,0.021234458,0.6158707447323217,0.7745765666168614,0.4368451688009313,4510,0.7279488,43.21507760532294,3436,0.7355867,43.68451688009326,not_significant
P15,Rod,Rab3ip,0.50145686,0.019105539,0.6160496300534256,0.7745765666168614,0.1760768335273574,4510,0.24446946,17.07317073170734,3436,0.24735674,17.60768335273579,not_significant
P15,Rod,Dnah9,0.5012905,0.03130267,0.616166705770721,0.7745765666168614,0.3448777648428405,4510,0.6211717,34.14634146341523,3436,0.63126945,34.487776484284154,not_significant
P15,Rod,Dnajc19,0.50092226,0.026817702,0.6164258519377518,0.7747207754906515,0.2208963911525029,4510,0.30616838,21.5742793791573,3436,0.31110454,22.089639115250357,not_significant
P15,Rod,Ptpmt1,0.49939567,0.06812822,0.6175006653062424,0.7758898029287149,0.19674039580908032,4510,0.25845724,19.490022172948944,3436,0.26941055,19.67403958090809,not_significant
P15,Rod,Aven,0.49873582,0.06526348,0.6179655027477511,0.7762920273393294,0.1530849825378347,4510,0.22188717,14.988913525498981,3436,0.23105364,15.308498253783512,not_significant
P15,Rod,Zbtb18,0.49722475,0.06442735,0.6190305728515553,0.7770022198783856,0.16094295692665891,4510,0.20516644,15.787139689578778,3436,0.21360196,16.094295692665934,not_significant
P15,Rod,Bicral,0.49638784,0.028377803,0.6196207971800611,0.7774610423564556,0.40686845168800934,4510,0.6293076,40.13303769401445,3436,0.6385424,40.68684516880106,not_significant
P15,Rod,Lekr1,0.49562588,0.031939037,0.6201583958871482,0.7779173913927517,0.23573923166472643,4510,0.35832515,23.12638580931246,3436,0.36504415,23.573923166472714,not_significant
P15,Rod,Chd7,0.49538848,0.027821215,0.6203259223539569,0.7779173913927517,0.6420256111757858,4510,1.1535196,63.83592017738692,3436,1.1667575,64.20256111757607,not_significant
P15,Rod,Fam161a,0.49513713,0.010723158,0.6205033187798767,0.7779173913927517,0.8588474970896391,4510,1.840083,86.09756097561512,3436,1.8463373,85.88474970895734,not_significant
P15,Rod,Hat1,0.4950503,0.016785203,0.6205646006281851,0.7779173913927517,0.15715948777648428,4510,0.21238565,15.18847006651893,3436,0.21462233,15.715948777648473,not_significant
P15,Rod,Ehbp1,0.49422592,0.032510076,0.6211466455109567,0.7783653193625356,0.4106519208381839,4510,0.6901675,40.842572062085466,3436,0.701463,41.065192083818516,not_significant
P15,Rod,Copz1,0.49261937,0.04966472,0.6222815573128505,0.7791592608370985,0.16181606519208383,4510,0.21734148,15.853658536585428,3436,0.22416,16.181606519208426,not_significant
P15,Rod,Agbl3,0.49215928,0.031354208,0.622606749566804,0.7791872106029268,0.13533178114086147,4510,0.18797086,13.148558758315007,3436,0.19172859,13.533178114086184,not_significant
P15,Rod,Slc38a2,0.49182162,0.03797839,0.6228454465770902,0.7791872106029268,0.16967403958090804,4510,0.23134552,16.585365853658573,3436,0.23683952,16.967403958090852,not_significant
P15,Rod,Bbs4,0.4916568,0.031007664,0.6229619699713624,0.7791872106029268,0.3361466821885914,4510,0.49243817,33.17073170731758,3436,0.500851,33.61466821885924,not_significant
P15,Rod,Peli1,0.49156034,0.040464245,0.6230301913266132,0.7791872106029268,0.24447031431897556,4510,0.3559154,23.968957871396686,3436,0.36439785,24.447031431897628,not_significant
P15,Rod,Aopep,0.49133277,0.031554613,0.6231910979680026,0.7792067714453068,0.3393480791618161,4510,0.54263324,33.8802660753886,3436,0.5518507,33.93480791618171,not_significant
P15,Rod,Ranbp9,0.48937845,0.015932718,0.6245737887215574,0.7807536244936923,0.26222351571594876,4510,0.3820736,25.49889135254969,3436,0.3855938,26.222351571594952,not_significant
P15,Rod,Kdelr1,0.48908123,0.0704682,0.6247841818507345,0.7808346578395479,0.12310826542491268,4510,0.15256113,12.017738359201932,3436,0.15961891,12.310826542491302,not_significant
P15,Rod,Upf3b,0.48771828,0.020996053,0.6257493973564879,0.7814947071991155,0.6999417927823051,4510,1.2884121,69.68957871397282,3436,1.2989737,69.99417927822691,not_significant
P15,Rod,Hsp90ab1,0.48687345,0.046743788,0.6263480252061242,0.7819950182056964,0.3137369033760186,4510,0.46321073,31.308203991131155,3436,0.47534606,31.373690337601957,not_significant
P15,Rod,AW554918,0.48628545,0.045898993,0.6267648018598357,0.7820797338205814,0.3349825378346915,4510,0.5668335,33.48115299334865,3436,0.5807231,33.49825378346925,not_significant
P15,Rod,Rps6ka3,0.4862343,0.07142153,0.6268010394658239,0.7820797338205814,0.22264260768335273,4510,0.34713748,22.01773835920163,3436,0.3619123,22.26426076833534,not_significant
P15,Rod,Rreb1,0.4859297,0.06892846,0.6270170169170015,0.7821088586669087,0.16647264260768335,4510,0.24041742,16.36363636363641,3436,0.25082096,16.64726426076838,not_significant
P15,Rod,Rmdn3,0.4857901,0.047468495,0.6271159957357149,0.7821088586669087,0.19965075669383003,4510,0.27087235,19.600886917960025,3436,0.27877834,19.96507566938306,not_significant
P15,Rod,Rnf13,0.48550576,0.047738932,0.6273176222478081,0.7821784578654678,0.14551804423748546,4510,0.1958056,14.168514412416968,3436,0.20177051,14.551804423748585,not_significant
P15,Rod,Rps16,0.4849828,0.018415935,0.6276885444579188,0.782277265908986,0.4394644935972061,4510,0.7963311,42.86031042128743,3436,0.80335873,43.94644935972074,not_significant
P15,Rod,Gas6,0.4842302,0.031740222,0.6282225141846949,0.7825790910558995,0.30762514551804426,4510,0.4446004,30.399113082040163,3436,0.45255277,30.762514551804514,not_significant
P15,Rod,Rnps1,0.48276088,0.06974105,0.6292655286456159,0.7834513729291802,0.20256111757857975,4510,0.2677727,20.044345898004355,3436,0.27934062,20.256111757858033,not_significant
P15,Rod,Riok1,0.48264223,0.053963304,0.6293497821255223,0.7834513729291802,0.1318393480791618,4510,0.18340729,12.860310421286192,3436,0.18977354,13.183934807916216,not_significant
P15,Rod,Gemin7,0.48262656,0.04703622,0.6293609183355402,0.7834513729291802,0.10710128055878929,4510,0.12689614,10.354767184035586,3436,0.13083789,10.710128055878958,not_significant
P15,Rod,Zbtb7a,0.48195198,0.05919478,0.629840059804563,0.7838659120166303,0.15832363213038417,4510,0.21342315,15.498891352549963,3436,0.22144037,15.83236321303846,not_significant
P15,Rod,Vax2,0.48158222,0.07177619,0.630102766564341,0.7840109579798481,0.12310826542491268,4510,0.16783977,12.017738359201932,3436,0.17569041,12.310826542491302,not_significant
P15,Rod,Tm9sf3,0.48116472,0.042126477,0.630399420494977,0.784198165940412,0.2630966239813737,4510,0.36325055,26.031042128602955,3436,0.3722353,26.309662398137444,not_significant
P15,Rod,Mphosph10,0.47992793,0.020288968,0.6312786351031148,0.7851098072555316,0.11263096623981374,4510,0.14592427,10.909090909091034,3436,0.14784527,11.263096623981404,not_significant
P15,Rod,Ift52,0.47916228,-0.014243988,0.6318231836491097,0.7852408612358259,0.10972060535506403,4510,0.14672962,10.53215077605333,3436,0.14538786,10.972060535506433,not_significant
P15,Rod,Uba3,0.47683942,0.06690938,0.6334764807183084,0.7871132366395659,0.11845168800931316,4510,0.15395285,11.552106430155355,3436,0.16070338,11.845168800931347,not_significant
P15,Rod,Chordc1,0.4764369,0.07672018,0.6337631361292878,0.7872870454371236,0.1749126891734575,4510,0.23366268,17.272727272727288,3436,0.24497908,17.4912689173458,not_significant
P15,Rod,Card19,0.47377938,0.0697934,0.6356572414145006,0.7890917479628283,0.15657741559953434,4510,0.20210335,15.38802660753888,3436,0.21113256,15.657741559953479,not_significant
P15,Rod,Med27,0.47288227,0.046594203,0.636297167530549,0.7895452502863437,0.14551804423748546,4510,0.20333816,14.212860310421402,3436,0.20935956,14.551804423748585,not_significant
P15,Rod,Ngdn,0.47221628,0.020880563,0.6367724315080701,0.7895531631369113,0.11583236321303841,4510,0.14615434,11.197339246119869,3436,0.14813477,11.583236321303874,not_significant
P15,Rod,Tmco3,0.47206497,0.025817351,0.6368804105774682,0.7895531631369113,0.11845168800931316,4510,0.16252127,11.441241685144266,3436,0.16522601,11.845168800931347,not_significant
P15,Rod,Mrpl53,0.47202057,0.04857962,0.6369121060576837,0.7895531631369113,0.15715948777648428,4510,0.20046636,15.365853658536663,3436,0.20666796,15.715948777648473,not_significant
P15,Rod,Ccnk,0.46919456,0.07885164,0.6389305740270066,0.79114118168995,0.10477299185098952,4510,0.13650979,10.19955654102006,3436,0.14365253,10.47729918509898,not_significant
P15,Rod,Elp2,0.46843648,0.062509805,0.6394724816860502,0.7914467909007783,0.13824214202561116,4510,0.1859908,13.525498891352688,3436,0.19347797,13.824214202561155,not_significant
P15,Rod,Pitpnc1,0.4677333,0.027251985,0.6399753316521041,0.7918398789348038,0.5823632130384168,4510,1.1018885,57.361419068738876,3436,1.1145407,58.236321303840285,not_significant
P15,Rod,Eif2s1,0.46593043,0.069975846,0.641265295807996,0.7921399963584733,0.13329452852153667,4510,0.17090335,13.037694013303923,3436,0.17868061,13.329452852153704,not_significant
P15,Rod,Gm44532,0.46563712,0.032755475,0.6414752702972102,0.7921399963584733,0.32828870779976715,4510,0.5447655,32.394678492239905,3436,0.5543643,32.82887077997682,not_significant
P15,Rod,Foxj3,0.4655903,0.047038045,0.6415087885282986,0.7921399963584733,0.19819557625145517,4510,0.27708232,19.556541019955592,3436,0.28507113,19.819557625145574,not_significant
P15,Rod,Smc1a,0.4646616,0.035174403,0.6421738090277163,0.7925790169436379,0.2331199068684517,4510,0.3198987,22.926829268292508,3436,0.32663327,23.31199068684524,not_significant
P15,Rod,Pex2,0.46447402,0.037213758,0.6423081630600287,0.7925790169436379,0.21827706635622818,4510,0.29198793,21.529933481152867,3436,0.2985826,21.82770663562288,not_significant
P15,Rod,Cic,0.4639702,0.05734378,0.6426690928044052,0.792841999494671,0.11816065192083819,4510,0.15007275,11.552106430155355,3436,0.15570737,11.816065192083851,not_significant
P15,Rod,Plaa,0.4629487,0.058997814,0.6434011320342736,0.7935244857606399,0.11903376018626309,4510,0.16651705,11.618625277162009,3436,0.17289943,11.903376018626343,not_significant
P15,Rod,Atp6v1f,0.46278542,0.052524123,0.6435181791683042,0.7935244857606399,0.20459837019790453,4510,0.27479792,20.177383592017655,3436,0.2836673,20.459837019790513,not_significant
P15,Rod,Lgals8,0.461152,0.0093407,0.6446895563211946,0.794603579987796,0.12689173457508732,4510,0.17358182,12.283813747228548,3436,0.17461628,12.689173457508765,not_significant
P15,Rod,6430571L13Rik,0.45878354,0.06604169,0.6463896255614976,0.7959673901542408,0.110011641443539,4510,0.13925691,10.73170731707329,3436,0.14532752,11.001164144353929,not_significant
P15,Rod,Epc2,0.45771593,0.047841925,0.6471565404035877,0.7961733222269628,0.26862630966239814,4510,0.38586748,26.629711751662878,3436,0.3966041,26.86263096623989,not_significant
P15,Rod,Eif3g,0.4571756,0.04840766,0.6475448246715679,0.796293085634638,0.17840512223515717,4510,0.22722785,17.51662971175167,3436,0.23413964,17.840512223515766,not_significant
P15,Rod,A430105J06Rik,0.45618296,0.08474363,0.6482584293858392,0.7969879017248777,0.10389988358556461,4510,0.14055099,10.155210643015625,3436,0.14845237,10.389988358556488,not_significant
P15,Rod,Siah1a,0.45363927,0.02031524,0.6500884796285443,0.7986886405697461,0.2671711292200233,4510,0.37211862,26.23059866962293,3436,0.37651572,26.717112922002407,not_significant
P15,Rod,Tbcb,0.4523011,0.04818335,0.6510520668070842,0.7989575123205672,0.1318393480791618,4510,0.16431801,12.882483370288409,3436,0.16945109,13.183934807916216,not_significant
P15,Rod,Eif5a,0.45103794,0.03286151,0.6519622085559116,0.7995256713977846,0.21623981373690337,4510,0.29493135,21.24168514412405,3436,0.3007987,21.623981373690402,not_significant
P15,Rod,Sec23a,0.44997182,0.027862947,0.6527307660481708,0.8002852180759745,0.16559953434225844,4510,0.22571285,16.141906873614243,3436,0.2296454,16.55995343422589,not_significant
P15,Rod,Kansl2,0.44969082,0.028834106,0.6529334001101774,0.800350721707265,0.1830616996507567,4510,0.25015277,17.937915742793784,3436,0.25461066,18.30616996507572,not_significant
P15,Rod,Zfp507,0.44894883,0.052305136,0.6534685711736616,0.8008237184773865,0.14755529685681024,4510,0.2019161,14.434589800443568,3436,0.20864369,14.755529685681065,not_significant
P15,Rod,Rabgap1l,0.44820127,0.02626187,0.6540079529458569,0.8013016582004515,0.4880675203725262,4510,0.8561178,48.53658536585558,3436,0.8666281,48.80675203725277,not_significant
P15,Rod,Spats2,0.44723088,0.046507645,0.6547083778478731,0.8016813312668319,0.23457508731082655,4510,0.33708033,23.215077605321323,3436,0.34641132,23.457508731082726,not_significant
P15,Rod,Ttll3,0.44692114,0.057613097,0.654932009473532,0.8016813312668319,0.15512223515715948,4510,0.21822311,15.232815964523363,3436,0.22617923,15.512223515715991,not_significant
P15,Rod,Atxn7l3b,0.4469189,0.021193301,0.6549336124933455,0.8016813312668319,0.4330616996507567,4510,0.676795,43.10421286031184,3436,0.6840464,43.3061699650758,not_significant
P15,Rod,Proser2,0.44673678,0.04624319,0.6550651146425288,0.8016813312668319,0.18015133876600697,4510,0.25652382,17.738359201773836,3436,0.26386687,18.01513387660075,not_significant
P15,Rod,Ubap1,0.44652596,0.039724573,0.6552173705748678,0.8016847572453447,0.21420256111757857,4510,0.29648262,21.152993348115185,3436,0.3036199,21.420256111757922,not_significant
P15,Rod,Ptpn4,0.44585416,0.027049553,0.6557026043477856,0.8019126241955135,0.4051222351571595,4510,0.666332,40.3104212860322,3436,0.67549527,40.51222351571607,not_significant
P15,Rod,Rps6,0.44478145,0.011098687,0.6564777043389274,0.8024946230797645,0.41152502910360883,4510,0.6945277,40.22172949002333,3436,0.6983879,41.15250291036101,not_significant
P15,Rod,Zfp282,0.44202286,0.015241955,0.6584726531089914,0.8043569349156863,0.10826542491268917,4510,0.14733855,10.509977827051111,3436,0.14879248,10.826542491268947,not_significant
P15,Rod,Ttf1,0.4403554,0.03446792,0.6596797268442346,0.8051032895254658,0.11437718277066357,4510,0.15403691,11.108647450110997,3436,0.15748273,11.437718277066388,not_significant
P15,Rod,Nphp4,0.44014123,0.009764043,0.6598348201015305,0.8051032895254658,0.1440628637951106,4510,0.20297877,13.96895787139702,3436,0.20422557,14.4062863795111,not_significant
P15,Rod,Akap7,0.43975765,0.07314206,0.6601126523737879,0.8051032895254658,0.1760768335273574,4510,0.2525804,17.427937915742802,3436,0.26412162,17.60768335273579,not_significant
P15,Rod,Ppp4r3b,0.43881798,0.036332063,0.6607934371478081,0.8055522750172941,0.31257275902211873,4510,0.45958507,31.086474501108963,3436,0.46893784,31.257275902211966,not_significant
P15,Rod,Meig1,0.43664423,0.05570748,0.6623693876819139,0.8061986939957957,0.13649592549476136,4510,0.17820941,13.39246119733939,3436,0.1846151,13.649592549476171,not_significant
P15,Rod,Nudt21,0.4365123,0.045733016,0.6624650871976057,0.8061986939957957,0.15512223515715948,4510,0.19876356,15.210643015521146,3436,0.2045525,15.512223515715991,not_significant
P15,Rod,Dcun1d2,0.4364968,0.0161282,0.662476317333687,0.8061986939957957,0.24854481955762514,4510,0.35331917,24.301552106429934,3436,0.35665962,24.85448195576259,not_significant
P15,Rod,Ndufa5,0.43644518,0.035924748,0.6625137664305495,0.8061986939957957,0.3245052386495926,4510,0.5065286,32.21729490022215,3436,0.5165,32.45052386495935,not_significant
P15,Rod,Acbd3,0.43577456,0.040526543,0.6630002953589997,0.8064810620486866,0.21187427240977882,4510,0.28630456,20.886917960088585,3436,0.29337224,21.187427240977943,not_significant
P15,Rod,Dync2h1,0.4356473,0.016878072,0.6630926329024516,0.8064810620486866,0.44091967403958093,4510,0.7158775,44.079822616409494,3436,0.7218751,44.09196740395823,not_significant
P15,Rod,Aimp1,0.43544945,0.032697674,0.6632362243586443,0.8064810620486866,0.21332945285215366,4510,0.2910548,20.93126385809302,3436,0.29682708,21.33294528521543,not_significant
P15,Rod,Dstyk,0.43507755,0.023809122,0.6635061311948074,0.8064914769383519,0.22526193247962747,4510,0.3208759,22.062084257206063,3436,0.32543337,22.526193247962816,not_significant
P15,Rod,Purg,0.43472955,0.017732399,0.6637587389556265,0.8065940599811331,0.24388824214202562,4510,0.3602961,23.858093126385604,3436,0.3640306,24.388824214202636,not_significant
P15,Rod,Sesn3,0.434547,0.0516184,0.6638912704729125,0.8065940599811331,0.19615832363213037,4510,0.27509284,19.334811529933425,3436,0.28381526,19.615832363213094,not_significant
P15,Rod,Atf7,0.43411815,0.023506375,0.6642026438919688,0.8067896245100817,0.35360884749708965,4510,0.56484,35.32150776053285,3436,0.57190377,35.36088474970907,not_significant
P15,Rod,Fig4,0.43346676,0.04010776,0.6646757084775703,0.8071814580651319,0.12136204889406287,4510,0.16742517,11.818181818181971,3436,0.17176157,12.13620488940632,not_significant
P15,Rod,Pcbp3,0.43236008,-0.00018664387,0.6654797340146184,0.8076530239385495,0.8122817229336438,4510,1.7384496,82.19512195122452,3436,1.7383429,81.22817229335868,not_significant
P15,Rod,Sart1,0.43231055,0.03714687,0.6655157281521977,0.8076530239385495,0.10186263096623982,4510,0.12776227,9.889135254989009,3436,0.13088572,10.186263096624009,not_significant
P15,Rod,Nup35,0.43127227,0.02534109,0.6662704096426595,0.808309451549723,0.19062863795110593,4510,0.26268265,18.66962305986693,3436,0.26676768,19.062863795110648,not_significant
P15,Rod,Tube1,0.43115178,0.01397534,0.6663580154274562,0.808309451549723,0.2048894062863795,4510,0.28886756,19.955654101995492,3436,0.2913067,20.488940628638012,not_significant
P15,Rod,Prkd1,0.4298425,0.0038169054,0.6673102038958073,0.8090335948560622,0.7153667054714785,4510,1.5341642,72.57206208426133,3436,1.5362419,71.53667054714397,not_significant
P15,Rod,Arpc4,0.42638543,0.05962853,0.6698270127653801,0.810884879318907,0.10739231664726426,4510,0.13205257,10.465631929046676,3436,0.13725904,10.739231664726455,not_significant
P15,Rod,Fundc2,0.4262307,0.036410175,0.6699397537707175,0.810884879318907,0.16065192083818394,4510,0.20507374,15.742793791574345,3436,0.20980147,16.065192083818438,not_significant
P15,Rod,Wdr45b,0.42615777,0.06209854,0.6699928756788582,0.810884879318907,0.12427240977881257,4510,0.16943058,12.172949002217457,3436,0.17626202,12.427240977881292,not_significant
P15,Rod,Dctn2,0.4256164,0.058454305,0.6703873794764009,0.811179315026261,0.16036088474970897,4510,0.20606664,15.809312638580995,3436,0.21373731,16.036088474970942,not_significant
P15,Rod,Lypla1,0.4252439,0.048152283,0.6706588731321719,0.811274420956214,0.2712456344586729,4510,0.39548755,26.940133037693947,3436,0.40651304,27.124563445867366,not_significant
P15,Rod,Abhd14a,0.42478052,0.03187543,0.6709966864945371,0.811274420956214,0.2532013969732247,4510,0.36151606,25.011086474500864,3436,0.36827052,25.320139697322542,not_significant
P15,Rod,Lamtor4,0.424423,0.02949415,0.6712573450161472,0.811274420956214,0.21856810244470315,4510,0.29439333,21.507760532150648,3436,0.2996464,21.856810244470378,not_significant
P15,Rod,Tatdn1,0.4230283,0.053737704,0.6722746291441014,0.81181474802543,0.129802095459837,4510,0.17177063,12.727272727272892,3436,0.17774239,12.980209545983737,not_significant
P15,Rod,Parp1,0.4227418,0.050033905,0.6724836460556747,0.8118843748464188,0.12485448195576251,4510,0.16366966,12.172949002217457,3436,0.16898347,12.485448195576286,not_significant
P15,Rod,Hnrnpd,0.4212636,0.036279872,0.6735626009695369,0.8127626762881504,0.3378928987194412,4510,0.49223924,33.791574279379724,3436,0.5020901,33.78928987194422,not_significant
P15,Rod,Bdp1,0.4211224,0.029921047,0.6736657081985675,0.8127626762881504,0.2729918509895227,4510,0.4019501,26.873614190687288,3436,0.4088625,27.29918509895235,not_significant
P15,Rod,Med15,0.42081064,0.028708177,0.6738933648941641,0.812854510747087,0.13940628637951105,4510,0.19234149,13.592017738359338,3436,0.19585219,13.940628637951145,not_significant
P15,Rod,Jmy,0.42043597,0.022459852,0.6741669995831205,0.813001750396551,0.22264260768335273,4510,0.30284795,21.7073170731706,3436,0.3069392,22.26426076833534,not_significant
P15,Rod,Gm48505,0.4193303,0.034409244,0.6749747504788373,0.8136100138356142,0.5049476135040745,4510,0.85258806,50.19955654102203,3436,0.8663405,50.494761350407515,not_significant
P15,Rod,Setd3,0.41875893,0.07338266,0.6753923274208973,0.8136885333137611,0.18277066356228172,4510,0.24670129,18.115299334811517,3436,0.2580449,18.277066356228225,not_significant
P15,Rod,Rwdd1,0.4186185,0.035734102,0.6754949736849698,0.8136885333137611,0.2331199068684517,4510,0.31942672,23.082039911308026,3436,0.32626015,23.31199068684524,not_significant
P15,Rod,Ctbp2,0.41799292,0.020748438,0.6759523039689189,0.814056613940117,0.3719441210710128,4510,0.551725,36.784922394679334,3436,0.55784917,37.19441210710139,not_significant
P15,Rod,Ppme1,0.4168157,0.024909455,0.6768132132793601,0.8147488379713256,0.19470314318975554,4510,0.2690969,19.090909090909044,3436,0.27319726,19.47031431897561,not_significant
P15,Rod,Zfp740,0.4166199,0.043897107,0.6769564427626213,0.8147488379713256,0.18859138533178113,4510,0.25904122,18.536585365853632,3436,0.26606652,18.859138533178168,not_significant
P15,Rod,Pgrmc2,0.41658393,0.05144592,0.6769827686126395,0.8147488379713256,0.20372526193247964,4510,0.2729496,20.110864745011007,3436,0.2815839,20.37252619324802,not_significant
P15,Rod,Kiz,0.41520205,0.03169756,0.6779940037401276,0.8150920497989739,0.23923166472642607,4510,0.35583988,23.458980044345708,3436,0.3624691,23.92316647264268,not_significant
P15,Rod,Chmp3,0.41493267,0.0534244,0.6781912016617948,0.8150920497989739,0.15395809080325962,4510,0.20653467,15.144124168514498,3436,0.21354955,15.395809080326003,not_significant
P15,Rod,Slc24a5,0.41479647,0.07115238,0.6782908984486316,0.8150920497989739,0.17840512223515717,4510,0.23887156,17.738359201773836,3436,0.24955645,17.840512223515766,not_significant
P15,Rod,Taf5,0.41378716,0.04678788,0.6790299904882893,0.8155658013836059,0.11641443538998836,4510,0.14990312,11.352549889135394,3436,0.15448116,11.641443538998868,not_significant
P15,Rod,Ctsf,0.4129023,0.03454096,0.6796782082239385,0.8156232607789645,0.25669383003492435,4510,0.3579414,25.410199556540814,3436,0.3652059,25.669383003492506,not_significant
P15,Rod,Ankle2,0.41289157,0.04661336,0.6796860506491371,0.8156232607789645,0.11583236321303841,4510,0.1551499,11.308203991130958,3436,0.15985799,11.583236321303874,not_significant
P15,Rod,Nsd3,0.41183499,0.024635985,0.6804603715208148,0.8161872613679899,0.41850989522700816,4510,0.65180975,41.396895787140956,3436,0.6600241,41.85098952270094,not_significant
P15,Rod,Ulk4,0.4094562,0.017058128,0.6822049079147101,0.817509543182408,0.22555296856810245,4510,0.33707935,22.084257206208278,3436,0.34047717,22.555296856810312,not_significant
P15,Rod,Hif1an,0.4090667,0.042192582,0.6824907083098188,0.8175257166980501,0.12485448195576251,4510,0.16433637,12.217294900221894,3436,0.1688236,12.485448195576286,not_significant
P15,Rod,Lnpk,0.40877384,0.04194629,0.6827056500601021,0.8176006043586488,0.24912689173457508,4510,0.36583787,24.678492239467616,3436,0.37483618,24.912689173457583,not_significant
P15,Rod,Zmym4,0.407372,0.022179978,0.6837348001334964,0.8186503276598381,0.4481955762514552,4510,0.7291447,44.47893569844944,3436,0.73713267,44.819557625145656,not_significant
P15,Rod,Gm35188,0.40700045,0.009359802,0.6840076591358246,0.8187942610141851,0.2229336437718277,4510,0.3357946,21.81818181818168,3436,0.33764955,22.293364377182836,not_significant
P15,Rod,Psmc6,0.40521228,0.020761894,0.685321479733765,0.8200533437694247,0.4615832363213038,4510,0.7055422,45.8093126385826,3436,0.7128517,46.158323632130525,not_significant
P15,Rod,Hadhb,0.40515274,0.0364106,0.6853652386499499,0.8200533437694247,0.27502910360884747,4510,0.38991302,27.228381374722797,3436,0.39813167,27.50291036088483,not_significant
P15,Rod,Rps20,0.40328842,0.003305179,0.6867360638700264,0.820854839841415,0.46653084982537835,4510,0.87161076,45.698447893571505,3436,0.8729441,46.653084982537976,not_significant
P15,Rod,Sde2,0.40320116,0.049246073,0.6868002463102667,0.820854839841415,0.12834691501746218,4510,0.16553824,12.54988913525516,3436,0.17082174,12.834691501746251,not_significant
P15,Rod,N4bp2l2,0.4004191,0.020482967,0.6888478642655569,0.8225962572157413,0.430151338766007,4510,0.68101555,42.79379157428077,3436,0.6880525,43.01513387660083,not_significant
P15,Rod,Cd47,0.4003881,0.043083064,0.688870691165755,0.8225962572157413,0.1749126891734575,4510,0.23840094,17.228381374722854,3436,0.24481012,17.4912689173458,not_significant
P15,Rod,Ddhd1,0.3997489,0.0035894348,0.689341487695594,0.8227921094791202,0.7427240977881258,4510,1.4835556,75.07760532151212,3436,1.4854776,74.27240977880818,not_significant
P15,Rod,Gtf2f1,0.39627355,0.048315644,0.6919032356257866,0.824428748924609,0.10069848661233993,4510,0.12665963,9.800443458980137,3436,0.13070309,10.069848661234019,not_significant
P15,Rod,Hprt,0.39610216,0.020362653,0.6920296540207591,0.824428748924609,0.3213038416763679,4510,0.4667874,31.796008869179982,3436,0.47207573,32.13038416763688,not_significant
P15,Rod,Bbs1,0.3960123,0.04233975,0.692095946384697,0.824428748924609,0.16850989522700816,4510,0.22290847,16.629711751663006,3436,0.22884154,16.850989522700864,not_significant
P15,Rod,Yipf1,0.39513227,0.053917572,0.6927452765353996,0.8248358853131817,0.15570430733410942,4510,0.20867307,15.299334811530013,3436,0.21581948,15.570430733410987,not_significant
P15,Rod,Hspa4l,0.39370856,0.021056797,0.6937962199775625,0.8257206398845451,0.539289871944121,4510,0.8951849,53.0376940133061,3436,0.903844,53.928987194411526,not_significant
P15,Rod,Pafah1b1,0.39296162,0.02404627,0.6943478219527182,0.8258274316972019,0.5264842840512224,4510,0.85862726,52.062084257208454,3436,0.86826545,52.64842840512189,not_significant
P15,Rod,Lmbr1,0.3926397,0.061403673,0.694585605975595,0.8259271093888477,0.12048894062863795,4510,0.17662,11.818181818181971,3436,0.18363495,12.048894062863829,not_significant
P15,Rod,mt-Nd1,0.39195693,0.0072761914,0.6950900453820996,0.8260017320365202,0.48166472642607683,4510,1.0441425,46.76274944567803,3436,1.047413,48.166472642607836,not_significant
P15,Rod,Ankrd37,0.39165142,0.007744228,0.6953157816099584,0.8260017320365202,0.10826542491268917,4510,0.1393163,10.487804878048895,3436,0.14001587,10.826542491268947,not_significant
P15,Rod,Gm47543,0.39135304,0.03765253,0.6955362903520279,0.8260017320365202,0.2791036088474971,4510,0.40319073,27.82705099778272,3436,0.41192645,27.910360884749792,not_significant
P15,Rod,Pan3,0.3911303,0.023316484,0.6957009169276636,0.8260017320365202,0.4188009313154831,4510,0.6819399,41.15299334811654,3436,0.6899623,41.88009313154844,not_significant
P15,Rod,Retreg2,0.38989282,0.04609243,0.6966158158426691,0.82632623533394,0.1169965075669383,4510,0.14329337,11.441241685144266,3436,0.14761801,11.699650756693861,not_significant
P15,Rod,Dnaja3,0.38840508,0.020072725,0.6977162715668721,0.8269137493588238,0.11554132712456344,4510,0.14867163,11.241685144124304,3436,0.15060519,11.554132712456376,not_significant
P15,Rod,Suv39h2,0.3883896,0.018771565,0.6977277460100739,0.8269137493588238,0.19150174621653085,4510,0.25972,18.758314855875796,3436,0.26271126,19.15017462165314,not_significant
P15,Rod,Kif1a,0.3876775,0.022166971,0.69825471711325,0.8271727700078342,0.3646682188591385,4510,0.5554731,36.16407982261719,3436,0.5620503,36.466821885913966,not_significant
P15,Rod,Ptpn11,0.38603,0.017519774,0.6994744484222556,0.8281796334952125,0.16094295692665891,4510,0.21901476,15.676274944567695,3436,0.22141485,16.094295692665934,not_significant
P15,Rod,Ost4,0.38597113,0.023174243,0.6995180452332292,0.8281796334952125,0.1859720605355064,4510,0.25023687,18.2261640798226,3436,0.2538152,18.597206053550693,not_significant
P15,Rod,Ppp2r5d,0.3855185,0.055389795,0.6998533181995117,0.8283347746739145,0.1050640279394645,4510,0.13309607,10.266075388026714,3436,0.13796185,10.506402793946478,not_significant
P15,Rod,Pin1,0.3840599,0.03202138,0.7009340568686413,0.8292479667056445,0.1658905704307334,4510,0.21305057,16.297117516629758,3436,0.21734788,16.58905704307339,not_significant
P15,Rod,Iffo1,0.38297737,0.050796382,0.7017365493672727,0.8299386734040796,0.19441210710128057,4510,0.2744954,19.268292682926777,3436,0.28306094,19.44121071012811,not_significant
P15,Rod,Lysmd3,0.38257575,0.044406947,0.702034360780072,0.8299386734040796,0.10215366705471478,4510,0.13110414,9.955654101995663,3436,0.13493775,10.215366705471505,not_significant
P15,Rod,Vps4a,0.38168886,0.06942466,0.7026921673284636,0.8304121580854547,0.1210710128055879,4510,0.15031658,11.884700665188625,3436,0.15717334,12.107101280558823,not_significant
P15,Rod,Eif4a2,0.38123694,0.037622426,0.7030274307459943,0.8306253609078224,0.32479627473806755,4510,0.46370834,32.48337028824878,3436,0.47346416,32.47962747380685,not_significant
P15,Rod,Wdr70,0.37984154,0.023385406,0.7040630482707584,0.8314826488164571,0.3533178114086147,4510,0.5373572,34.944567627495125,3436,0.54412806,35.33178114086157,not_significant
P15,Rod,Rbm4,0.37710592,0.0075115846,0.7060948914120194,0.832990250345408,0.15075669383003493,4510,0.1995115,14.722838137472383,3436,0.20045531,15.075669383003534,not_significant
P15,Rod,Slc20a2,0.37665948,0.034273796,0.706426668311197,0.832990250345408,0.2019790454016298,4510,0.28603613,19.955654101995492,3436,0.29199898,20.19790454016304,not_significant
P15,Rod,Ndufa13,0.37570235,0.028978309,0.7071381975624492,0.8333390360561979,0.2884167636786962,4510,0.4485912,28.736141906873712,3436,0.45589858,28.841676367869702,not_significant
P15,Rod,Zfp639,0.3753262,0.032775883,0.707417902597581,0.8333390360561979,0.12514551804423749,4510,0.16768545,12.239467849224111,3436,0.17122658,12.514551804423782,not_significant
P15,Rod,Cep85,0.37517077,0.028227484,0.7075334624356671,0.8333390360561979,0.16559953434225844,4510,0.23666745,16.274944567627543,3436,0.24082291,16.55995343422589,not_significant
P15,Rod,Tlk1,0.37428123,0.06945676,0.7081950894721347,0.8333390360561979,0.19674039580908032,4510,0.27686036,19.600886917960025,3436,0.28871766,19.67403958090809,not_significant
P15,Rod,Bpgm,0.37418318,0.042328604,0.7082680454897263,0.8333390360561979,0.16821885913853318,4510,0.21604414,16.563192904656358,3436,0.2218127,16.821885913853365,not_significant
P15,Rod,Prkag1,0.37359133,0.06069377,0.708708373208244,0.8333390360561979,0.10942956926658906,4510,0.14402522,10.709534368071074,3436,0.14977203,10.942956926658935,not_significant
P15,Rod,Rab5a,0.37352386,0.05676767,0.7087585945757979,0.8333390360561979,0.2139115250291036,4510,0.29085478,21.3082039911307,3436,0.30093277,21.391152502910423,not_significant
P15,Rod,Smarcc1,0.37331417,0.044813648,0.7089146194369971,0.8333390360561979,0.2019790454016298,4510,0.28540212,19.977827050997707,3436,0.29320496,20.19790454016304,not_significant
P15,Rod,Xpo7,0.37256104,0.021782301,0.7094751731733044,0.8333390360561979,0.3070430733410943,4510,0.47239152,30.376940133037944,3436,0.47810236,30.704307334109522,not_significant
P15,Rod,Prmt7,0.37212875,0.018310284,0.7097969788212241,0.8333390360561979,0.26658905704307334,4510,0.3972849,26.18625277161849,3436,0.40146407,26.65890570430741,not_significant
P15,Rod,Dnajc1,0.37208495,0.019288648,0.7098296151641998,0.8333390360561979,0.4586728754365541,4510,0.8072317,45.609756097562624,3436,0.8146596,45.86728754365556,not_significant
P15,Rod,Zdhhc20,0.3711612,0.033078477,0.7105174651307185,0.8334357408427778,0.13969732246798602,4510,0.19742447,13.702882483370422,3436,0.20157105,13.96973224679864,not_significant
P15,Rod,Rbmx,0.3709141,0.026286993,0.7107015030474291,0.8334357408427778,0.2709545983701979,4510,0.3932683,26.718403547671755,3436,0.39922905,27.09545983701987,not_significant
P15,Rod,Urgcp,0.37075716,0.044090744,0.7108184175998236,0.8334357408427778,0.17345750873108265,4510,0.24906705,17.117516629711773,3436,0.25588563,17.345750873108315,not_significant
P15,Rod,4930556N13Rik,0.37072247,0.007847389,0.7108442420499084,0.8334357408427778,0.14289871944121071,4510,0.20103654,13.946784922394803,3436,0.2020293,14.28987194412111,not_significant
P15,Rod,Cdc73,0.36969727,0.026876662,0.7116080565661007,0.8339653993031574,0.30587892898719443,4510,0.45313966,30.465631929046822,3436,0.45996818,30.58789289871953,not_significant
P15,Rod,Cwc27,0.36912426,0.03157142,0.7120351056887316,0.8339653993031574,0.2532013969732247,4510,0.396742,25.011086474500864,3436,0.4039616,25.320139697322542,not_significant
P15,Rod,Pip4p2,0.36886436,0.027115988,0.7122288393377636,0.8339653993031574,0.10710128055878929,4510,0.14843354,10.443458980044458,3436,0.15104729,10.710128055878958,not_significant
P15,Rod,Yes1,0.36767793,0.009465761,0.7131134005422659,0.8348189176142982,0.2150756693830035,4510,0.32206988,21.0421286031041,3436,0.32388076,21.507566938300414,not_significant
P15,Rod,Pcdh9,0.36743292,0.17554155,0.713296117870877,0.8348506166832609,0.29540162980209544,4510,0.54234123,30.576496674057918,3436,0.5950888,29.540162980209633,not_significant
P15,Rod,Phb,0.36455595,0.06114857,0.7154429090451375,0.8365488895869229,0.1009895227008149,4510,0.12427773,9.889135254989009,3436,0.12932469,10.098952270081517,not_significant
P15,Rod,Capza2,0.36444345,0.041611392,0.7155269025773308,0.8365488895869229,0.19150174621653085,4510,0.25095162,18.93569844789353,3436,0.25742537,19.15017462165314,not_significant
P15,Rod,Ppp3cb,0.36034945,0.02445997,0.7185858289450038,0.8388515351138099,0.31431897555296856,4510,0.46014184,30.975609756097867,3436,0.4664288,31.43189755529695,not_significant
P15,Rod,Rnf157,0.35867652,0.017542984,0.7198370882622793,0.8401231813400493,0.5747962747380675,4510,1.0064818,57.45011086474775,3436,1.0142113,57.47962747380551,not_significant
P15,Rod,Ulk2,0.35625875,0.027330626,0.7216467891065916,0.8415029079929908,0.24010477299185098,4510,0.35779095,23.70288248337009,3436,0.36352712,24.01047729918517,not_significant
P15,Rod,Oxr1,0.35594353,0.034234747,0.72188284624938,0.8415946978507246,0.37077997671711294,4510,0.64450043,37.139689578714844,3436,0.6558436,37.0779976717114,not_significant
P15,Rod,Mthfsd,0.35573465,0.050595548,0.7220392989390445,0.8415946978507246,0.10069848661233993,4510,0.132639,9.86696230598679,3436,0.13706286,10.069848661234019,not_significant
P15,Rod,Gbe1,0.35521668,0.028820394,0.7224272572993446,0.8418639600594578,0.12922002328288706,4510,0.19292803,12.660753880266244,3436,0.19646198,12.922002328288743,not_significant
P15,Rod,Ap3m2,0.3537436,0.050746735,0.7235310314457546,0.8426010535551514,0.10040745052386496,4510,0.13283548,9.822616407982355,3436,0.13727888,10.040745052386523,not_significant
P15,Rod,Mrps21,0.35104647,0.025692174,0.7255534806226223,0.8445350426941355,0.23224679860302677,4510,0.3231819,23.015521064301375,3436,0.32813182,23.224679860302746,not_significant
P15,Rod,Zfp664,0.3509643,0.04721758,0.7256151222753242,0.8445350426941355,0.17724097788125728,4510,0.23536049,17.49445676274945,3436,0.24231352,17.72409778812578,not_significant
P15,Rod,Larp4b,0.34996337,0.008360146,0.7263661975108588,0.8449855310015717,0.2767753201396973,4510,0.41709164,27.339246119733897,3436,0.4190717,27.677532013969813,not_significant
P15,Rod,Tmem259,0.3495815,0.028300913,0.7266527932730924,0.8451356424798065,0.13213038416763678,4510,0.17680232,12.949002217295059,3436,0.18000758,13.213038416763714,not_significant
P15,Rod,Bmi1,0.34656006,0.06299571,0.7289218479265502,0.8472235736247055,0.11612339930151339,4510,0.14615038,11.419068736142048,3436,0.1522008,11.61233993015137,not_significant
P15,Rod,Nop56,0.3462329,0.06632096,0.7291676937658504,0.8473257169324137,0.1440628637951106,4510,0.19650508,14.257206208425835,3436,0.20486265,14.4062863795111,not_significant
P15,Rod,Ciapin1,0.34580728,0.016321575,0.7294875603984223,0.8475138128605453,0.14027939464493597,4510,0.18328963,13.702882483370422,3436,0.1851933,14.027939464493636,not_significant
P15,Rod,Tmtc3,0.3451369,0.025057295,0.7299914370528859,0.8477319914162545,0.2240977881257276,4510,0.32126155,22.03991130820385,3436,0.32606372,22.409778812572824,not_significant
P15,Rod,Tmem42,0.34235302,0.05094348,0.7320852489134788,0.8496116995179361,0.15570430733410942,4510,0.20459792,15.38802660753888,3436,0.21122614,15.570430733410987,not_significant
P15,Rod,Cabin1,0.34114793,0.023135023,0.7329922314480213,0.8503911427189916,0.279976717112922,4510,0.41001952,27.804878048780502,3436,0.4154421,27.997671711292284,not_significant
P15,Rod,Pex14,0.34086096,0.035726327,0.7332082568679192,0.8503911427189916,0.20576251455180442,4510,0.29638526,20.376940133037603,3436,0.30279574,20.576251455180504,not_significant
P15,Rod,Trappc10,0.3398762,0.05757412,0.7339497574961071,0.8504185894564738,0.16647264260768335,4510,0.21961217,16.47450110864749,3436,0.22760747,16.64726426076838,not_significant
P15,Rod,Fgfr2,0.33848286,0.02019242,0.7349993538831233,0.850640043060217,0.570430733410943,4510,0.9785203,56.363636363639,3436,0.9872783,57.043073341093134,not_significant
P15,Rod,Zfp37,0.33688614,0.048628442,0.7362027284710546,0.8512592014483158,0.1388242142025611,4510,0.18724969,13.725055432372638,3436,0.19308645,13.882421420256149,not_significant
P15,Rod,Intu,0.33660847,0.029926848,0.736412070212086,0.8513177466848338,0.13009313154831198,4510,0.18512002,12.793791574279542,3436,0.18865593,13.009313154831235,not_significant
P15,Rod,2810004N23Rik,0.33494267,0.0062027355,0.7376683264040003,0.8517149338738855,0.10360884749708964,4510,0.13998288,10.088691796008971,3436,0.14054547,10.360884749708992,not_significant
P15,Rod,4833439L19Rik,0.33377802,0.0198491,0.738547072744794,0.8519291366044183,0.2671711292200233,4510,0.38134077,26.252771618625147,3436,0.38572314,26.717112922002407,not_significant
P15,Rod,Atp5k,0.33276984,0.009603155,0.7393080275552637,0.8524609328904631,0.34225844004656575,4510,0.5771065,33.83592017738416,3436,0.5800306,34.22584400465668,not_significant
P15,Rod,Ccnj,0.33194932,0.04289498,0.739927532742143,0.8529918946118321,0.10389988358556461,4510,0.13685058,10.19955654102006,3436,0.14070308,10.389988358556488,not_significant
P15,Rod,Syt1,0.32965207,-0.022872187,0.7416628721336118,0.8544415047518672,0.9886495925494762,4510,3.4858732,99.17960088692453,3436,3.470507,98.86495925493861,not_significant
P15,Rod,Snx3,0.32771257,0.014360791,0.7431290001501931,0.8548726854343442,0.259604190919674,4510,0.3604544,25.609756097560787,3436,0.3634772,25.96041909196748,not_significant
P15,Rod,Smad5,0.32768863,0.027175788,0.7431471078166665,0.8548726854343442,0.11175785797438882,4510,0.14962445,10.953436807095471,3436,0.1522635,11.175785797438913,not_significant
P15,Rod,Ddx21,0.32698148,0.058575157,0.7436818974699005,0.8548726854343442,0.14289871944121071,4510,0.19165356,14.146341463414752,3436,0.1988545,14.28987194412111,not_significant
P15,Rod,Srgap2,0.32692924,0.048749026,0.7437214134018448,0.8548726854343442,0.16094295692665891,4510,0.24081266,15.942350332594293,3436,0.24814081,16.094295692665934,not_significant
P15,Rod,Lcorl,0.3269243,0.025086338,0.7437251401480317,0.8548726854343442,0.4371362048894063,4510,0.74736524,43.725055432373985,3436,0.756556,43.71362048894076,not_significant
P15,Rod,Ttc19,0.3267518,0.019817172,0.7438556254583996,0.8548726854343442,0.4391734575087311,4510,0.69817257,44.212860310422805,3436,0.7050987,43.917345750873245,not_significant
P15,Rod,Akap8,0.32670096,0.022620693,0.7438940776024507,0.8548726854343442,0.270372526193248,4510,0.3983585,26.807095343680633,3436,0.40353754,27.037252619324875,not_significant
P15,Rod,Ywhae,0.3255394,0.017171053,0.7447728558253036,0.8554521624511625,0.5788707799767171,4510,1.0194911,57.56097560975885,3436,1.0271152,57.88707799767039,not_significant
P15,Rod,Leo1,0.32434016,0.051620863,0.7456805100015178,0.8563113371115695,0.15657741559953434,4510,0.20258658,15.52106430155218,3436,0.20924483,15.657741559953479,not_significant
P15,Rod,Acly,0.32218805,0.019771706,0.7473102287247877,0.8574259009841675,0.1728754365541327,4510,0.23450454,17.028824833702906,3436,0.23738475,17.28754365541332,not_significant
P15,Rod,Hivep1,0.32169268,0.020371592,0.747685530633915,0.8575123340432586,0.11321303841676368,4510,0.15385711,11.06430155210656,3436,0.15588291,11.321303841676398,not_significant
P15,Rod,Slain2,0.31923068,0.029928971,0.7495516019308763,0.8590187483205425,0.1362048894062864,4510,0.18582886,13.370288248337173,3436,0.1893772,13.620488940628675,not_significant
P15,Rod,P4hb,0.31769264,0.021024266,0.7507180891750271,0.8590249242835433,0.11670547147846333,4510,0.14454807,11.39689578713983,3436,0.14652184,11.670547147846365,not_significant
P15,Rod,Emg1,0.31761762,0.060283333,0.7507749998181356,0.8590249242835433,0.1271827706635623,4510,0.15843008,12.572062084257377,3436,0.16466261,12.718277066356261,not_significant
P15,Rod,Zfp62,0.3172073,0.0330715,0.7510862965864686,0.8590249242835433,0.18480791618160652,4510,0.25318134,18.248337028824814,3436,0.2583546,18.480791618160705,not_significant
P15,Rod,Dis3l2,0.31527543,0.021416798,0.7525525332468798,0.8604990647313514,0.3742724097788126,4510,0.6131172,37.05099778270596,3436,0.61994827,37.42724097788137,not_significant
P15,Rod,Pcgf6,0.3147775,0.053566422,0.7529306087905558,0.8604990647313514,0.10913853317811409,4510,0.14715847,10.753880266075509,3436,0.15232144,10.913853317811437,not_significant
P15,Rod,Evi5,0.31466386,0.002188695,0.7530168922164362,0.8604990647313514,0.21769499417927823,4510,0.31996962,21.24168514412405,3436,0.32038546,21.769499417927886,not_significant
P15,Rod,Ndufs6,0.31354737,0.04972965,0.7538648325403192,0.8610111827586653,0.20372526193247964,4510,0.28639808,20.35476718403539,3436,0.29509392,20.37252619324802,not_significant
P15,Rod,Klhdc1,0.31343976,0.019998932,0.7539465931054159,0.8610111827586653,0.1708381839348079,4510,0.2423874,16.80709534368074,3436,0.24538738,17.08381839348084,not_significant
P15,Rod,Eif3a,0.31222615,0.034953777,0.754868671390551,0.8611475017734828,0.2307916181606519,4510,0.32915697,22.949002217294726,3436,0.3360118,23.07916181606526,not_significant
P15,Rod,Zfp462,0.31173632,0.019001994,0.7552409307309883,0.8612058572366116,0.4394644935972061,4510,0.74290204,44.10199556541171,3436,0.7498281,43.94644935972074,not_significant
P15,Rod,Ppm1n,0.3114973,0.028498651,0.7554225875254523,0.8612253923436103,0.45139697322467986,4510,0.7111396,45.676274944569286,3436,0.72124135,45.13969732246812,not_significant
P15,Rod,Tomm5,0.31115693,0.010238398,0.7556813243324159,0.8612253923436103,0.110011641443539,4510,0.13531582,10.753880266075509,3436,0.13621671,11.001164144353929,not_significant
P15,Rod,Rogdi,0.30937296,0.034973565,0.7570378432168441,0.8620999496516376,0.11612339930151339,4510,0.1593222,11.419068736142048,3436,0.16292956,11.61233993015137,not_significant
P15,Rod,Rnf169,0.30883202,-0.0055216216,0.7574493218186411,0.8622576744981305,0.2712456344586729,4510,0.41905752,26.607538802660656,3436,0.41774923,27.124563445867366,not_significant
P15,Rod,Irf2,0.30834892,0.01926444,0.7578168499759188,0.8624241632257458,0.2080908032596042,4510,0.29305065,20.532150776053122,3436,0.29645947,20.80908032596048,not_significant
P15,Rod,Vezt,0.3077945,0.053452015,0.7582386938427698,0.8624241632257458,0.2572759022118743,4510,0.3867799,25.942350332594078,3436,0.39881444,25.7275902211875,not_significant
P15,Rod,Meis1,0.30492508,0.016228167,0.7604232125923376,0.8641758712595972,0.5535506402793946,4510,1.0125399,56.38580931264122,3436,1.0197153,55.35506402793862,not_significant
P15,Rod,Pdss2,0.30049896,0.044769898,0.7637965818218128,0.8667967922985315,0.19674039580908032,4510,0.30831566,19.62305986696224,3436,0.31664371,19.67403958090809,not_significant
P15,Rod,Phtf2,0.3000697,0.016827287,0.7641240075983746,0.8669122624275977,0.10040745052386496,4510,0.13867998,9.822616407982355,3436,0.14019813,10.040745052386523,not_significant
P15,Rod,Gm45159,0.29926607,0.036283057,0.7647370331279517,0.867424285408825,0.23864959254947612,4510,0.3558352,23.81374722838117,3436,0.36343184,23.864959254947685,not_significant
P15,Rod,Pla2g7,0.29826245,0.0066793673,0.7655028673342822,0.8681093827444164,0.6332945285215367,4510,1.1408721,63.59201773836251,3436,1.1440259,63.32945285215133,not_significant
P15,Rod,Vrk3,0.29734012,0.02250673,0.7662068530921933,0.8683721142933911,0.16647264260768335,4510,0.22531231,16.430155210643058,3436,0.22847922,16.64726426076838,not_significant
P15,Rod,Zfp428,0.29732263,0.035553664,0.7662202119594743,0.8683721142933911,0.13736903376018628,4510,0.17485486,13.569844789357122,3436,0.17884944,13.736903376018663,not_significant
P15,Rod,Brd8,0.29630706,0.01981257,0.7669956041106618,0.8690672624523849,0.3757275902211874,4510,0.5657205,37.45011086474591,3436,0.5716767,37.57275902211886,not_significant
P15,Rod,Stk3,0.29385006,0.02821694,0.7688724660964503,0.8702803779854842,0.3128637951105937,4510,0.53262085,31.219512195122277,3436,0.54074305,31.286379511059465,not_significant
P15,Rod,Hdac1,0.29179552,0.012031339,0.7704429634333109,0.8707987577712232,0.13242142025611175,4510,0.18059397,12.993348115299492,3436,0.18197641,13.242142025611212,not_significant
P15,Rod,Pogz,0.28964943,-0.0012582832,0.7720844583465274,0.8722537983510474,0.1888824214202561,4510,0.27338696,18.558758314855847,3436,0.27317834,18.888242142025664,not_significant
P15,Rod,Eloc,0.2891057,0.02406053,0.7725004828061024,0.872520854136163,0.20081490104772992,4510,0.2682819,19.822616407982192,3436,0.27223134,20.08149010477305,not_significant
P15,Rod,Lrrc8d,0.28810337,0.024116835,0.7732676054101768,0.872841329257499,0.18451688009313155,4510,0.2653932,18.20399113082038,3436,0.26931453,18.45168800931321,not_significant
P15,Rod,Gm15614,0.2876942,-0.033479635,0.7735808499795209,0.872841329257499,0.1009895227008149,4510,0.14072026,9.822616407982355,3436,0.13770449,10.098952270081517,not_significant
P15,Rod,St6galnac5,0.2852119,0.015315368,0.7754818027686042,0.8747581270991956,0.199941792782305,4510,0.33375815,19.64523281596446,3436,0.3367822,19.994179278230558,not_significant
P15,Rod,Ss18,0.2839929,0.045042157,0.776415827179076,0.875303593314116,0.12281722933643772,4510,0.16760078,12.084257206208585,3436,0.17248225,12.281722933643806,not_significant
P15,Rod,Cox7a2l,0.283618,0.0039588716,0.7767031490595381,0.8754435157712465,0.2729918509895227,4510,0.40142238,26.807095343680633,3436,0.4023307,27.29918509895235,not_significant
P15,Rod,Syap1,0.2830418,0.008649086,0.7771447959232105,0.8757572868344751,0.17229336437718276,4510,0.23329252,16.984478935698473,3436,0.23454276,17.229336437718327,not_significant
P15,Rod,Hspd1,0.28121173,0.03665648,0.7785480033938897,0.8768523591565297,0.20256111757857975,4510,0.27238342,20.199556541019874,3436,0.27850062,20.256111757858033,not_significant
P15,Rod,Actr1a,0.28113484,0.040850207,0.7786069699221758,0.8768523591565297,0.18917345750873107,4510,0.26752928,18.891352549889096,3436,0.27424788,18.917345750873164,not_significant
P15,Rod,Atp13a2,0.27988645,0.04387898,0.7795646288489517,0.8775623649833739,0.10593713620488941,4510,0.1394124,10.42128603104224,3436,0.143423,10.59371362048897,not_significant
P15,Rod,Gm50240,0.27828592,0.036890566,0.780792878069796,0.8782145776816749,0.14493597206053552,4510,0.19076753,14.323725055432485,3436,0.19525576,14.493597206053591,not_significant
P15,Rod,Ube2v1,0.27548867,0.05565756,0.7829408368763985,0.8797014346470469,0.10855646100116415,4510,0.13395119,10.709534368071074,3436,0.13887002,10.855646100116443,not_significant
P15,Rod,Pik3c2a,0.2745774,0.031721883,0.783640925457797,0.8801944690157881,0.2590221187427241,4510,0.39346898,25.831485587582982,3436,0.40067503,25.902211874272485,not_significant
P15,Rod,Ldah,0.27220428,-0.0043286434,0.7854649514431148,0.8814297070169179,0.1941210710128056,4510,0.28689614,19.024390243902396,3436,0.28614858,19.412107101280615,not_significant
P15,Rod,Tubgcp5,0.27167955,0.001463404,0.785868415990556,0.8815136309856425,0.16181606519208383,4510,0.23084378,15.89800443458986,3436,0.23105286,16.181606519208426,not_significant
P15,Rod,Zfp68,0.27089757,0.015969323,0.786469809394899,0.8820037753699014,0.1271827706635623,4510,0.16751519,12.505543237250727,3436,0.1692303,12.718277066356261,not_significant
P15,Rod,Usp8,0.27008224,0.0045786873,0.7870969815899416,0.8821538255847151,0.2069266589057043,4510,0.2876459,20.376940133037603,3436,0.2884403,20.692665890570492,not_significant
P15,Rod,Rab8a,0.26979363,0.07556988,0.7873190299545281,0.8822183573586982,0.10011641443538999,4510,0.12451735,9.911308203991227,3436,0.13079374,10.011641443539025,not_significant
P15,Rod,Rnft2,0.2684893,0.017814254,0.7883227051487117,0.8831585193019401,0.1941210710128056,4510,0.28162247,19.24611973392456,3436,0.2846672,19.412107101280615,not_significant
P15,Rod,Dut,0.26724282,0.03712068,0.78928220546504,0.8833152994242962,0.18073341094295692,4510,0.237181,17.960088691796,3436,0.24266902,18.073341094295746,not_significant
P15,Rod,Hpf1,0.26712117,0.01899284,0.7893758653127697,0.8833152994242962,0.2968568102444703,4510,0.42228767,29.623059866962485,3436,0.42684218,29.68568102444712,not_significant
P15,Rod,Eif4enif1,0.26705518,0.02730674,0.789426676199402,0.8833152994242962,0.12660069848661235,4510,0.1726678,12.461197339246292,3436,0.17569351,12.660069848661267,not_significant
P15,Rod,Fscn2,0.26685196,0.007925059,0.7895831432334942,0.8833152994242962,0.3460419091967404,4510,0.53021324,34.21286031042189,3436,0.5324781,34.604190919674146,not_significant
P15,Rod,Bbs12,0.26669562,0.018446507,0.7897035311155749,0.8833152994242962,0.2572759022118743,4510,0.36808482,25.49889135254969,3436,0.37203965,25.7275902211875,not_significant
P15,Rod,Mkln1,0.26656708,0.01076376,0.7898025127905162,0.8833152994242962,0.4883585564610012,4510,0.8102439,49.44567627494657,3436,0.81439334,48.83585564610027,not_significant
P15,Rod,Dtymk,0.2663678,0.050720498,0.789955961227431,0.8833152994242962,0.11146682188591385,4510,0.1428507,10.997782705099906,3436,0.14760257,11.146682188591415,not_significant
P15,Rod,Slx4ip,0.2656026,0.016987544,0.7905452888600355,0.8833152994242962,0.1871362048894063,4510,0.28131303,18.4922394678492,3436,0.28421336,18.713620488940684,not_significant
P15,Rod,Cox19,0.26552713,0.020338513,0.7906034214273017,0.8833152994242962,0.16268917345750872,4510,0.21484937,16.07538802660759,3436,0.21759053,16.268917345750918,not_significant
P15,Rod,Pitpna,0.26467794,0.02903477,0.7912575624481921,0.8836589672974718,0.270372526193248,4510,0.38648686,26.940133037693947,3436,0.39298233,27.037252619324875,not_significant
P15,Rod,Swt1,0.26430798,0.013346646,0.7915426104737939,0.8836589672974718,0.30471478463329454,4510,0.4725477,30.243902439024627,3436,0.47604185,30.471478463329543,not_significant
P15,Rod,Tbcd,0.2627204,0.0507764,0.7927660912020057,0.8844420368568133,0.12369033760186263,4510,0.17975956,12.217294900221894,3436,0.18563609,12.369033760186298,not_significant
P15,Rod,Myo9a,0.26141706,0.010784961,0.793770908020275,0.8848269224066406,0.3221769499417928,4510,0.5112991,31.685144124168886,3436,0.5142981,32.217694994179375,not_significant
P15,Rod,Vta1,0.2610484,0.010673674,0.7940551687869849,0.8849598847648841,0.1638533178114086,4510,0.22549221,16.141906873614243,3436,0.22699004,16.38533178114091,not_significant
P15,Rod,Ube3c,0.25995266,0.014293169,0.7949002825570748,0.8853985759052189,0.37834691501746215,4510,0.605606,37.694013303770326,3436,0.61011857,37.834691501746335,not_significant
P15,Rod,Cyld,0.2595924,0.009003136,0.7951781950776231,0.8853985759052189,0.190046565774156,4510,0.26882255,18.691796008869147,3436,0.27029693,19.004656577415656,not_significant
P15,Rod,Crk,0.25946808,-0.0070725447,0.795274112362294,0.8853985759052189,0.23661233993015135,4510,0.32918313,23.12638580931246,3436,0.3278107,23.661233993015205,not_significant
P15,Rod,Rac1,0.25880453,0.0039970665,0.7957860590318402,0.8857846899038786,0.12456344586728754,4510,0.16502257,12.239467849224111,3436,0.16544461,12.45634458672879,not_significant
P15,Rod,Prnp,0.2582873,0.0071374066,0.7961851786472068,0.8860450826273066,0.32916181606519207,4510,0.4829381,32.505543237251,3436,0.48483634,32.91618160651931,not_significant
P15,Rod,Garem1,0.25640845,0.009299577,0.7976354728603807,0.8871069202618873,0.23661233993015135,4510,0.367634,23.414634146341275,3436,0.36962137,23.661233993015205,not_significant
P15,Rod,Sec14l1,0.25534913,0.019448439,0.7984534678175209,0.8878325873493329,0.39435389988358555,4510,0.58781195,39.0465631929057,3436,0.5938259,39.43538998835868,not_significant
P15,Rod,Tcaim,0.25104168,0.012107136,0.8017818890151109,0.8900677631923078,0.12951105937136204,4510,0.18369043,12.749445676275108,3436,0.1851037,12.951105937136239,not_significant
P15,Rod,Sacm1l,0.2506674,0.017855298,0.8020712623149442,0.8900677631923078,0.2040162980209546,4510,0.29120114,20.15521064301544,3436,0.2943425,20.40162980209552,not_significant
P15,Rod,Gm26936,0.24771908,0.004036243,0.8043517638184582,0.8916186941769394,0.10651920838183934,4510,0.14438462,10.465631929046676,3436,0.1447612,10.651920838183964,not_significant
P15,Rod,Ap2s1,0.24612217,0.044173464,0.8055876696330242,0.8923231714729101,0.15512223515715948,4510,0.19832216,15.410199556541096,3436,0.20389967,15.512223515715991,not_significant
P15,Rod,Rragb,0.24607386,0.04460297,0.8056250644175413,0.8923231714729101,0.10739231664726426,4510,0.14645505,10.620842572062202,3436,0.15072355,10.739231664726455,not_significant
P15,Rod,Zfp644,0.24470459,0.019532807,0.8066851708692329,0.892645858782329,0.41356228172293363,4510,0.6381639,41.44124168514539,3436,0.64457345,41.35622817229349,not_significant
P15,Rod,B4galt1,0.24458714,0.012227092,0.8067761229263108,0.892645858782329,0.529685681024447,4510,0.93039685,53.48115299335049,3436,0.9355375,52.9685681024443,not_significant
P15,Rod,Pdk3,0.2428206,0.047874134,0.808144367289241,0.8936067586352275,0.12689173457508732,4510,0.17152576,12.54988913525516,3436,0.17682974,12.689173457508765,not_significant
P15,Rod,Calcoco1,0.24068893,0.02223047,0.8097962158352875,0.8948798726288592,0.20430733410942956,4510,0.28846002,20.310421286030955,3436,0.29234356,20.430733410943017,not_significant
P15,Rod,Got2,0.23973091,0.02585038,0.810538872441942,0.8951670456525542,0.25261932479627475,4510,0.35571426,25.277161862527496,3436,0.3611112,25.261932479627546,not_significant
P15,Rod,Gtf2h5,0.23865828,0.011529603,0.811370569675647,0.8958157184586838,0.20285215366705472,4510,0.2716628,20.044345898004355,3436,0.2735698,20.28521536670553,not_significant
P15,Rod,Nup153,0.23793273,0.0069846106,0.81193327675118,0.8959494129794959,0.14377182770663563,4510,0.19683601,14.168514412416968,3436,0.19770265,14.377182770663602,not_significant
P15,Rod,Dip2b,0.23661202,0.01137485,0.8129577921567004,0.8965355813266489,0.41036088474970894,4510,0.660252,41.042128603105446,3436,0.66406995,41.036088474971024,not_significant
P15,Rod,Atp11b,0.23660158,0.012142892,0.8129658962663722,0.8965355813266489,0.639406286379511,4510,1.1333278,63.7028824833736,3436,1.1390406,63.94062863794865,not_significant
P15,Rod,Zfp799,0.23569335,0.021356795,0.8136706346723874,0.8970064049788047,0.10273573923166472,4510,0.13700509,10.110864745011188,3436,0.13891268,10.2735739231665,not_significant
P15,Rod,Parg,0.23562035,0.0050466172,0.8137272868431886,0.8970064049788047,0.20547147846332944,4510,0.2947163,20.310421286030955,3436,0.29561043,20.547147846333004,not_significant
P15,Rod,Sclt1,0.23513283,0.018211037,0.8141056356601064,0.8970547719147105,0.3332363213038417,4510,0.5450925,32.94900221729539,3436,0.5504162,33.32363213038427,not_significant
P15,Rod,Ankmy2,0.2346068,0.016819008,0.8145139332506387,0.8971169183715707,0.11175785797438882,4510,0.15051368,10.997782705099906,3436,0.15215099,11.175785797438913,not_significant
P15,Rod,Cetn3,0.23441376,0.028041894,0.8146637787822373,0.8971169183715707,0.20168800931315484,4510,0.27591625,20.066518847006574,3436,0.28063738,20.16880093131554,not_significant
P15,Rod,BC046251,0.23378763,0.013417322,0.8151498612653861,0.8974679507035163,0.3041327124563446,4510,0.46305817,30.443458980044603,3436,0.4665156,30.413271245634547,not_significant
P15,Rod,Saxo2,0.22815634,-0.0015935381,0.819524704053782,0.9017293359065613,0.14348079161816066,4510,0.19172646,14.124168514412535,3436,0.19153385,14.348079161816104,not_significant
P15,Rod,Oaz2,0.22713953,0.03457206,0.8203152483374776,0.9024140672851169,0.1522118742724098,4510,0.20097262,15.099778270510065,3436,0.20537844,15.22118742724102,not_significant
P15,Rod,Rybp,0.2259639,0.038633842,0.8212294941693119,0.9032345718113982,0.17782305005820723,4510,0.24519001,17.694013303769403,3436,0.25107434,17.782305005820774,not_significant
P15,Rod,Abhd17b,0.2253446,0.024343072,0.8217112015736613,0.903537447996762,0.3530267753201397,4510,0.56977284,35.32150776053285,3436,0.57713693,35.30267753201407,not_significant
P15,Rod,Nub1,0.22430252,0.034883853,0.8225219177757966,0.9039146828415024,0.20285215366705472,4510,0.27530873,20.177383592017655,3436,0.28118148,20.28521536670553,not_significant
P15,Rod,Dnajc11,0.22382928,0.031030027,0.8228901369843544,0.9040781005034395,0.1120488940628638,4510,0.15368322,11.06430155210656,3436,0.15677567,11.20488940628641,not_significant
P15,Rod,Ric8b,0.22366226,0.018453572,0.8230201118648515,0.9040781005034395,0.709254947613504,4510,1.3794912,70.55432372505938,3436,1.3890778,70.92549476134664,not_significant
P15,Rod,Ube2q1,0.22346161,0.03419351,0.8231762570579415,0.9040781005034395,0.10215366705471478,4510,0.12687682,10.088691796008971,3436,0.12973069,10.215366705471505,not_significant
P15,Rod,Ccdc163,0.22142628,0.06038119,0.8247605317462721,0.9054472968250109,0.10215366705471478,4510,0.13929576,10.110864745011188,3436,0.14483799,10.215366705471505,not_significant
P15,Rod,Dnajb12,0.22059207,0.016671041,0.8254100836077503,0.9059749720630187,0.18422584400465658,4510,0.25351012,18.248337028824814,3436,0.25610936,18.42258440046571,not_significant
P15,Rod,Asrgl1,0.21946402,0.008346363,0.8262886013682235,0.9063012081985781,0.38154831199068684,4510,0.59859276,37.91574279379252,3436,0.6012022,38.1548311990688,not_significant
P15,Rod,Ppp1r13b,0.21745762,0.02239307,0.8278517236248537,0.9073552606301012,0.2080908032596042,4510,0.30071533,20.643015521064203,3436,0.3047698,20.80908032596048,not_significant
P15,Rod,Snapc1,0.21514705,-0.051836815,0.8296526686969946,0.9084010848929739,0.11757857974388825,4510,0.1552488,11.463414634146483,3436,0.15016091,11.757857974388857,not_significant
P15,Rod,Eif6,0.21470128,0.019321417,0.8300002296854296,0.9084107798475096,0.1050640279394645,4510,0.12946868,10.354767184035586,3436,0.13110465,10.506402793946478,not_significant
P15,Rod,Sik3,0.21328403,0.011489879,0.8311054288686766,0.909434826693509,0.5584982537834692,4510,0.9822548,55.85365853658796,3436,0.987243,55.849825378345976,not_significant
P15,Rod,Lcor,0.21173607,0.020512471,0.8323129493756227,0.9101132637599306,0.4118160651920838,4510,0.6664867,41.396895787140956,3436,0.6734291,41.18160651920851,not_significant
P15,Rod,Becn1,0.21124013,0.005798797,0.8326998956170599,0.9101132637599306,0.1169965075669383,4510,0.15298684,11.50776053215092,3436,0.15355806,11.699650756693861,not_significant
P15,Rod,Lmbrd1,0.21096687,0.021121554,0.8329131267333146,0.9101132637599306,0.29423748544819556,4510,0.43688542,29.379157427938075,3436,0.44209185,29.423748544819645,not_significant
P15,Rod,Nol11,0.2101282,0.011093901,0.8335676138732664,0.9106429085165378,0.2339930151338766,4510,0.33401886,23.17073170731689,3436,0.33620837,23.39930151338773,not_significant
P15,Rod,Eif2s3x,0.20925884,0.025054462,0.8342461867789758,0.9110131404483767,0.10331781140861467,4510,0.13105322,10.19955654102006,3436,0.13320263,10.331781140861494,not_significant
P15,Rod,Znrf3,0.2087432,0.014523578,0.8346487086386655,0.9112671836225934,0.11757857974388825,4510,0.17518215,11.596452328159792,3436,0.17680661,11.757857974388857,not_significant
P15,Rod,St6galnac2,0.20612642,0.004581501,0.8366921641270535,0.912940758416907,0.11670547147846333,4510,0.1571833,11.50776053215092,3436,0.15764573,11.670547147846365,not_significant
P15,Rod,Hspa4,0.20410311,0.009867036,0.8382729178426649,0.914107731512107,0.30064027939464494,4510,0.43519613,29.933481152993558,3436,0.4376152,30.064027939464584,not_significant
P15,Rod,Suds3,0.20275773,0.008981261,0.8393243996266385,0.914926120720008,0.18655413271245636,4510,0.2499299,18.447893569844766,3436,0.25130996,18.65541327124569,not_significant
P15,Rod,Necap1,0.2018239,0.0136206485,0.8400543977049356,0.9153060713567489,0.16647264260768335,4510,0.22299878,16.47450110864749,3436,0.22489314,16.64726426076838,not_significant
P15,Rod,Sdhc,0.2013039,0.056587413,0.8404609572930828,0.915563073704325,0.14726426076833526,4510,0.18837675,14.700665188470166,3436,0.19522156,14.726426076833569,not_significant
P15,Rod,Ptgr2,0.19887665,-0.0064464267,0.8423592308348895,0.9172584072672244,0.13358556461001164,4510,0.17796884,13.148558758315007,3436,0.17724168,13.3585564610012,not_significant
P15,Rod,Gtdc1,0.1980424,0.05150718,0.8430118929917079,0.9175965491086691,0.19674039580908032,4510,0.31999367,19.733924611973325,3436,0.3298982,19.67403958090809,not_significant
P15,Rod,Med25,0.19708444,0.018303638,0.8437614525586032,0.9181041872754728,0.160069848661234,4510,0.2199162,15.875831485587643,3436,0.22243334,16.006984866123446,not_significant
P15,Rod,Gm48236,0.19575095,0.025384866,0.8448051007789438,0.9187956824558446,0.2339930151338766,4510,0.34059292,23.23725055432354,3436,0.34570384,23.39930151338773,not_significant
P15,Rod,Ptp4a3,0.19554028,-0.000545243,0.844970004018397,0.9187956824558446,0.6053550640279395,4510,1.0620044,61.24168514412725,3436,1.0617559,60.53550640279213,not_significant
P15,Rod,Msh3,0.19447456,0.017025935,0.8458043142127947,0.9195164859013844,0.28550640279394646,4510,0.43235543,28.381374722838203,3436,0.4365139,28.550640279394727,not_significant
P15,Rod,Bmpr2,0.19267654,0.014092209,0.8472122935763025,0.9203114196608436,0.24068684516880093,4510,0.35708994,23.991130820398904,3436,0.36003333,24.068684516880165,not_significant
P15,Rod,Ppil4,0.19233362,0.0044360347,0.847480882212845,0.9203114196608436,0.26658905704307334,4510,0.37809658,26.385809312638465,3436,0.37906566,26.65890570430741,not_significant
P15,Rod,Dnajc10,0.19222629,0.019230157,0.8475649539754972,0.9203114196608436,0.1690919674039581,4510,0.22981115,16.80709534368074,3436,0.23256218,16.909196740395856,not_significant
P15,Rod,Pnpla8,0.19120653,0.014157184,0.8483637855529176,0.9208060189611189,0.17724097788125728,4510,0.25122088,17.64966740576497,3436,0.25340924,17.72409778812578,not_significant
P15,Rod,Utp18,0.19065468,0.02145436,0.8487961526636161,0.9209846114610271,0.1140861466821886,4510,0.15646729,11.286031042128739,3436,0.15863492,11.40861466821889,not_significant
P15,Rod,Mcrip1,0.19055822,0.025607329,0.8488717224204545,0.9209846114610271,0.13271245634458673,4510,0.17107023,13.19290465631944,3436,0.17388202,13.271245634458708,not_significant
P15,Rod,Ing4,0.1899947,0.011062688,0.8493132931383205,0.9210197092791976,0.25261932479627475,4510,0.35696292,25.077605321507523,3436,0.35927126,25.261932479627546,not_significant
P15,Rod,Gm13027,0.18985955,0.023458589,0.8494191837815419,0.9210197092791976,0.2770663562281723,4510,0.41433126,27.716186252771625,3436,0.4198769,27.70663562281731,not_significant
P15,Rod,Eapp,0.18863139,0.01277395,0.8503817283835473,0.9212180145329979,0.22642607683352736,4510,0.31493875,22.505543237250393,3436,0.31733876,22.642607683352804,not_significant
P15,Rod,Farsa,0.18852708,0.03304319,0.8504634946381424,0.9212180145329979,0.17724097788125728,4510,0.24716592,17.64966740576497,3436,0.25222686,17.72409778812578,not_significant
P15,Rod,Sec11a,0.18809235,-0.0011843789,0.85080425876146,0.9212180145329979,0.1818975552968568,4510,0.24834226,17.915742793791566,3436,0.24816161,18.189755529685733,not_significant
P15,Rod,Opa3,0.18737522,0.017534263,0.8513664541059878,0.9212562193595106,0.11525029103608847,4510,0.15423164,11.39689578713983,3436,0.15597782,11.52502910360888,not_significant
P15,Rod,Uqcrc1,0.1871877,0.007472122,0.8515134625606193,0.9212562193595106,0.279685681024447,4510,0.39545095,27.76053215077606,3436,0.3971453,27.968568102444785,not_significant
P15,Rod,Ginm1,0.18717161,0.008591801,0.8515260836496368,0.9212562193595106,0.10448195576251455,4510,0.14179218,10.31042128603115,3436,0.14258157,10.448195576251482,not_significant
P15,Rod,Gm17231,0.18717103,0.0017153831,0.8515265353438579,0.9212562193595106,0.6076833527357393,4510,1.0790597,60.953436807098406,3436,1.0798459,60.76833527357206,not_significant
P15,Rod,Cul1,0.18627986,0.011491875,0.852225298163609,0.9212750798129771,0.37077997671711294,4510,0.5641274,37.272727272728154,3436,0.56756926,37.0779976717114,not_significant
P15,Rod,Zfp866,0.18246983,0.02767797,0.8552140307834796,0.9233832651212932,0.139988358556461,4510,0.19031054,13.90243902439037,3436,0.19366147,13.998835855646139,not_significant
P15,Rod,Use1,0.18187456,-0.0387111,0.8556811760046594,0.9235158607824936,0.1440628637951106,4510,0.1854985,14.124168514412535,3436,0.18100579,14.4062863795111,not_significant
P15,Rod,Esco1,0.18095577,0.0052887388,0.8564022942275592,0.9239223463870933,0.3521536670547148,4510,0.5322206,35.033259423504006,3436,0.5337352,35.21536670547158,not_significant
P15,Rod,Fchsd2,0.177749,-0.0010758869,0.8589201032408027,0.9257077423716427,0.17433061699650756,4510,0.25982842,17.139689578713988,3436,0.25965768,17.433061699650807,not_significant
P15,Rod,Eif4h,0.17545044,-0.005069017,0.860725704014403,0.9270949149263569,0.23428405122235157,4510,0.3166471,23.037694013303593,3436,0.31569466,23.428405122235226,not_significant
P15,Rod,Glp2r,0.17438947,0.016825348,0.8615593879894702,0.9274611820017004,0.22642607683352736,4510,0.32286647,22.549889135254826,3436,0.32609782,22.642607683352804,not_significant
P15,Rod,Asb3,0.17174779,0.01801154,0.8636358126841703,0.9289237014714036,0.2820139697322468,4510,0.43655616,28.093126385809352,3436,0.44099048,28.201396973224764,not_significant
P15,Rod,Trib2,0.1713157,0.012084314,0.8639755397942778,0.9291028058252819,0.2712456344586729,4510,0.3872499,27.028824833702824,3436,0.38994673,27.124563445867366,not_significant
P15,Rod,Fkbp15,0.1688367,0.0008682538,0.8659250967500615,0.9306395950645822,0.15977881257275903,4510,0.22692847,15.787139689578778,3436,0.22705063,15.977881257275946,not_significant
P15,Rod,Rplp1,0.16732296,-0.0071588974,0.8671159382345265,0.9309260739176869,0.5046565774155995,4510,1.0061431,49.20177383592216,3436,1.002998,50.46565774156002,not_significant
P15,Rod,Uqcc3,0.16727608,0.010949068,0.8671528206433663,0.9309260739176869,0.4182188591385332,4510,0.6679293,41.48558758314983,3436,0.6716336,41.82188591385344,not_significant
P15,Rod,Chtop,0.16717423,0.01719664,0.8672329588677631,0.9309260739176869,0.23457508731082655,4510,0.32445875,23.414634146341275,3436,0.32777572,23.457508731082726,not_significant
P15,Rod,Rc3h2,0.1669265,0.027206386,0.867427879126347,0.9309490083300771,0.2680442374854482,4510,0.38988778,26.82926829268285,3436,0.39601576,26.8044237485449,not_significant
P15,Rod,Stxbp5l,0.16662532,0.01928727,0.8676648647133843,0.9310170702785744,0.26949941792782306,4510,0.43172988,26.873614190687288,3436,0.43643755,26.949941792782383,not_significant
P15,Rod,Slc12a6,0.16604489,0.015811594,0.8681216176527067,0.9313208714178237,0.6295110593713621,4510,1.1524702,62.328159645236006,3436,1.159981,62.95110593713393,not_significant
P15,Rod,Dnajc8,0.16393693,0.001299111,0.8697808007490861,0.932257350090968,0.2479627473806752,4510,0.34939334,24.567627494456534,3436,0.34965912,24.796274738067595,not_significant
P15,Rod,Ap2a2,0.16328408,0.0054922285,0.8702947668380012,0.9325311988711673,0.5474388824214202,4510,0.905618,54.16851441241929,3436,0.907887,54.743888242141296,not_significant
P15,Rod,Arih2,0.16288057,0.0060535846,0.8706124678204418,0.9325311988711673,0.2610593713620489,4510,0.3845566,25.92017738359186,3436,0.38589817,26.105937136204965,not_significant
P15,Rod,Ppa1,0.16237794,0.00584928,0.8710082392096471,0.9325311988711673,0.29423748544819556,4510,0.4276532,29.356984478935853,3436,0.4290659,29.423748544819645,not_significant
P15,Rod,Sp2,0.16180854,0.06697822,0.8714566364497237,0.9325311988711673,0.1079743888242142,4510,0.14457843,10.776053215077727,3436,0.15095487,10.79743888242145,not_significant
P15,Rod,Akirin2,0.16109867,0.029992502,0.8720156839627159,0.9325311988711673,0.2529103608847497,4510,0.35137102,25.388026607538595,3436,0.3575758,25.291036088475042,not_significant
P15,Rod,Bnip2,0.16066925,-2.7557905e-06,0.8723539103831922,0.9325774088993349,0.24708963911525028,4510,0.3439346,24.5232815964521,3436,0.3439344,24.708963911525103,not_significant
P15,Rod,Krt18,0.1599795,0.019455861,0.8728972136909794,0.9328991142136707,0.1589057043073341,4510,0.24018212,15.809312638580995,3436,0.24307671,15.890570430733456,not_significant
P15,Rod,Tnfsf12,0.15932418,0.0070794723,0.8734134671130735,0.9331013144365096,0.6292200232828871,4510,1.0801867,63.08203991131146,3436,1.0834309,62.92200232828644,not_significant
P15,Rod,Zcchc9,0.15776376,0.0003313441,0.874642958080936,0.9338345595434197,0.1408614668218859,4510,0.19123705,13.924611973392587,3436,0.19127713,14.08614668218863,not_significant
P15,Rod,Mtmr6,0.15525274,0.011970834,0.876622071663851,0.9348311714522658,0.26338766006984865,4510,0.3809007,26.18625277161849,3436,0.38353667,26.338766006984944,not_significant
P15,Rod,Atxn3,0.15452757,0.020337095,0.8771937765427921,0.9349232540328517,0.10913853317811409,4510,0.15045296,10.820399113082162,3436,0.15243387,10.913853317811437,not_significant
P15,Rod,Bzw1,0.15355028,-0.010277091,0.8779643451529863,0.9355186228447792,0.19732246798603026,4510,0.26426113,19.490022172948944,3436,0.2626117,19.732246798603086,not_significant
P15,Rod,Plekha1,0.15259509,0.011942504,0.8787176020917623,0.9359494077879692,0.23370197904540163,4510,0.33987102,23.192904656319108,3436,0.34226292,23.370197904540234,not_significant
P15,Rod,Eid1,0.15203808,0.0098650465,0.8791568971138041,0.9362314068132709,0.4691501746216531,4510,0.75367063,46.607538802662496,3436,0.7572949,46.91501746216545,not_significant
P15,Rod,Supt16,0.1513738,0.013878837,0.8796808575308437,0.9364175669369806,0.30587892898719443,4510,0.44323003,30.620842572062358,3436,0.44668478,30.58789289871953,not_significant
P15,Rod,Zdhhc17,0.15000087,0.00993151,0.880763932993854,0.9371350549388132,0.5250291036088475,4510,0.8641622,52.43902439024618,3436,0.8681503,52.502910360884435,not_significant
P15,Rod,Lgalsl,0.14982188,0.0006212523,0.8809051505586767,0.9371350549388132,0.46041909196740394,4510,0.7706114,46.031042128604795,3436,0.7708438,46.04190919674054,not_significant
P15,Rod,Cdv3,0.14951849,0.019370984,0.8811445177384081,0.9371350549388132,0.15977881257275903,4510,0.21452436,15.875831485587643,3436,0.21713093,15.977881257275946,not_significant
P15,Rod,Guf1,0.14929585,0.04382391,0.8813201867651099,0.9371350549388132,0.11466821885913853,4510,0.15638332,11.419068736142048,3436,0.16083838,11.466821885913884,not_significant
P15,Rod,Mettl9,0.14924552,0.029417628,0.8813599044215599,0.9371350549388132,0.14027939464493597,4510,0.18148889,13.946784922394803,3436,0.18490206,14.027939464493636,not_significant
P15,Rod,Zswim7,0.14919074,-0.0017194853,0.881403123073511,0.9371350549388132,0.11728754365541327,4510,0.15311056,11.596452328159792,3436,0.15294147,11.72875436554136,not_significant
P15,Rod,Dnajc24,0.14886045,0.034100324,0.881663747505144,0.9372263855762173,0.20518044237485447,4510,0.29687244,20.643015521064203,3436,0.3029975,20.51804423748551,not_significant
P15,Rod,Cnot6,0.14787063,-0.0016466221,0.8824448624031254,0.937870862280635,0.4778812572759022,4510,0.7750088,48.38137472284004,3436,0.7743931,47.78812572759037,not_significant
P15,Rod,Stard7,0.14681718,0.002324968,0.8832763280918076,0.938196876016724,0.7313736903376019,4510,1.3963982,73.21507760532569,3436,1.3976129,73.137369033756,not_significant
P15,Rod,Mia3,0.14574425,0.020813348,0.884123290088154,0.9382509831021489,0.24650756693830034,4510,0.35236186,24.7893569844787,3436,0.3566677,24.650756693830107,not_significant
P15,Rod,Trafd1,0.14572856,-0.001679112,0.8841356722651105,0.9382509831021489,0.5666472642607684,4510,0.95123976,57.42793791574553,3436,0.9505247,56.66472642607574,not_significant
P15,Rod,Eea1,0.14564474,0.0031822424,0.884201849288099,0.9382509831021489,0.17665890570430734,4510,0.26086262,17.51662971175167,3436,0.26136953,17.665890570430783,not_significant
P15,Rod,Acox1,0.14483726,0.04181929,0.8848393599040306,0.9387417576197034,0.17345750873108265,4510,0.24049272,17.427937915742802,3436,0.24675986,17.345750873108315,not_significant
P15,Rod,Mid1,0.14388728,0.009109896,0.8855894745035291,0.9392535524064765,0.45139697322467986,4510,0.81233054,44.87804878048939,3436,0.81584835,45.13969732246812,not_significant
P15,Rod,Brcc3,0.14238882,0.041320197,0.8867728961525859,0.940049370545943,0.14988358556461,4510,0.20098446,14.988913525498981,3436,0.2062607,14.988358556461042,not_significant
P15,Rod,Gpsm1,0.14187191,0.006048897,0.8871811783425049,0.9402963526238285,0.3937718277066356,4510,0.6102322,39.46784922394787,3436,0.6121492,39.37718277066368,not_significant
P15,Rod,Ptpra,0.1395835,0.027951764,0.8889890789441371,0.9414683947593981,0.2569848661233993,4510,0.3804435,25.720620842571883,3436,0.38661522,25.698486612340005,not_significant
P15,Rod,Kmt2e,0.13882096,0.008097159,0.8895916284723162,0.9418309510648066,0.6132130384167637,4510,1.0787052,61.2860310421317,3436,1.0824134,61.3213038416744,not_significant
P15,Rod,Pmpcb,0.13769661,0.04196508,0.8904802015633295,0.9421676700520959,0.14115250291036088,4510,0.18135017,14.124168514412535,3436,0.18623364,14.115250291036126,not_significant
P15,Rod,Wwp1,0.13720109,0.008687761,0.890871851775978,0.9421676700520959,0.330034924330617,4510,0.50714964,32.90465631929095,3436,0.50954926,33.0034924330618,not_significant
P15,Rod,Ewsr1,0.13658713,0.012197739,0.891357156747532,0.9423018897898624,0.3530267753201397,4510,0.52597594,35.34368070953507,3436,0.52944314,35.30267753201407,not_significant
P15,Rod,Dcaf17,0.13576607,0.008435834,0.8920062152363356,0.9428022341926511,0.19179278230500582,4510,0.2757721,19.090909090909044,3436,0.27718467,19.17927823050064,not_significant
P15,Rod,Gps2,0.13341597,0.0063483077,0.8938644229225119,0.9442081064506408,0.23923166472642607,4510,0.33248395,23.88026607538782,3436,0.33373058,23.92316647264268,not_significant
P15,Rod,Akt3,0.13179556,0.01115826,0.8951459997484703,0.944528329226782,0.5934225844004657,4510,1.1003985,59.42350332594527,3436,1.1055654,59.34225844004497,not_significant
P15,Rod,Cul5,0.13163964,-0.0024075184,0.8952693229998759,0.944528329226782,0.6111757857974389,4510,1.0946436,61.61862527716499,3436,1.0935341,61.11757857974196,not_significant
P15,Rod,Dctn4,0.13144584,-0.0013042454,0.8954226303868855,0.944528329226782,0.20954598370197905,4510,0.29972306,20.84257206208415,3436,0.29948887,20.954598370197967,not_significant
P15,Rod,Fam13b,0.13139644,0.0072551956,0.8954617066631586,0.944528329226782,0.2680442374854482,4510,0.39810732,26.56319290465622,3436,0.3997619,26.8044237485449,not_significant
P15,Rod,Tbce,0.13066576,0.02049791,0.8960397104584809,0.9448313361311758,0.14115250291036088,4510,0.19990285,14.013303769401453,3436,0.20249209,14.115250291036126,not_significant
P15,Rod,Jak1,0.12992354,0.022747105,0.8966269165608162,0.9448429758831756,0.2607683352735739,4510,0.38042176,26.319290465631806,3436,0.3854379,26.07683352735747,not_significant
P15,Rod,Sdhaf1,0.12928711,0.026536202,0.8971304658617338,0.944954886141947,0.18655413271245636,4510,0.24989268,18.647450110864714,3436,0.25398877,18.65541327124569,not_significant
P15,Rod,Exoc7,0.12754227,-0.0007066176,0.8985112197250417,0.945764164561445,0.1050640279394645,4510,0.13761641,10.399113082040023,3436,0.13755344,10.506402793946478,not_significant
P15,Rod,Ranbp3,0.12637317,0.05817726,0.8994365354086844,0.9463667273307539,0.10360884749708964,4510,0.13653678,10.354767184035586,3436,0.1417749,10.360884749708992,not_significant
P15,Rod,Gsk3b,0.12497366,0.011732289,0.90054440243698,0.947346572793089,0.6647264260768335,4510,1.2081965,66.27494456763104,3436,1.2139059,66.47264260768043,not_significant
P15,Rod,Itpk1,0.12467898,0.013555482,0.9007776991224339,0.9474061917828892,0.24825378346915017,4510,0.3583505,24.745011086474268,3436,0.36118942,24.82537834691509,not_significant
P15,Rod,Pum1,0.12249428,0.001322806,0.9025075735264276,0.9485914686075742,0.43655413271245636,4510,0.6896259,43.503325942351786,3436,0.69008267,43.65541327124577,not_significant
P15,Rod,Dgcr8,0.1223624,0.012494778,0.9026120163633592,0.9485914686075742,0.1452270081490105,4510,0.2012498,14.434589800443568,3436,0.20283403,14.522700814901087,not_significant
P15,Rod,Prpsap1,0.122081734,0.021257093,0.9028342873740391,0.9486392002888043,0.10360884749708964,4510,0.14251359,10.31042128603115,3436,0.14448312,10.360884749708992,not_significant
P15,Rod,Atg13,0.12136501,0.03708012,0.9034019278926981,0.9490497338849261,0.1420256111757858,4510,0.19868109,14.212860310421402,3436,0.20336124,14.202561117578618,not_significant
P15,Rod,Tmcc1,0.11785976,0.0050240806,0.9061787818218892,0.950377975519356,0.6114668218859138,4510,1.1706718,61.41906873614501,3436,1.1730751,61.14668218858945,not_significant
P15,Rod,Gnpat,0.117819205,0.034446932,0.9062109119837893,0.950377975519356,0.12485448195576251,4510,0.16803683,12.483370288248508,3436,0.17176749,12.485448195576286,not_significant
P15,Rod,Gpatch11,0.11765777,0.001954234,0.9063388277533581,0.950377975519356,0.1309662398137369,4510,0.16966344,13.015521064301709,3436,0.169875,13.096623981373726,not_significant
P15,Rod,Ppcdc,0.117657475,0.0045844824,0.9063390621818124,0.950377975519356,0.17753201396973226,4510,0.2580337,17.671840354767184,3436,0.2587571,17.753201396973274,not_significant
P15,Rod,Ankhd1,0.11730895,-0.0007131583,0.9066152313073349,0.950377975519356,0.47642607683352733,4510,0.7957543,47.893569844791216,3436,0.7954825,47.642607683352885,not_significant
P15,Rod,Glod4,0.11628615,0.0067744763,0.9074257584013325,0.9510417678907284,0.1030267753201397,4510,0.1307975,10.221729490022279,3436,0.13137448,10.302677532013996,not_significant
P15,Rod,Hnrnpab,0.114822365,0.035050575,0.9085859200361808,0.951885717787905,0.2040162980209546,4510,0.27282122,20.509977827050903,3436,0.27867597,20.40162980209552,not_significant
P15,Rod,Rtn4,0.11362552,0.009171915,0.9095346576957204,0.9523656049696554,0.6161233993015134,4510,1.1016588,61.48558758315167,3436,1.1059074,61.61233993014932,not_significant
P15,Rod,Ssx2ip,0.11334918,0.010764708,0.9097537308767547,0.9523656049696554,0.3693247962747381,4510,0.55761564,36.98447893569931,3436,0.5608122,36.93247962747392,not_significant
P15,Rod,Dmac2,0.11293279,0.00083577743,0.9100838408761242,0.9523656049696554,0.17171129220023282,4510,0.23497453,17.05099778270512,3436,0.23509587,17.17112922002333,not_significant
P15,Rod,Etnk1,0.11290664,0.01697504,0.9101045712871909,0.9523656049696554,0.3393480791618161,4510,0.50912297,34.23503325942411,3436,0.51383406,33.93480791618171,not_significant
P15,Rod,Eif4e2,0.11227731,-0.001969793,0.9106035363890105,0.9525233528866932,0.1239813736903376,4510,0.15909941,12.305986696230766,3436,0.15889876,12.398137369033794,not_significant
P15,Rod,Nme7,0.11219208,-0.0017082139,0.9106711119975515,0.9525233528866932,0.110011641443539,4510,0.15625794,10.886917960088818,3436,0.15608676,11.001164144353929,not_significant
P15,Rod,Brms1l,0.110398315,0.006246104,0.912093490683046,0.9533260880794736,0.2549476135040745,4510,0.3773899,25.432372505543032,3436,0.3787525,25.494761350407526,not_significant
P15,Rod,Cop1,0.10982569,0.02919397,0.9125476112577351,0.953546418240315,0.29540162980209544,4510,0.4561581,29.889135254989117,3436,0.46361795,29.540162980209633,not_significant
P15,Rod,Capza1,0.10940922,0.0075626285,0.9128779193355225,0.9535885412494144,0.25844004656577413,4510,0.37480348,25.92017738359186,3436,0.37644494,25.84400465657749,not_significant
P15,Rod,Ppp2r3a,0.10908302,0.009208671,0.9131366460341787,0.9536730859282193,0.36233993015133875,4510,0.5966654,36.230598669623845,3436,0.5995379,36.23399301513398,not_significant
P15,Rod,Phka2,0.108071715,0.03204904,0.9139388042934794,0.9541393044434067,0.12863795110593715,4510,0.18172663,12.882483370288409,3436,0.18545252,12.863795110593749,not_significant
P15,Rod,Btbd7,0.10731691,0.009583237,0.9145375682971519,0.9543929020128255,0.4447031431897555,4510,0.72898096,45.43237250554487,3436,0.7324251,44.47031431897569,not_significant
P15,Rod,Ankrd42,0.10542682,0.0022119705,0.9160371348974902,0.9554529566742522,0.12252619324796275,4510,0.17329706,12.172949002217457,3436,0.17354122,12.252619324796308,not_significant
P15,Rod,Ppm1e,0.103688054,0.0005873331,0.9174169069672014,0.9560150804834885,0.3131548311990687,4510,0.51771957,30.953436807095645,3436,0.51788384,31.31548311990696,not_significant
P15,Rod,Grb2,0.10269645,0.037449874,0.9182038944086087,0.9565441230545304,0.170256111757858,4510,0.23774987,17.07317073170734,3436,0.2432989,17.025611175785844,not_significant
P15,Rod,Mcu,0.10238147,0.0061237565,0.918453895683725,0.9566092931305165,0.3082072176949942,4510,0.48793268,30.864745011086768,3436,0.48957312,30.82072176949951,not_significant
P15,Rod,Tnik,0.102099195,0.021927573,0.9186779378327751,0.9566092931305165,0.10884749708963912,4510,0.16721335,10.820399113082162,3436,0.16956878,10.884749708963941,not_significant
P15,Rod,Sin3a,0.101464786,0.07254851,0.9191815083879019,0.9566092931305165,0.1452270081490105,4510,0.19742419,14.634146341463516,3436,0.20662153,14.522700814901087,not_significant
P15,Rod,Wasf1,0.09989425,-0.0012817306,0.9204282815420911,0.9574274954318975,0.119906868451688,4510,0.16530381,11.906873614190843,3436,0.16516851,11.990686845168835,not_significant
P15,Rod,Slc4a1ap,0.09960455,0.026637997,0.9206582814015153,0.9574274954318975,0.12281722933643772,4510,0.16992073,12.26164079822633,3436,0.1728287,12.281722933643806,not_significant
P15,Rod,Snrpa1,0.09747866,0.00079315493,0.9223462805319178,0.958254009059308,0.13940628637951105,4510,0.18151425,13.858093126385937,3436,0.18160541,13.940628637951145,not_significant
P15,Rod,Mrpl54,0.09625358,0.016398551,0.9233191771434199,0.9589223319396687,0.23573923166472643,4510,0.332208,23.481152993347923,3436,0.3354339,23.573923166472714,not_significant
P15,Rod,Gm19466,0.09489557,-0.01757774,0.924397773881158,0.9590850404445902,0.17316647264260768,4510,0.26830575,17.117516629711773,3436,0.265452,17.31664726426082,not_significant
P15,Rod,Cdc26,0.09441835,0.030727107,0.9247768411502618,0.9592927820402252,0.14639115250291035,4510,0.19224963,14.656319290465733,3436,0.19600752,14.639115250291077,not_significant
P15,Rod,Uba52,0.093891196,0.0045120004,0.9251955848333474,0.9595051203141373,0.2409778812572759,4510,0.37209165,23.968957871396686,3436,0.37306458,24.09778812572766,not_significant
P15,Rod,Stxbp5,0.093548104,0.0011719096,0.9254681337436702,0.9595051203141373,0.5020372526193247,4510,0.8654333,50.46563192904866,3436,0.86590356,50.2037252619326,not_significant
P15,Rod,Ubn2,0.09253671,0.0017435277,0.9262716251933212,0.9600046197656721,0.5838183934807916,4510,1.0377353,58.75831485587869,3436,1.0385146,58.38183934807775,not_significant
P15,Rod,Thrap3,0.09242809,0.013044276,0.9263579254114688,0.9600046197656721,0.35564610011641445,4510,0.53104526,35.654101995566144,3436,0.5347808,35.56461001164155,not_significant
P15,Rod,Nono,0.09193992,-0.004619479,0.9267457768222683,0.9602210444030611,0.2744470314318976,4510,0.38088384,27.20620842572058,3436,0.37987047,27.444703143189837,not_significant
P15,Rod,Fxr2,0.09171033,0.028483618,0.9269281901198806,0.9602245677487523,0.16181606519208383,4510,0.22006877,16.186252771618676,3436,0.22399965,16.181606519208426,not_significant
P15,Rod,Sec61g,0.08956623,-0.0023380006,0.9286319179210288,0.9618037473891482,0.2371944121071013,4510,0.3481255,23.70288248337009,3436,0.34764934,23.719441210710198,not_significant
P15,Rod,E2f5,0.088597104,0.055078715,0.9294021093550019,0.962415620575334,0.1330034924330617,4510,0.18191074,13.348115299334957,3436,0.18836252,13.300349243306206,not_significant
P15,Rod,Fyttd1,0.08779765,0.019807087,0.9300375074785895,0.9627018892541787,0.22729918509895228,4510,0.32125103,22.815964523281426,3436,0.32504225,22.729918509895295,not_significant
P15,Rod,Zfp810,0.08751248,0.013198264,0.9302641694698682,0.9627507244909075,0.12892898719441212,4510,0.18266453,12.860310421286192,3436,0.18419759,12.892898719441245,not_significant
P15,Rod,Gkap1,0.08723009,0.02460895,0.9304886269985319,0.9627972598804253,0.2441792782305006,4510,0.35687035,24.634146341463182,3436,0.3620203,24.41792782305013,not_significant
P15,Rod,Gm15417,0.08643733,0.018135423,0.9311187708049276,0.9628864225761626,0.11525029103608847,4510,0.1502186,11.485587583148702,3436,0.15198155,11.52502910360888,not_significant
P15,Rod,Uggt2,0.085354775,-0.027589679,0.9319793434270549,0.9628864225761626,0.1548311990686845,4510,0.23563549,15.277161862527796,3436,0.23165096,15.483119906868495,not_significant
P15,Rod,Cngb1,0.08531512,0.02383488,0.9320108698761067,0.9628864225761626,0.9062863795110594,4510,2.0707848,89.623059866968,3436,2.0852358,90.62863795109848,not_significant
P15,Rod,Spop,0.083913475,0.002785383,0.933125223303107,0.9634809812892908,0.42287543655413273,4510,0.6861559,42.50554323725192,3436,0.6871154,42.2875436554134,not_significant
P15,Rod,Atg12,0.08345792,0.0072038174,0.9334874393786021,0.9636694812984645,0.17549476135040745,4510,0.2359373,17.51662971175167,3436,0.23698868,17.549476135040795,not_significant
P15,Rod,Ap4s1,0.082944475,-0.00022005948,0.9338956897993022,0.9639054223751119,0.23253783469150174,4510,0.3271091,23.148558758314675,3436,0.32706672,23.253783469150243,not_significant
P15,Rod,Asb7,0.0815676,0.030469114,0.9349905643981321,0.9647021676717463,0.12194412107101281,4510,0.17047046,12.195121951219676,3436,0.17381023,12.194412107101314,not_significant
P15,Rod,Atr,0.08152138,0.02397363,0.9350273247064521,0.9647021676717463,0.17054714784633296,4510,0.25698864,17.05099778270512,3436,0.2607786,17.054714784633344,not_significant
P15,Rod,Fmr1,0.08125409,0.010293199,0.9352398878231415,0.9647359150544867,0.2741559953434226,4510,0.40534058,27.51662971175165,3436,0.40772372,27.415599534342338,not_significant
P15,Rod,Pabpc1,0.080462836,0.009673797,0.9358691560723768,0.9649726176848642,0.23370197904540163,4510,0.33439142,23.503325942350138,3436,0.33630207,23.370197904540234,not_significant
P15,Rod,Sptlc2,0.078358546,0.0034289577,0.9375428504837252,0.9658113789119842,0.1629802095459837,4510,0.23734125,16.23059866962311,3436,0.23784372,16.298020954598417,not_significant
P15,Rod,Vps4b,0.077735715,0.018253941,0.9380382810979164,0.9661362019602964,0.1510477299185099,4510,0.20884585,15.121951219512281,3436,0.21124294,15.104772991851032,not_significant
P15,Rod,Togaram1,0.0770078,-0.004804578,0.9386173425240839,0.96654701963893,0.23166472642607683,4510,0.34057444,23.059866962305808,3436,0.33961433,23.16647264260775,not_significant
P15,Rod,Gpatch2,0.07568153,0.023104196,0.9396724736636596,0.9673025329831677,0.1920838183934808,4510,0.28212976,19.20177383592013,3436,0.28609067,19.208381839348135,not_significant
P15,Rod,Ddx10,0.07563224,0.018704139,0.9397116889215673,0.9673025329831677,0.1271827706635623,4510,0.18304136,12.705099778270675,3436,0.18522158,12.718277066356261,not_significant
P15,Rod,Baz2a,0.072242595,0.02480653,0.9424088465355434,0.9691489748498188,0.20750873108265425,4510,0.29556537,20.86474501108637,3436,0.29999375,20.750873108265484,not_significant
P15,Rod,Nfe2l2,0.07077473,0.017695157,0.9435770477856981,0.9701186814875393,0.10273573923166472,4510,0.13690867,10.243902439024497,3436,0.13848647,10.2735739231665,not_significant
P15,Rod,Snrpf,0.065156214,0.0011968927,0.9480496220838289,0.9731104370832507,0.2820139697322468,4510,0.40848938,28.15964523281601,3436,0.40876746,28.201396973224764,not_significant
P15,Rod,Gm5165,0.064813375,0.0025259315,0.9483225900684231,0.9731104370832507,0.18946449359720605,4510,0.26673874,18.847006651884662,3436,0.2671488,18.94644935972066,not_significant
P15,Rod,Pdcl3,0.06466845,-0.007738086,0.9484379875226016,0.9731104370832507,0.13416763678696159,4510,0.16964935,13.370288248337173,3436,0.16881433,13.416763678696194,not_significant
P15,Rod,Bola3,0.06257885,0.045987237,0.950101872176764,0.9742585437499832,0.11292200232828871,4510,0.14591618,11.330376940133176,3436,0.15030408,11.292200232828902,not_significant
P15,Rod,Helz,0.0609521,-0.00081821205,0.9513973553736854,0.9749833142480597,0.32159487776484286,4510,0.48728165,31.773835920177763,3436,0.4870627,32.15948777648438,not_significant
P15,Rod,A330094K24Rik,0.060831957,0.0173091,0.9514930388097389,0.9749833142480597,0.22438882421420256,4510,0.30873978,22.59423503325926,3436,0.31194076,22.438882421420324,not_significant
P15,Rod,Glrx3,0.060497925,0.04754799,0.951759069567596,0.9750259070207381,0.17171129220023282,4510,0.22748585,17.272727272727288,3436,0.23428021,17.17112922002333,not_significant
P15,Rod,Senp5,0.060253855,0.008855606,0.9519534534776725,0.9750388246045895,0.21158323632130385,4510,0.3100692,21.130820399112967,3436,0.31170955,21.158323632130447,not_significant
P15,Rod,Mocs2,0.056984972,0.024538873,0.9545571648609836,0.9766907230570212,0.110011641443539,4510,0.13897495,10.997782705099906,3436,0.14119838,11.001164144353929,not_significant
P15,Rod,Naa50,0.05672879,-0.02069157,0.954761238772704,0.9766907230570212,0.10244470314318975,4510,0.13564312,10.155210643015625,3436,0.13383518,10.244470314319003,not_significant
P15,Rod,Phkb,0.056241788,0.0110227335,0.9551491932516607,0.9766907230570212,0.14231664726426077,4510,0.22674042,14.235033259423618,3436,0.22829527,14.231664726426116,not_significant
P15,Rod,Pcp4,0.056231648,0.04066141,0.9551572709838275,0.9766907230570212,0.10535506402793947,4510,0.15661107,10.598669623059983,3436,0.16074628,10.535506402793974,not_significant
P15,Rod,Pin4,0.055599846,0.0113406535,0.9556605877767822,0.9766907230570212,0.14930151338766007,4510,0.19409196,14.966740576496765,3436,0.19548328,14.930151338766048,not_significant
P15,Rod,Ap3b2,0.05487039,0.009466907,0.9562417231176739,0.9767660551020293,0.21129220023282888,4510,0.30085126,21.19733924611962,3436,0.30256015,21.12922002328295,not_significant
P15,Rod,1700088E04Rik,0.05470782,-0.022100324,0.9563712381424045,0.9767660551020293,0.13009313154831198,4510,0.18250538,12.949002217295059,3436,0.1799661,13.009313154831235,not_significant
P15,Rod,Tacc1,0.053736545,0.012836906,0.9571450674419166,0.9771842675596576,0.12252619324796275,4510,0.17610462,12.26164079822633,3436,0.17754647,12.252619324796308,not_significant
P15,Rod,Ambra1,0.053307645,0.00509497,0.9574867879882801,0.9773471228866099,0.3419674039580908,4510,0.5433953,34.279379157428544,3436,0.5448777,34.19674039580919,not_significant
P15,Rod,Apbb2,0.052954063,-0.007713184,0.9577685078359547,0.9774486826545017,0.3178114086146682,4510,0.5071661,31.574279379157787,3436,0.5050424,31.781140861466916,not_significant
P15,Rod,Sh3kbp1,0.05139467,0.016538514,0.9590110314309145,0.9779917392407321,0.25582072176949944,4510,0.40232834,25.78713968957854,3436,0.40614024,25.582072176950017,not_significant
P15,Rod,Lrrc57,0.05100419,0.024803663,0.9593221805077585,0.9779917392407321,0.10157159487776485,4510,0.13243437,10.177383592017843,3436,0.13458298,10.15715948777651,not_significant
P15,Rod,Mark3,0.050879292,-0.005098528,0.9594217080342172,0.9779917392407321,0.35448195576251457,4510,0.5278575,34.98891352549956,3436,0.52640986,35.448195576251564,not_significant
P15,Rod,Jpx,0.050570566,0.005552553,0.9596677185726935,0.9779917392407321,0.16065192083818394,4510,0.24203396,16.07538802660759,3436,0.24286272,16.065192083818438,not_significant
P15,Rod,Cisd2,0.047111847,0.00085627736,0.9624240853110617,0.9792190427937282,0.2709545983701979,4510,0.38865456,26.962305986696165,3436,0.3888459,27.09545983701987,not_significant
P15,Rod,Nipa2,0.046403803,0.0049131066,0.9629884041389049,0.9796073961314404,0.1149592549476135,4510,0.1594754,11.485587583148702,3436,0.15997808,11.495925494761382,not_significant
P15,Rod,B230369F24Rik,0.04446526,0.014434236,0.9645335447614234,0.9800207665714917,0.1050640279394645,4510,0.14087385,10.509977827051111,3436,0.14219438,10.506402793946478,not_significant
P15,Rod,Iws1,0.04444177,0.014641949,0.9645522674156659,0.9800207665714917,0.2159487776484284,4510,0.3117611,21.7073170731706,3436,0.31448945,21.594877764842906,not_significant
P15,Rod,Rbm27,0.044289444,0.00024047185,0.964673685215786,0.9800207665714917,0.28783469150174623,4510,0.4232043,28.82483370288259,3436,0.42326173,28.783469150174707,not_significant
P15,Rod,Snrnp48,0.042536672,-0.00048753255,0.9660708770484115,0.9810685695735857,0.23544819557625146,4510,0.342151,23.503325942350138,3436,0.3420526,23.544819557625214,not_significant
P15,Rod,Atp9a,0.041100726,-0.022206185,0.9672155949717415,0.9818592830106778,0.11641443538998836,4510,0.15751228,11.574279379157574,3436,0.15528385,11.641443538998868,not_significant
P15,Rod,Micos10,0.040128354,0.0003910672,0.9679907977407509,0.9824602912169135,0.26833527357392317,4510,0.39068112,26.82926829268285,3436,0.39076877,26.833527357392395,not_significant
P15,Rod,Prpf40b,0.03906181,0.029706571,0.9688411083922128,0.9831372881982273,0.10593713620488941,4510,0.14664242,10.598669623059983,3436,0.14947602,10.59371362048897,not_significant
P15,Rod,Itprid2,0.037325904,0.016062794,0.9702251511218047,0.9838304570290053,0.13911525029103608,4510,0.19855878,13.924611973392587,3436,0.2005728,13.911525029103647,not_significant
P15,Rod,Sars,0.03717671,0.011053916,0.970344108305463,0.9838304570290053,0.2040162980209546,4510,0.27959004,20.48780487804869,3436,0.28146434,20.40162980209552,not_significant
P15,Rod,Dync1h1,0.036650877,-0.0021747067,0.970763376820771,0.9838304570290053,0.45459837019790456,4510,0.7341802,45.52106430155375,3436,0.73339707,45.4598370197906,not_significant
P15,Rod,mt-Atp6,0.035080656,-0.012730822,0.9720154268106335,0.9845317791570058,0.7843422584400466,4510,2.2301483,77.78270509978287,3436,2.222276,78.43422584399949,not_significant
P15,Rod,Atp2a2,0.03480616,0.011295375,0.9722343091339783,0.9845317791570058,0.3393480791618161,4510,0.51048815,34.257206208426325,3436,0.51362586,33.93480791618171,not_significant
P15,Rod,Nfu1,0.034403797,0.008537519,0.972555155979968,0.9845993158105127,0.14930151338766007,4510,0.19759978,14.966740576496765,3436,0.19866323,14.930151338766048,not_significant
P15,Rod,Zbtb6,0.033966612,0.0040010214,0.972903775354756,0.9845993158105127,0.11816065192083819,4510,0.15507057,11.818181818181971,3436,0.15546946,11.816065192083851,not_significant
P15,Rod,Tubgcp4,0.03354555,-0.018531017,0.9732395427503949,0.9845993158105127,0.12194412107101281,4510,0.17267887,12.106430155210804,3436,0.1706527,12.194412107101314,not_significant
P15,Rod,Rb1cc1,0.033443537,-0.0043495083,0.9733208926636789,0.9845993158105127,0.4059953434225844,4510,0.650818,40.33259423503443,3436,0.6493772,40.599534342258565,not_significant
P15,Rod,Megf8,0.031372726,0.04670888,0.9749722930354396,0.9858155287167009,0.10128055878928988,4510,0.13610218,10.177383592017843,3436,0.14028065,10.128055878929015,not_significant
P15,Rod,Vps13b,0.030907508,-0.0075517097,0.9753433020495741,0.9860048006396372,0.6012805587892899,4510,1.089143,60.77605321508065,3436,1.0856712,60.12805587892724,not_significant
P15,Rod,Selenot,0.030617526,0.013409775,0.975574564739631,0.9860527539595593,0.2837601862630966,4510,0.40437433,28.736141906873712,3436,0.40747577,28.376018626309747,not_significant
P15,Rod,Zfp950,0.029511508,0.005300885,0.976456641389692,0.9867583693320098,0.15017462165308498,4510,0.22180678,15.033259423503415,3436,0.22253871,15.01746216530854,not_significant
P15,Rod,Sap30bp,0.028084408,-0.04145074,0.9775948299199098,0.9873505305385795,0.12834691501746218,4510,0.17321557,12.727272727272892,3436,0.1687008,12.834691501746251,not_significant
P15,Rod,Tab3,0.027739134,-0.03379734,0.9778702108233402,0.9874427354774844,0.15133876600698487,4510,0.21506056,14.966740576496765,3436,0.21056993,15.133876600698528,not_significant
P15,Rod,Cops9,0.0267393,0.01814864,0.9786676679720889,0.9877291727078881,0.20867287543655413,4510,0.30181944,21.0421286031041,3436,0.305112,20.867287543655475,not_significant
P15,Rod,Osbpl6,0.026651949,0.008729925,0.9787373384054701,0.9877291727078881,0.24708963911525028,4510,0.3971791,24.7893569844787,3436,0.39916626,24.708963911525103,not_significant
P15,Rod,Utp3,0.026383974,0.0036916842,0.9789510773718725,0.9877291727078881,0.22438882421420256,4510,0.31137922,22.46119733924596,3436,0.3120646,22.438882421420324,not_significant
P15,Rod,Fxr1,0.026300462,-0.0057032704,0.979017685744712,0.9877291727078881,0.3390570430733411,4510,0.5071659,33.94678492239526,3436,0.50559586,33.90570430733421,not_significant
P15,Rod,Cox10,0.02553363,0.004561893,0.9796293241572203,0.9877291727078881,0.1050640279394645,4510,0.14603089,10.487804878048895,3436,0.14646108,10.506402793946478,not_significant
P15,Rod,Usp16,0.02505025,0.0035495434,0.9800148813192533,0.9877291727078881,0.18538998835855647,4510,0.26442042,18.558758314855847,3436,0.2649928,18.5389988358557,not_significant
P15,Rod,Trim37,0.023879066,-0.006267029,0.9809490725960778,0.9880203712804344,0.2249708963911525,4510,0.32679105,22.350332594234878,3436,0.32558197,22.497089639115316,not_significant
P15,Rod,Foxo3,0.023556862,0.003093107,0.9812060814273427,0.9880212916794192,0.3352735739231665,4510,0.5241689,33.569844789357525,3436,0.5250445,33.527357392316745,not_significant
P15,Rod,Ccnh,0.02065152,0.021657892,0.9835236423643916,0.9895353790105025,0.18480791618160652,4510,0.26488942,18.580931263858062,3436,0.268403,18.480791618160705,not_significant
P15,Rod,Psmd2,0.019623972,-0.036012907,0.9843433402135063,0.989694035033786,0.12689173457508732,4510,0.16292703,12.594235033259594,3436,0.15921356,12.689173457508765,not_significant
P15,Rod,Mrpl30,0.018513462,0.04176516,0.9852292382553957,0.990213534570347,0.12951105937136204,4510,0.16236863,13.037694013303923,3436,0.16676113,12.951105937136239,not_significant
P15,Rod,Creb1,0.016769212,0.0026850305,0.9866207316465105,0.9914263028384943,0.4257857974388824,4510,0.6801457,43.23725055432516,3436,0.68106383,42.578579743888376,not_significant
P15,Rod,Srp68,0.0164364,0.017730674,0.986886240266064,0.9915073595780423,0.10360884749708964,4510,0.13506354,10.376940133037804,3436,0.13662465,10.360884749708992,not_significant
P15,Rod,Nrbp1,0.013932239,0.012527863,0.9888840410216222,0.9931424819397082,0.16530849825378346,4510,0.22385068,16.60753880266079,3436,0.22559837,16.530849825378393,not_significant
P15,Rod,Tbck,0.009519851,-0.011397733,0.9924043726251486,0.996118460846051,0.22555296856810245,4510,0.33885175,22.372505543237097,3436,0.33658767,22.555296856810312,not_significant
P15,Rod,Rtcb,0.0073670736,0.027538642,0.9941219790673111,0.9972826436725373,0.10128055878928988,4510,0.13373324,10.155210643015625,3436,0.13614269,10.128055878929015,not_significant
P15,Rod,Tnks2,0.006812712,0.0024034767,0.994564284216108,0.9974957245864903,0.6114668218859138,4510,1.0808506,60.4878048780518,3436,1.081951,61.14668218858945,not_significant
P15,Rod,Scaf8,0.006544222,0.0036498252,0.994778503523836,0.9974957245864903,0.4039580908032596,4510,0.64292365,40.57649667405884,3436,0.6441247,40.39580908032608,not_significant
P15,Rod,Eif2b3,0.006401636,-0.03774926,0.9948922681837664,0.9974957245864903,0.14260768335273574,4510,0.20421308,14.212860310421402,3436,0.19943106,14.260768335273614,not_significant
P15,Rod,Pibf1,0.005082294,0.0020469031,0.995944933585941,0.9979978651733471,0.3012223515715949,4510,0.48831707,30.354767184035726,3436,0.4888653,30.122235157159576,not_significant
P15,Rod,Rgl1,0.0050146515,-0.0061298306,0.9959989036493372,0.9979978651733471,0.15395809080325962,4510,0.22510165,15.38802660753888,3436,0.22424655,15.395809080326003,not_significant
P15,Rod,Wdcp,0.004776665,-0.011706281,0.9961887873490971,0.9979978651733471,0.1169965075669383,4510,0.16568092,11.685144124168662,3436,0.16444616,11.699650756693861,not_significant
P15,Rod,Dgkd,0.004607986,0.010377543,0.9963233721109757,0.9979978651733471,0.3777648428405122,4510,0.6080668,38.51441241685244,3436,0.61135006,37.776484284051335,not_significant
P15,Rod,Adal,0.0039732144,0.013657184,0.9968298417769955,0.998137075453421,0.20576251455180442,4510,0.29805475,20.79822616407972,3436,0.30050325,20.576251455180504,not_significant
P15,Rod,Psmd11,0.0038436032,0.0060028397,0.9969332559106865,0.998137075453421,0.26338766006984865,4510,0.37950656,26.474501108647342,3436,0.3808223,26.338766006984944,not_significant
P15,Rod,Nrep,0.003395525,0.032949783,0.997290768181435,0.9982212503312592,0.2281722933643772,4510,0.321923,23.10421286031024,3436,0.32826152,22.817229336437787,not_significant
P15,Rod,Klhdc2,0.0022023225,-0.007945321,0.9982428023321076,0.9982428023321076,0.20052386495925495,4510,0.27338287,20.044345898004355,3436,0.2720682,20.052386495925553,not_significant
P15,Rod,Msra,-0.002229457,-0.0075408584,0.9982211521703707,0.9982428023321076,0.15075669383003493,4510,0.23607554,15.033259423503415,3436,0.23497868,15.075669383003534,not_significant
P15,Rod,Gdi2,-0.0024211842,0.00043955407,0.9980681763321899,0.9982428023321076,0.23166472642607683,4510,0.326557,23.281596452327975,3436,0.32664216,23.16647264260775,not_significant
P15,Rod,Ormdl1,-0.0026116562,0.011691835,0.9979162022638255,0.9982428023321076,0.14464493597206055,4510,0.18955746,14.523281596452433,3436,0.19096154,14.464493597206094,not_significant
P15,Rod,Mrpl58,-0.002657089,-0.0070452015,0.9978799522645485,0.9982428023321076,0.14551804423748546,4510,0.18730673,14.523281596452433,3436,0.18647431,14.551804423748585,not_significant
P15,Rod,Mrtfb,-0.0037341441,0.015065062,0.9970205910289764,0.998137075453421,0.10273573923166472,4510,0.1497649,10.31042128603115,3436,0.15122387,10.2735739231665,not_significant
P15,Rod,Agps,-0.0055878046,-0.0012929406,0.9955416000504342,0.9979602210186002,0.25669383003492435,4510,0.38686046,25.654101995565227,3436,0.38657296,25.669383003492506,not_significant
P15,Rod,Heatr6,-0.008328272,0.00039225712,0.9933550773989516,0.9966997072891838,0.13969732246798602,4510,0.19664186,13.96895787139702,3436,0.19669038,13.96973224679864,not_significant
P15,Rod,Diaph2,-0.008984359,0.031524234,0.992831615348341,0.9963608577602434,0.18131548311990686,4510,0.30003273,18.33702882483368,3436,0.3057427,18.131548311990738,not_significant
P15,Rod,Polr2m,-0.0112971375,-0.003286759,0.9909863799414842,0.994881329216942,0.1650174621653085,4510,0.21598022,16.47450110864749,3436,0.215538,16.501746216530897,not_significant
P15,Rod,Snx1,-0.012331133,0.014799697,0.9901614287205319,0.9942392182060901,0.10564610011641444,4510,0.14780816,10.598669623059983,3436,0.14922401,10.564610011641472,not_significant
P15,Rod,Atg4b,-0.014764523,-0.0010812151,0.9882200428121793,0.9926614812068408,0.16036088474970897,4510,0.22662158,16.07538802660759,3436,0.22646952,16.036088474970942,not_significant
P15,Rod,Scrn3,-0.018869897,0.05269971,0.9849448943853333,0.9901132708926027,0.1079743888242142,4510,0.14992598,10.931263858093253,3436,0.15509242,10.79743888242145,not_significant
P15,Rod,Clptm1,-0.020053035,-0.034389246,0.9840010648102201,0.9895353790105025,0.12543655413271246,4510,0.161635,12.483370288248508,3436,0.15811332,12.54365541327128,not_significant
P15,Rod,Gfm2,-0.020177253,0.007015671,0.9839019746104325,0.9895353790105025,0.23952270081490104,4510,0.35222173,24.035476718403338,3436,0.35366794,23.952270081490177,not_significant
P15,Rod,Prdm9,-0.020190245,0.0040379446,0.9838916096332229,0.9895353790105025,0.13824214202561116,4510,0.19881539,13.858093126385937,3436,0.19932063,13.824214202561155,not_significant
P15,Rod,Nipbl,-0.020960022,0.0064349887,0.9832775460218566,0.9895353790105025,0.7374854481955763,4510,1.4222437,73.32594235033679,3436,1.4256306,73.74854481955333,not_significant
P15,Rod,Upf2,-0.02162102,-0.0015814487,0.9827502661381289,0.9892048090757972,0.3617578579743888,4510,0.5557393,35.986696230599435,3436,0.55527246,36.17578579743899,not_significant
P15,Rod,Nsmce4a,-0.021885801,0.0017442093,0.9825390513736691,0.9891778287478156,0.199941792782305,4510,0.26928458,20.044345898004355,3436,0.26957023,19.994179278230558,not_significant
P15,Rod,Csnk1a1,-0.023788927,0.00037500096,0.9810209726770308,0.9880203712804344,0.449941792782305,4510,0.71806455,45.698447893571505,3436,0.7181973,44.99417927823064,not_significant
P15,Rod,Plekhb2,-0.024327597,0.012130104,0.9805913007456458,0.9879586283245011,0.29540162980209544,4510,0.4322978,29.91130820399134,3436,0.4352572,29.540162980209633,not_significant
P15,Rod,Chd1,-0.024843974,0.009353846,0.9801794157949456,0.9877291727078881,0.290162980209546,4510,0.42868462,29.15742793791588,3436,0.43094978,29.016298020954682,not_significant
P15,Rod,Tjap1,-0.025098592,0.0018829975,0.9799763226805879,0.9877291727078881,0.10913853317811409,4510,0.15094364,10.953436807095471,3436,0.15112656,10.913853317811437,not_significant
P15,Rod,Setd4,-0.025395844,-0.03543008,0.9797392262504279,0.9877291727078881,0.12572759022118743,4510,0.18035628,12.527716186252944,3436,0.17634472,12.572759022118776,not_significant
P15,Rod,Hnrnpul1,-0.025748288,0.010142133,0.9794581077731462,0.9877291727078881,0.2249708963911525,4510,0.31428784,22.638580931263693,3436,0.3161887,22.497089639115316,not_significant
P15,Rod,Thrb,-0.025974602,-0.008907905,0.9792775959652489,0.9877291727078881,0.8387660069848661,4510,1.961192,84.21286031042648,3436,1.9558883,83.87660069848042,not_significant
P15,Rod,Cct2,-0.028881354,0.008503749,0.9769592165490861,0.9868943950224667,0.21856810244470315,4510,0.29546952,21.973392461197196,3436,0.29698035,21.856810244470378,not_significant
P15,Rod,Cbfa2t2,-0.02901589,0.005625756,0.976851917318642,0.9868943950224667,0.3064610011641444,4510,0.47365147,30.709534368071235,3436,0.4751242,30.646100116414527,not_significant
P15,Rod,Rbm6,-0.031796537,-0.0050966837,0.9746343077949268,0.9856595827699824,0.4490686845168801,4510,0.7399112,44.74501108647607,3436,0.7380654,44.90686845168815,not_significant
P15,Rod,Usp45,-0.033341397,-0.043721225,0.9734023437254192,0.9845993158105127,0.12194412107101281,4510,0.18146749,12.150776053215239,3436,0.17650115,12.194412107101314,not_significant
P15,Rod,Cpped1,-0.034128524,-0.027266564,0.9727746639623516,0.9845993158105127,0.11466821885913853,4510,0.16456275,11.485587583148702,3436,0.16171795,11.466821885913884,not_significant
P15,Rod,Tmbim6,-0.03500301,-0.0035945312,0.9720773402020626,0.9845317791570058,0.3742724097788126,4510,0.56869876,38.048780487805836,3436,0.5676189,37.42724097788137,not_significant
P15,Rod,Klhl29,-0.036212716,-0.017396912,0.971112746079932,0.9839532999570751,0.359720605355064,4510,0.6056302,35.942350332595,3436,0.6001702,35.972060535506515,not_significant
P15,Rod,Kpna6,-0.036594797,-0.03930005,0.9708080926649002,0.9838304570290053,0.11932479627473806,4510,0.16017671,11.906873614190843,3436,0.15619135,11.932479627473839,not_significant
P15,Rod,Phf20l1,-0.03668034,-0.0027061212,0.9707398840374949,0.9838304570290053,0.4147264260768335,4510,0.6693811,41.84035476718534,3436,0.6684673,41.47264260768348,not_significant
P15,Rod,Zfp131,-0.03784658,0.010407637,0.9698100064884101,0.9837482743577594,0.23282887077997672,4510,0.3325685,23.458980044345708,3436,0.33461466,23.282887077997742,not_significant
P15,Rod,Nt5c2,-0.038133815,0.019752467,0.9695809901598746,0.9837019919079947,0.1140861466821886,4510,0.16439782,11.485587583148702,3436,0.16648547,11.40861466821889,not_significant
P15,Rod,Vipas39,-0.041674662,-0.013108861,0.9667580519633667,0.9815805774619533,0.1108847497089639,4510,0.15528755,11.130820399113214,3436,0.15398577,11.08847497089642,not_significant
P15,Rod,Snhg3,-0.043286476,0.023765469,0.9654731702775812,0.9806472420694842,0.09953434225844005,4510,0.13365185,10.022172949002318,3436,0.13572758,9.953434225844031,not_significant
P15,Rod,Zswim8,-0.04452267,-0.0034613195,0.9644877824206485,0.9800207665714917,0.16530849825378346,4510,0.23286898,16.563192904656358,3436,0.23237093,16.530849825378393,not_significant
P15,Rod,Zmym5,-0.044598226,0.004482859,0.9644275569761818,0.9800207665714917,0.309662398137369,4510,0.46348375,31.374722838137814,3436,0.4646376,30.966239813736994,not_significant
P15,Rod,Camsap2,-0.045353156,0.0038969342,0.9638258183312217,0.9800207665714917,0.13911525029103608,4510,0.19528997,13.96895787139702,3436,0.19576968,13.911525029103647,not_significant
P15,Rod,Slc38a9,-0.04595437,0.007750735,0.9633466197777288,0.9797859818899768,0.4548894062863795,4510,0.7755116,45.78713968958038,3436,0.77841395,45.48894062863809,not_significant
P15,Rod,D5Ertd579e,-0.047670428,-0.015814446,0.9619789031380744,0.9789517807688544,0.33149010477299184,4510,0.5071378,33.082039911308705,3436,0.50279206,33.149010477299285,not_significant
P15,Rod,Ufd1,-0.048523825,0.038269307,0.961298776091817,0.9784452817754282,0.11554132712456344,4510,0.15312323,11.662971175166446,3436,0.15693246,11.554132712456376,not_significant
P15,Rod,Smc4,-0.048569873,0.0056140185,0.9612620781162032,0.9784452817754282,0.20023282887077998,4510,0.2907435,20.199556541019874,3436,0.29172698,20.023282887078057,not_significant
P15,Rod,Laptm4b,-0.048703123,0.011078258,0.9611558869180318,0.9784452817754282,0.629802095459837,4510,1.1024783,62.30598669623378,3436,1.1076157,62.980209545981424,not_significant
P15,Rod,5730455P16Rik,-0.04944041,-0.01557744,0.9605683245414902,0.9782586847998014,0.10128055878928988,4510,0.13488773,10.155210643015625,3436,0.13353164,10.128055878929015,not_significant
P15,Rod,0610030E20Rik,-0.04990811,-0.012892086,0.9601956145142506,0.9780648074922978,0.1362048894062864,4510,0.19088243,13.658536585365988,3436,0.18933524,13.620488940628675,not_significant
P15,Rod,Acadsb,-0.050152916,0.010153735,0.9600005305741193,0.9780518226020086,0.09924330616996507,4510,0.13988942,10.0000000000001,3436,0.14081104,9.924330616996533,not_significant
P15,Rod,Mms19,-0.050455723,-0.007036524,0.9597592310520533,0.9779917392407321,0.23806752037252618,4510,0.3574895,23.83592017738339,3436,0.35602623,23.80675203725269,not_significant
P15,Rod,Mpp7,-0.050865132,-0.0058285114,0.959432988624417,0.9779917392407321,0.5032013969732246,4510,0.88368046,50.35476718403756,3436,0.8813127,50.32013969732256,not_significant
P15,Rod,Sil1,-0.05161894,-0.018478813,0.9588323252796946,0.9779917392407321,0.14435389988358557,4510,0.21091814,14.434589800443568,3436,0.20849502,14.435389988358596,not_significant
P15,Rod,Hs3st3b1,-0.052293397,-0.00481646,0.9582949144228593,0.9777998708320749,0.4688591385331781,4510,0.76145655,47.02882483370466,3436,0.7596777,46.88591385331796,not_significant
P15,Rod,Bcas2,-0.054015968,0.01522835,0.9569224415952329,0.9771429614918768,0.25145518044237486,4510,0.35223562,25.543237250554128,3436,0.3553816,25.14551804423756,not_significant
P15,Rod,Tdrd7,-0.055200282,0.00421063,0.9559789025181193,0.9767373015442271,0.7948195576251456,4510,1.597849,79.09090909091383,3436,1.6001793,79.48195576250919,not_significant
P15,Rod,Zfp91,-0.055486064,0.009613807,0.9557512314180284,0.9766907230570212,0.2971478463329453,4510,0.43624145,29.955654101995776,3436,0.43860263,29.714784633294617,not_significant
P15,Rod,Pank2,-0.055504784,-0.004993538,0.9557363192185497,0.9766907230570212,0.14348079161816066,4510,0.1995014,14.412416851441352,3436,0.19887617,14.348079161816104,not_significant
P15,Rod,Ppm1a,-0.056066502,0.0002719964,0.9552888302792677,0.9766907230570212,0.3309080325960419,4510,0.49014166,33.28159645232868,3436,0.49021456,33.09080325960429,not_significant
P15,Rod,Numa1,-0.05689468,-0.015742578,0.9546290933268343,0.9766907230570212,0.18160651920838183,4510,0.25901064,18.20399113082038,3436,0.2565312,18.160651920838237,not_significant
P15,Rod,Lca5,-0.05922512,-0.004342587,0.9527728014194372,0.9753193333614238,0.6137951105937136,4510,1.0791665,61.39689578714279,3436,1.0771803,61.379511059369385,not_significant
P15,Rod,Arpp19,-0.059303608,-0.027761912,0.9527102873055847,0.9753193333614238,0.18917345750873107,4510,0.25711945,18.91352549889131,3436,0.25278896,18.917345750873164,not_significant
P15,Rod,Rasgrf2,-0.059646126,0.0032159884,0.952437479474584,0.9753193333614238,0.7633876600698487,4510,1.6088843,75.92017738359645,3436,1.6106668,76.33876600698008,not_significant
P15,Rod,Amph,-0.060778353,-0.0030034215,0.9515357289501477,0.9749833142480597,0.7147846332945286,4510,1.431499,71.77383592018144,3436,1.4299133,71.47846332944899,not_significant
P15,Rod,Anks3,-0.061911013,-0.025401596,0.9506336979676512,0.9746175756686699,0.14610011641443538,4510,0.20711014,14.6119733924613,3436,0.20383982,14.61001164144358,not_significant
P15,Rod,Rnf220,-0.06271613,-0.020553477,0.94999255661521,0.9742585437499832,0.11525029103608847,4510,0.15159363,11.574279379157574,3436,0.14960204,11.52502910360888,not_significant
P15,Rod,Rab10os,-0.0628764,-0.037734464,0.9498649256772115,0.9742585437499832,0.10419091967403958,4510,0.13429213,10.42128603104224,3436,0.13104269,10.419091967403986,not_significant
P15,Rod,Zhx3,-0.06503767,0.017576443,0.9481440080862099,0.9731104370832507,0.14755529685681024,4510,0.21571521,14.900221729490115,3436,0.21809074,14.755529685681065,not_significant
P15,Rod,Amfr,-0.06522235,0.026420088,0.947996961593757,0.9731104370832507,0.11874272409778813,4510,0.15667546,12.017738359201932,3436,0.15935218,11.874272409778845,not_significant
P15,Rod,Rsbn1l,-0.065262064,-0.00022291404,0.9479653458410323,0.9731104370832507,0.3573923166472643,4510,0.5433737,36.03104212860387,3436,0.54330826,35.73923166472653,not_significant
P15,Rod,Ccdc47,-0.06554554,0.0026883117,0.9477396488005774,0.9731104370832507,0.3128637951105937,4510,0.4584881,31.685144124168886,3436,0.45917407,31.286379511059465,not_significant
P15,Rod,Bag1,-0.06636491,-0.0086518545,0.947087310438353,0.9730274532065363,0.1440628637951106,4510,0.18760858,14.456762749445783,3436,0.18658534,14.4062863795111,not_significant
P15,Rod,Ngly1,-0.06781273,-0.0019094697,0.9459347099153983,0.972029460533754,0.15948777648428406,4510,0.22222401,16.09756097560981,3436,0.22196029,15.94877764842845,not_significant
P15,Rod,Wdfy2,-0.06882263,-0.0049976986,0.9451308077517103,0.9713894716957605,0.22322467986030267,4510,0.33101556,22.39467849223931,3436,0.33004054,22.322467986030333,not_significant
P15,Rod,Dpf2,-0.07060327,0.031836063,0.9437135123046198,0.9701186814875393,0.12019790454016298,4510,0.16241273,12.150776053215239,3436,0.16575184,12.01979045401633,not_significant
P15,Rod,Lin7c,-0.07401544,0.013802627,0.940998099724503,0.9678837597166317,0.24010477299185098,4510,0.33468232,24.345898004434368,3436,0.33741298,24.01047729918517,not_significant
P15,Rod,Hps4,-0.074724995,-0.041564845,0.9404335226189369,0.9674885721764437,0.14057043073341094,4510,0.19465795,13.991130820399237,3436,0.18962182,14.057043073341132,not_significant
P15,Rod,Lman2l,-0.075080395,-0.031196851,0.9401507459900371,0.9673831961424437,0.15192083818393481,4510,0.21387468,15.144124168514498,3436,0.20974705,15.192083818393524,not_significant
P15,Rod,Arid2,-0.075370304,-0.00088585436,0.9399200872629955,0.9673314175131826,0.4062863795110594,4510,0.65513027,40.68736141906994,3436,0.6548345,40.628637951106064,not_significant
P15,Rod,Galnt11,-0.07878304,-0.0018960058,0.937205189240014,0.9656489886829495,0.13736903376018628,4510,0.1889077,13.791574279379287,3436,0.18868147,13.736903376018663,not_significant
P15,Rod,Tent2,-0.0790289,0.041958444,0.9370096405402979,0.965632989790232,0.18247962747380675,4510,0.26633778,18.60310421286028,3436,0.2732141,18.24796274738073,not_significant
P15,Rod,Zfp563,-0.08006074,-0.010602434,0.9361889452706997,0.9649726176848642,0.11146682188591385,4510,0.15270673,11.219512195122086,3436,0.15166917,11.146682188591415,not_significant
P15,Rod,Herc1,-0.080267586,-0.013252443,0.9360244393736528,0.9649726176848642,0.4083236321303842,4510,0.6581746,40.68736141906994,3436,0.65375626,40.83236321303854,not_significant
P15,Rod,Preb,-0.08035047,-0.015103303,0.9359585182750318,0.9649726176848642,0.15570430733410942,4510,0.21876368,15.631929046563261,3436,0.21671522,15.570430733410987,not_significant
P15,Rod,Gm6712,-0.0844337,0.019959146,0.9327116157613476,0.9632393351836481,0.1580325960419092,4510,0.22564043,16.053215077605376,3436,0.2284504,15.803259604190965,not_significant
P15,Rod,Ext1,-0.084987454,-0.00476041,0.9322713641074721,0.9629700745373543,0.6955762514551804,4510,1.4295036,70.33259423503718,3436,1.4269977,69.55762514551454,not_significant
P15,Rod,Sirpa,-0.085347265,-0.0028671485,0.9319853143166248,0.9628864225761626,0.18655413271245636,4510,0.26192755,18.758314855875796,3436,0.26146996,18.65541327124569,not_significant
P15,Rod,Itgb1,-0.08592969,0.013644316,0.9315223075202514,0.9628864225761626,0.14289871944121071,4510,0.20685013,14.434589800443568,3436,0.20862411,14.28987194412111,not_significant
P15,Rod,Rps8,-0.086090244,-0.021974036,0.931394680530224,0.9628864225761626,0.5782887077997672,4510,1.2002479,56.76274944567895,3436,1.1896282,57.828870779975404,not_significant
P15,Rod,Ociad1,-0.08616147,-0.027662143,0.9313380587123037,0.9628864225761626,0.21478463329452852,4510,0.30027178,21.37472283813735,3436,0.29533365,21.478463329452914,not_significant
P15,Rod,Chmp5,-0.08682715,-0.010234519,0.9308089046348944,0.9628864225761626,0.18655413271245636,4510,0.24910532,18.758314855875796,3436,0.24754524,18.65541327124569,not_significant
P15,Rod,Golph3l,-0.08780565,-0.009147334,0.9300311460159657,0.9627018892541787,0.12165308498253784,4510,0.17271985,12.283813747228548,3436,0.17171668,12.165308498253816,not_significant
P15,Rod,Fbxo11,-0.09348512,-0.010561049,0.9255181753365671,0.9595051203141373,0.29336437718277064,4510,0.45730054,29.44567627494473,3436,0.45462033,29.336437718277153,not_significant
P15,Rod,Arfgap1,-0.09502395,0.012310386,0.9242958040189453,0.9590850404445902,0.12223515715948778,4510,0.17269918,12.328159645232983,3436,0.17405753,12.223515715948812,not_significant
P15,Rod,Pex3,-0.09531299,-0.012182103,0.9240662266646071,0.9590850404445902,0.1330034924330617,4510,0.18552478,13.39246119733939,3436,0.18410002,13.300349243306206,not_significant
P15,Rod,Tdrkh,-0.095424876,0.001528666,0.9239773562879569,0.9590850404445902,0.14289871944121071,4510,0.19493558,14.456762749445783,3436,0.19512331,14.28987194412111,not_significant
P15,Rod,Rpl39,-0.095561266,-0.024480918,0.9238690306388492,0.9590850404445902,0.4531431897555297,4510,0.87450063,44.87804878048939,3436,0.86464334,45.31431897555311,not_significant
P15,Rod,Txndc11,-0.09621842,0.011868154,0.9233471000127497,0.9589223319396687,0.1589057043073341,4510,0.23049954,16.09756097560981,3436,0.23219873,15.890570430733456,not_significant
P15,Rod,Apbb1,-0.09763042,0.0036799056,0.9222257699351428,0.958254009059308,0.2511641443538999,4510,0.36003473,25.321507760531937,3436,0.36080658,25.116414435390062,not_significant
P15,Rod,Map3k1,-0.09767079,0.013581941,0.9221937079201243,0.958254009059308,0.20721769499417927,4510,0.29586348,20.909090909090803,3436,0.29828283,20.721769499417988,not_significant
P15,Rod,Sort1,-0.09800458,0.00056733174,0.9219286549910122,0.958254009059308,0.16647264260768335,4510,0.2416422,16.762749445676306,3436,0.24172653,16.64726426076838,not_significant
P15,Rod,Osbp,-0.098061584,-0.05108779,0.9218833947245266,0.958254009059308,0.14959254947613504,4510,0.20887206,14.900221729490115,3436,0.20229222,14.959254947613546,not_significant
P15,Rod,Dido1,-0.09974281,6.463676e-05,0.920548517088668,0.9574274954318975,0.29540162980209544,4510,0.43532324,29.955654101995776,3436,0.4353392,29.540162980209633,not_significant
P15,Rod,Htra1,-0.10126955,-0.011287221,0.9193364851021276,0.9566092931305165,0.18422584400465658,4510,0.253383,18.514412416851414,3436,0.25163713,18.42258440046571,not_significant
P15,Rod,Sugp2,-0.10168467,-0.011563838,0.9190069738514784,0.9566092931305165,0.28637951105937137,4510,0.42832494,28.84700665188481,3436,0.4255394,28.63795110593722,not_significant
P15,Rod,Emc6,-0.101841554,0.00319656,0.9188824442760827,0.9566092931305165,0.17258440046565773,4510,0.22675622,17.45011086474502,3436,0.22720598,17.258440046565823,not_significant
P15,Rod,Cdan1,-0.10356089,-0.014841277,0.9175178289203949,0.9560150804834885,0.14551804423748546,4510,0.2060134,14.589800443459083,3436,0.204106,14.551804423748585,not_significant
P15,Rod,Elf2,-0.10367192,0.0040727835,0.9174297099409833,0.9560150804834885,0.26542491268917345,4510,0.40305278,26.807095343680633,3436,0.4039904,26.542491268917423,not_significant
P15,Rod,Dhrs7,-0.10379488,-0.029398458,0.9173321275191334,0.9560150804834885,0.10419091967403958,4510,0.13263723,10.443458980044458,3436,0.13012847,10.419091967403986,not_significant
P15,Rod,Igf2bp3,-0.10513858,-0.02059473,0.9162658480858228,0.9554529566742522,0.1350407450523865,4510,0.19263686,13.547671840354905,3436,0.19015032,13.504074505238686,not_significant
P15,Rod,Syf2,-0.10532725,0.0024439404,0.9161161438816519,0.9554529566742522,0.17054714784633296,4510,0.22863585,17.228381374722854,3436,0.22898228,17.054714784633344,not_significant
P15,Rod,Uhrf2,-0.10562576,-0.01599545,0.915879282593882,0.9554529566742522,0.2869615832363213,4510,0.43832496,28.647450110864835,3436,0.43440396,28.696158323632215,not_significant
P15,Rod,Zup1,-0.10751234,0.0034272817,0.9143825385908899,0.9543929020128255,0.1612339930151339,4510,0.24293262,16.274944567627543,3436,0.24344553,16.123399301513434,not_significant
P15,Rod,Npc2,-0.1086882,0.020238275,0.9134498023311259,0.9538144324905897,0.13242142025611175,4510,0.18130463,13.436807095343822,3436,0.1836444,13.242142025611212,not_significant
P15,Rod,Cfap97,-0.10968421,-0.014822447,0.9126598268541718,0.953546418240315,0.26542491268917345,4510,0.38996258,26.651884700665097,3436,0.38665664,26.542491268917423,not_significant
P15,Rod,Tbc1d30,-0.1111442,0.0089248335,0.9115019968902915,0.952893531732513,0.25931315483119904,4510,0.39259854,26.23059866962293,3436,0.3946118,25.93131548311998,not_significant
P15,Rod,Mtmr7,-0.111262314,-0.003038956,0.9114083377987576,0.952893531732513,0.18946449359720605,4510,0.27102178,19.113082039911262,3436,0.270522,18.94644935972066,not_significant
P15,Rod,Ammecr1,-0.11203867,-0.0049843974,0.9107927436532158,0.9525233528866932,0.4138533178114086,4510,0.6764137,42.106430155211974,3436,0.6747172,41.38533178114099,not_significant
P15,Rod,Gpkow,-0.11290072,-0.059707284,0.9101092638095551,0.9523656049696554,0.11466821885913853,4510,0.15964296,11.463414634146483,3436,0.15364304,11.466821885913884,not_significant
P15,Rod,Slc30a5,-0.11350197,-0.0049701566,0.9096326014037412,0.9523656049696554,0.12660069848661235,4510,0.17788486,12.771618625277325,3436,0.17732419,12.660069848661267,not_significant
P15,Rod,Pcmt1,-0.115530044,0.0073200064,0.9080250082079346,0.9514839117068492,0.33993015133876603,4510,0.50969994,34.43458980044408,3436,0.5117292,33.9930151338767,not_significant
P15,Rod,Chp1,-0.11733895,-0.019145371,0.9065914614178261,0.950377975519356,0.1818975552968568,4510,0.26488382,18.292682926829247,3436,0.26181135,18.189755529685733,not_significant
P15,Rod,Dnajc6,-0.11741426,-0.007465962,0.9065317848678001,0.950377975519356,0.3672875436554133,4510,0.60434645,36.80709534368155,3436,0.60200155,36.72875436554144,not_significant
P15,Rod,Auh,-0.11818085,-0.01782818,0.9059243615725303,0.950377975519356,0.25029103608847497,4510,0.355212,25.077605321507523,3436,0.351533,25.02910360884757,not_significant
P15,Rod,Nsmce2,-0.11819554,-0.0036831792,0.9059127250435648,0.950377975519356,0.4508149010477299,4510,0.7747895,45.21064301552268,3436,0.7734135,45.08149010477313,not_significant
P15,Rod,Akap10,-0.11908966,0.017401885,0.9052043229915933,0.950377975519356,0.29220023282887075,4510,0.46442482,29.91130820399134,3436,0.468923,29.220023282887166,not_significant
P15,Rod,Lnpep,-0.11955576,0.008057262,0.9048350693612129,0.9503691623367038,0.24970896391152503,4510,0.36846596,25.365853658536373,3436,0.37019062,24.97089639115258,not_significant
P15,Rod,Fgfr1op2,-0.12403082,-0.015454353,0.9012908736729944,0.9475743328855237,0.16443538998835855,4510,0.22213708,16.54101995565414,3436,0.22001237,16.4435389988359,not_significant
P15,Rod,Pla2g5,-0.12429381,0.00044622645,0.9010826442378658,0.9475411299141172,0.22875436554132714,4510,0.317857,23.037694013303593,3436,0.3179412,22.87543655413278,not_significant
P15,Rod,Tnpo3,-0.12708533,-0.0025296032,0.8988728631128016,0.9459591990851614,0.21856810244470315,4510,0.32312545,22.106430155210496,3436,0.3226417,21.856810244470378,not_significant
P15,Rod,Adamts3,-0.12873644,-0.0013772503,0.8975662089659247,0.944954886141947,0.5852735739231665,4510,1.0845883,58.69179600887203,3436,1.0839556,58.5273573923152,not_significant
P15,Rod,Nop53,-0.12878978,-0.010995526,0.8975239925264518,0.944954886141947,0.21245634458672877,4510,0.29418522,21.396895787139567,3436,0.29224843,21.24563445867294,not_significant
P15,Rod,Akap9,-0.12888357,-0.010905966,0.8974497800453832,0.944954886141947,0.5209545983701979,4510,0.8791305,51.241685144126336,3436,0.8747157,52.095459837019554,not_significant
P15,Rod,Mtrex,-0.12976123,-0.013123886,0.8967553300188752,0.9448429758831756,0.2660069848661234,4510,0.38981542,26.607538802660656,3436,0.38688818,26.600698486612416,not_significant
P15,Rod,Dzip3,-0.1299863,-0.035230167,0.8965772632819626,0.9448429758831756,0.12660069848661235,4510,0.1859346,12.705099778270675,3436,0.18183315,12.660069848661267,not_significant
P15,Rod,Stip1,-0.13026856,-0.016496051,0.8963539536914488,0.9448429758831756,0.12747380675203726,4510,0.16727449,12.838137472283975,3436,0.16552167,12.74738067520376,not_significant
P15,Rod,Chd6,-0.13125162,-0.017612176,0.8955762644383694,0.944528329226782,0.45168800931315484,4510,0.72693956,45.41019955654265,3436,0.7206506,45.16880093131562,not_significant
P15,Rod,Lsm1,-0.13147448,-0.017481731,0.8953999771497275,0.944528329226782,0.11437718277066357,4510,0.15001814,11.529933481153137,3436,0.14833878,11.437718277066388,not_significant
P15,Rod,Araf,-0.13188252,-0.0073596993,0.8950772110800849,0.944528329226782,0.2971478463329453,4510,0.44016302,29.8669623059869,3436,0.4383495,29.714784633294617,not_significant
P15,Rod,B230219D22Rik,-0.13298771,0.005448282,0.8942031058889364,0.9443798897397627,0.24359720605355065,4510,0.3371521,24.72283813747205,3436,0.3382344,24.359720605355136,not_significant
P15,Rod,Shroom3,-0.13398516,-0.0039836806,0.8934143095223834,0.9439185259558922,0.2872526193247963,4510,0.43214974,29.15742793791588,3436,0.43118173,28.72526193247971,not_significant
P15,Rod,Tmem60,-0.13466382,0.0047902064,0.8928776773888365,0.9435374037655081,0.14231664726426077,4510,0.19368847,14.412416851441352,3436,0.19427392,14.231664726426116,not_significant
P15,Rod,Rhot2,-0.1366126,-0.006624592,0.8913370248138959,0.9423018897898624,0.28230500582072177,4510,0.424837,28.558758314855957,3436,0.4232503,28.23050058207226,not_significant
P15,Rod,Cbx5,-0.13719217,0.0038038767,0.8908789005414299,0.9421676700520959,0.1260186263096624,4510,0.17909887,12.793791574279542,3436,0.17953168,12.601862630966274,not_significant
P15,Rod,Stxbp4,-0.13738371,-0.014589826,0.890727503148558,0.9421676700520959,0.23341094295692666,4510,0.35906482,23.481152993347923,3436,0.35602495,23.341094295692734,not_significant
P15,Rod,Cdkn1b,-0.1379998,-0.018729331,0.8902405759454596,0.9421676700520959,0.19877764842840512,4510,0.27035472,19.933481152993274,3436,0.2672943,19.87776484284057,not_significant
P15,Rod,Uggt1,-0.13870585,-0.017407432,0.8896825930360506,0.9418309510648066,0.1728754365541327,4510,0.24532743,17.405764966740588,3436,0.2427147,17.28754365541332,not_significant
P15,Rod,Ube2w,-0.14027901,-0.0012277706,0.888439546117955,0.9410722206510092,0.33847497089639117,4510,0.51931775,34.279379157428544,3436,0.5189731,33.84749708963922,not_significant
P15,Rod,Csde1,-0.14104411,-0.01550744,0.8878350918073004,0.940617703427683,0.35913853317811406,4510,0.5444104,36.230598669623845,3436,0.539912,35.913853317811515,not_significant
P15,Rod,Akap1,-0.14157121,-0.0106292395,0.8874187082758879,0.9403622977463182,0.23341094295692666,4510,0.33963794,23.503325942350138,3436,0.33752194,23.341094295692734,not_significant
P15,Rod,Taf3,-0.14328533,0.0059588063,0.8860648333863091,0.9394844369013959,0.21449359720605354,4510,0.33704817,21.68514412416838,3436,0.33823133,21.44935972060542,not_significant
P15,Rod,B3galt1,-0.14378281,0.070712276,0.8856719739134896,0.9392535524064765,0.11757857974388825,4510,0.19411571,12.03991130820415,3436,0.20293999,11.757857974388857,not_significant
P15,Rod,Pttg1ip,-0.1456986,-0.0025195468,0.8841593183290154,0.9382509831021489,0.10739231664726426,4510,0.14596952,10.8647450110866,3436,0.14573261,10.739231664726455,not_significant
P15,Rod,Fbxl20,-0.14595419,-0.0031511607,0.883957545484937,0.9382509831021489,0.32945285215366704,4510,0.5194442,33.37028824833755,3436,0.5185601,32.9452852153668,not_significant
P15,Rod,Npat,-0.1470651,-0.010197514,0.8830806295673126,0.9381747864921894,0.2159487776484284,4510,0.3171662,21.796008869179463,3436,0.31524983,21.594877764842906,not_significant
P15,Rod,Pde6d,-0.14746565,-0.005358841,0.882764491741491,0.938024709528795,0.4269499417927823,4510,0.66538095,42.705099778271894,3436,0.6635781,42.69499417927836,not_significant
P15,Rod,Daglb,-0.15172021,-0.014475292,0.8794076151003263,0.9363125143704149,0.10535506402793947,4510,0.14765675,10.64301552106442,3436,0.14628525,10.535506402793974,not_significant
P15,Rod,Anapc5,-0.15304837,-0.044612106,0.8783601346995852,0.9357544712072641,0.10593713620488941,4510,0.14793539,10.665188470066637,3436,0.14373945,10.59371362048897,not_significant
P15,Rod,Rplp2,-0.15447997,-0.03023468,0.8772313082675881,0.9349232540328517,0.40454016298020956,4510,0.738914,39.689578713970064,3436,0.72802174,40.45401629802108,not_significant
P15,Rod,Cox20,-0.15483755,-0.007485042,0.8769493848838825,0.9349232540328517,0.17840512223515717,4510,0.24086969,18.02660753880265,3436,0.2397611,17.840512223515766,not_significant
P15,Rod,Nup155,-0.15539575,-0.0068230415,0.8765093399126739,0.9348311714522658,0.14493597206053552,4510,0.21066038,14.722838137472383,3436,0.2097638,14.493597206053591,not_significant
P15,Rod,Nt5c3,-0.15545262,-0.0053104074,0.8764645018729469,0.9348311714522658,0.20925494761350408,4510,0.29234987,21.263858093126267,3436,0.2914183,20.925494761350468,not_significant
P15,Rod,Rpl35a,-0.15631852,-0.018137643,0.8757819609433168,0.9344926275114286,0.46944121071012807,4510,0.8504824,45.98669623060035,3436,0.8432997,46.94412107101295,not_significant
P15,Rod,Stx5a,-0.15641458,-0.027249645,0.8757062462652087,0.9344926275114286,0.17549476135040745,4510,0.2517049,17.671840354767184,3436,0.24753255,17.549476135040795,not_significant
P15,Rod,Fkbp4,-0.15669842,0.00053758395,0.8754825355224238,0.9344926275114286,0.22846332945285217,4510,0.320522,23.23725055432354,3436,0.32062423,22.846332945285283,not_significant
P15,Rod,Cdc37l1,-0.15816677,-0.001297483,0.8743253925844483,0.9336813469685409,0.36525029103608847,4510,0.5592539,37.3170731707326,3436,0.5588692,36.52502910360896,not_significant
P15,Rod,AU041133,-0.15907691,-0.0070775915,0.8736082776100207,0.9331013144365096,0.14959254947613504,4510,0.21209621,15.121951219512281,3436,0.21116038,14.959254947613546,not_significant
P15,Rod,Cwc25,-0.15924414,0.01714914,0.8734765377245335,0.9331013144365096,0.14435389988358557,4510,0.19792956,14.656319290465733,3436,0.2000745,14.435389988358596,not_significant
P15,Rod,Srbd1,-0.16058236,-0.017185977,0.8724223411366261,0.9325774088993349,0.12339930151338765,4510,0.18068804,12.483370288248508,3436,0.17872864,12.3399301513388,not_significant
P15,Rod,Hint3,-0.1610787,0.006652439,0.872031411919794,0.9325311988711673,0.18247962747380675,4510,0.25839892,18.580931263858062,3436,0.25945094,18.24796274738073,not_significant
P15,Rod,Erp29,-0.16117406,-0.008591741,0.8719563178326353,0.9325311988711673,0.16821885913853318,4510,0.22489808,17.006651884700688,3436,0.22370158,16.821885913853365,not_significant
P15,Rod,Rps6kc1,-0.1615621,0.005870123,0.8716507036890264,0.9325311988711673,0.12339930151338765,4510,0.17597613,12.505543237250727,3436,0.17663375,12.3399301513388,not_significant
P15,Rod,Ifngr1,-0.16178349,0.0108121615,0.871476355833302,0.9325311988711673,0.13533178114086147,4510,0.18099862,13.702882483370422,3436,0.18224335,13.533178114086184,not_significant
P15,Rod,Wdr20,-0.1620814,-0.011546051,0.8712417524741465,0.9325311988711673,0.5259022118742724,4510,0.8908703,53.658536585368246,3436,0.88615763,52.59022118742691,not_significant
P15,Rod,Chchd7,-0.16266878,0.015264488,0.8707792293665838,0.9325311988711673,0.20779976717112922,4510,0.28916588,21.06430155210632,3436,0.29183337,20.779976717112984,not_significant
P15,Rod,Map4k5,-0.16383182,-0.017443128,0.8698635416117253,0.932257350090968,0.199941792782305,4510,0.2969812,20.15521064301544,3436,0.29388848,19.994179278230558,not_significant
P15,Rod,Cpd,-0.1647639,-0.015332775,0.8691298248694477,0.9318433700978848,0.1440628637951106,4510,0.20717992,14.589800443459083,3436,0.20519978,14.4062863795111,not_significant
P15,Rod,Diablo,-0.16548707,-0.014256785,0.8685606253525355,0.9314192711697322,0.1030267753201397,4510,0.13725571,10.443458980044458,3436,0.13599384,10.302677532013996,not_significant
P15,Rod,Bsg,-0.16558263,-0.011612911,0.8684854177229429,0.9314192711697322,0.45256111757857975,4510,0.7592281,45.254988913527114,3436,0.75495374,45.256111757858115,not_significant
P15,Rod,Nf2,-0.16770181,-0.0043274956,0.8668178760702513,0.9309260739176869,0.19674039580908032,4510,0.28839228,19.933481152993274,3436,0.28764138,19.67403958090809,not_significant
P15,Rod,Aftph,-0.16807714,-0.015821248,0.8665225924219344,0.9309087093433319,0.2409778812572759,4510,0.35532936,24.14634146341442,3436,0.35206214,24.09778812572766,not_significant
P15,Rod,Tbc1d14,-0.16808559,0.0012700735,0.8665159510544158,0.9309087093433319,0.23253783469150174,4510,0.35034484,23.54767184035457,3436,0.35060483,23.253783469150243,not_significant
P15,Rod,Kat6b,-0.1698307,-0.008751486,0.8651432833559806,0.9299856857558075,0.38474970896391153,4510,0.6219177,38.51441241685244,3436,0.61911345,38.47497089639127,not_significant
P15,Rod,6030458C11Rik,-0.17008372,0.007575909,0.8649442936343135,0.9299581461323827,0.12456344586728754,4510,0.17129289,12.660753880266244,3436,0.17212147,12.45634458672879,not_significant
P15,Rod,Dennd6b,-0.17191975,0.012128257,0.8635006224579416,0.9289237014714036,0.10244470314318975,4510,0.14600421,10.42128603104224,3436,0.1471504,10.244470314319003,not_significant
P15,Rod,Eif3e,-0.17371091,-0.008331064,0.8620926619435986,0.9276359154795312,0.3620488940628638,4510,0.54833084,36.20842572062163,3436,0.5458961,36.20488940628649,not_significant
P15,Rod,Pias1,-0.17373654,-0.006692841,0.862072511965449,0.9276359154795312,0.5745052386495926,4510,1.0033998,57.871396895789914,3436,1.0004636,57.450523864958015,not_significant
P15,Rod,Tmem138,-0.17435756,-0.0048205107,0.861584464935584,0.9274611820017004,0.25465657741559955,4510,0.37128073,25.764966740576323,3436,0.37024608,25.465657741560026,not_significant
P15,Rod,Gnaq,-0.17460729,-0.01009276,0.8613882167575104,0.9274611820017004,0.2939464493597206,4510,0.46987087,29.667405764966926,3436,0.46725377,29.394644935972146,not_significant
P15,Rod,Brk1,-0.17582746,-0.022928422,0.860429502753463,0.9269620110001157,0.11233993015133877,4510,0.14533402,11.374722838137611,3436,0.14319889,11.233993015133906,not_significant
P15,Rod,Ahr,-0.17699353,-0.006045063,0.8595134682658878,0.9261611578501853,0.3332363213038417,4510,0.5229096,33.72505543237306,3436,0.5212058,33.32363213038427,not_significant
P15,Rod,Capn7,-0.17799376,-0.013075551,0.8587278748383091,0.9256865596126789,0.3541909196740396,4510,0.553922,35.875831485588336,3436,0.55007756,35.419091967404064,not_significant
P15,Rod,Sec31a,-0.17885658,-0.053358167,0.8580503215284163,0.9251420954127488,0.15162980209545984,4510,0.21567962,15.210643015521146,3436,0.20861034,15.162980209546026,not_significant
P15,Rod,Mturn,-0.17966026,0.024069596,0.8574192906393512,0.9246475824265138,0.10942956926658906,4510,0.14322175,11.152993348115432,3436,0.1454642,10.942956926658935,not_significant
P15,Rod,Smg7,-0.18042435,-0.0119453,0.8568194457401375,0.9241865085361144,0.2587310826542491,4510,0.3826128,26.16407982261627,3436,0.3799881,25.87310826542499,not_significant
P15,Rod,Terf2,-0.18128942,-0.0046312124,0.8561404092824888,0.9238256196723537,0.11583236321303841,4510,0.16271563,11.751662971175318,3436,0.16223413,11.583236321303874,not_significant
P15,Rod,Maco1,-0.18196613,-0.005662194,0.8556093118886444,0.9235158607824936,0.2508731082654249,4510,0.3714804,25.343680709534155,3436,0.37026435,25.087310826542563,not_significant
P15,Rod,Enpp5,-0.1827019,0.0020995452,0.8550319198963234,0.9233725021791582,0.10157159487776485,4510,0.1305782,10.332594235033369,3436,0.13075656,10.15715948777651,not_significant
P15,Rod,Usf3,-0.18294577,-0.026580062,0.8548405673361613,0.9233517525556121,0.14144353899883585,4510,0.199262,14.235033259423618,3436,0.19595851,14.144353899883624,not_significant
P15,Rod,Prkrip1,-0.1832316,-0.002053721,0.8546162931616101,0.9232954272948393,0.1120488940628638,4510,0.14865904,11.374722838137611,3436,0.14846255,11.20488940628641,not_significant
P15,Rod,Tmf1,-0.18481866,0.022441804,0.853371280847152,0.9221360899403954,0.15075669383003493,4510,0.2078515,15.38802660753888,3436,0.21078928,15.075669383003534,not_significant
P15,Rod,Egflam,-0.18581274,-0.019489918,0.8525916157448865,0.9214792316855875,0.7904540162980209,4510,1.6691976,79.51219512195598,3436,1.6582458,79.04540162979681,not_significant
P15,Rod,Galnt13,-0.18627262,0.07036324,0.8522309742788948,0.9212750798129771,0.17782305005820723,4510,0.31961337,18.248337028824814,3436,0.33319435,17.782305005820774,not_significant
P15,Rod,Wbp11,-0.1864032,-0.02461416,0.8521285868779456,0.9212750798129771,0.15715948777648428,4510,0.21424876,15.853658536585428,3436,0.21098089,15.715948777648473,not_significant
P15,Rod,Dync1i2,-0.18649964,-0.010211287,0.8520529642515027,0.9212750798129771,0.4380093131548312,4510,0.7120242,43.88026607538952,3436,0.7084257,43.800931315483254,not_significant
P15,Rod,Lrrcc1,-0.18826394,-0.08143223,0.8506697580336606,0.9212180145329979,0.09953434225844005,4510,0.14668371,10.022172949002318,3436,0.13916801,9.953434225844031,not_significant
P15,Rod,Srsf6,-0.18884353,-0.0051554395,0.8502154487459521,0.9212180145329979,0.2488358556461001,4510,0.3670952,25.277161862527496,3436,0.36599886,24.883585564610087,not_significant
P15,Rod,Supt5,-0.18913868,-0.023957541,0.8499841231445093,0.9212180145329979,0.18131548311990686,4510,0.24966207,18.248337028824814,3436,0.24601677,18.131548311990738,not_significant
P15,Rod,Rnf8,-0.18938482,-0.01435516,0.8497912241265185,0.9212180145329979,0.1941210710128056,4510,0.27316797,19.64523281596446,3436,0.27079844,19.412107101280615,not_significant
P15,Rod,Idh3a,-0.19007877,-0.012076074,0.8492474066730314,0.9210197092791976,0.12951105937136204,4510,0.1699341,13.12638580931279,3436,0.16863056,12.951105937136239,not_significant
P15,Rod,Hunk,-0.19139604,-0.03304836,0.8482153159342027,0.9208060189611189,0.110011641443539,4510,0.16540077,11.152993348115432,3436,0.1619423,11.001164144353929,not_significant
P15,Rod,Ranbp10,-0.19236815,-0.026662782,0.8474538450025204,0.9203114196608436,0.16880093131548313,4510,0.2503672,17.006651884700688,3436,0.24630305,16.88009313154836,not_significant
P15,Rod,Acap2,-0.19292493,-0.012711442,0.8470177603504982,0.9203114196608436,0.22671711292200233,4510,0.33764836,22.815964523281426,3436,0.33513153,22.6717112922003,not_significant
P15,Rod,Rhot1,-0.19334105,-0.012483396,0.8466918812905823,0.9202948837371192,0.7421420256111758,4510,1.4092132,74.4789356984522,3436,1.4026823,74.2142025611132,not_significant
P15,Rod,Cacul1,-0.19596711,-0.03759303,0.8446359138425654,0.9187956824558446,0.16821885913853318,4510,0.24156676,16.94013303769404,3436,0.23603152,16.821885913853365,not_significant
P15,Rod,Mrpl15,-0.19700888,-0.018027658,0.8438205897218645,0.9181041872754728,0.13649592549476136,4510,0.18172295,13.813747228381503,3436,0.17965733,13.649592549476171,not_significant
P15,Rod,Dennd4c,-0.19827393,-0.024326788,0.8428307535621946,0.9175855819175182,0.22933643771827705,4510,0.35451567,22.99334811529916,3436,0.349512,22.933643771827775,not_significant
P15,Rod,Akap11,-0.2000917,-0.004148448,0.841408865386021,0.9164095744021556,0.4254947613504074,4510,0.6731675,42.949002217296304,3436,0.6717594,42.54947613504088,not_significant
P15,Rod,Brd1,-0.20226732,-0.0059644473,0.8397077526605989,0.91511425950253,0.2351571594877765,4510,0.33035555,23.83592017738339,3436,0.3291945,23.515715948777718,not_significant
P15,Rod,Pdcd5,-0.20270637,-0.005857388,0.8393645488559209,0.914926120720008,0.16152502910360886,4510,0.22123674,16.319290465631976,3436,0.22043227,16.15250291036093,not_significant
P15,Rod,Ino80,-0.20442538,-0.013979024,0.838021102003021,0.914018948992315,0.2828870779976717,4510,0.4340108,28.558758314855957,3436,0.43060988,28.288707799767256,not_significant
P15,Rod,Tut7,-0.20547324,-0.007856944,0.8372023996147475,0.9133117086706337,0.20139697322467986,4510,0.2872884,20.421286031042037,3436,0.28593117,20.139697322468045,not_significant
P15,Rod,Hdgf,-0.20761095,-0.026712041,0.8355327482868706,0.9118611722911035,0.14435389988358557,4510,0.19112718,14.589800443459083,3436,0.18793033,14.435389988358596,not_significant
P15,Rod,Med13,-0.20848551,-0.010517669,0.8348498912725368,0.9113013465172747,0.49970896391152503,4510,0.8226454,50.088691796010934,3436,0.81856275,49.97089639115266,not_significant
P15,Rod,Chd9,-0.2095978,-0.014476382,0.833981595509032,0.9109096473855524,0.6155413271245634,4510,1.0954678,61.995565410202715,3436,1.0887984,61.55413271245433,not_significant
P15,Rod,Gcc2,-0.2110015,-0.018489942,0.83288609566439,0.9101132637599306,0.2892898719441211,4510,0.44189993,29.22394678492254,3436,0.43734097,28.928987194412194,not_significant
P15,Rod,Ddx3x,-0.21101376,-0.026337517,0.8328765313902113,0.9101132637599306,0.1949941792782305,4510,0.2754482,19.556541019955592,3436,0.2710832,19.499417927823107,not_significant
P15,Rod,Reps1,-0.21193011,-0.029509706,0.8321615570156863,0.9101132637599306,0.21769499417927823,4510,0.33045864,21.840354767183896,3436,0.3247449,21.769499417927886,not_significant
P15,Rod,Usp19,-0.2119421,-0.022557333,0.8321522036418316,0.9101132637599306,0.25378346915017463,4510,0.3646443,25.49889135254969,3436,0.35989255,25.378346915017534,not_significant
P15,Rod,Srrm1,-0.2148152,-0.013293558,0.8299114041344706,0.9084107798475096,0.49941792782305006,4510,0.80334306,50.13303769401537,3436,0.7982649,49.941792782305164,not_significant
P15,Rod,Lpcat1,-0.2156691,-0.017865755,0.8292456915727582,0.9081408512854788,0.35942956926658903,4510,0.5457087,36.36363636363716,3436,0.54051965,35.942956926659015,not_significant
P15,Rod,Ptcd3,-0.2159855,0.006669808,0.8289990465836935,0.9080561335256141,0.16181606519208383,4510,0.22835636,16.47450110864749,3436,0.22930191,16.181606519208426,not_significant
P15,Rod,Atp1a1,-0.21611743,-0.003991414,0.8288962218183712,0.9080561335256141,0.20925494761350408,4510,0.30175933,21.33037694013292,3436,0.30103898,20.925494761350468,not_significant
P15,Rod,Atf6,-0.21648714,-0.0042825313,0.8286080432109918,0.9079986810589907,0.2910360884749709,4510,0.444233,29.55654101995583,3436,0.4431691,29.103608847497174,not_significant
P15,Rod,Dennd4a,-0.21826,-0.008420225,0.8272265326694207,0.9068553282727922,0.2569848661233993,4510,0.398801,25.964523281596296,3436,0.39688525,25.698486612340005,not_significant
P15,Rod,Oip5os1,-0.21912573,-0.01253061,0.8265521085957204,0.9063012081985781,0.47351571594877767,4510,0.7883157,47.782705099780124,3436,0.7835885,47.35157159487791,not_significant
P15,Rod,mt-Co1,-0.21929955,-0.036478505,0.8264167043920256,0.9063012081985781,0.6431897555296857,4510,1.723425,64.83370288248679,3436,1.7026988,64.31897555296604,not_significant
P15,Rod,Map3k2,-0.22012122,-0.017543972,0.8257767444192604,0.9060066387942141,0.2564027939464494,4510,0.38274926,25.831485587582982,3436,0.37889814,25.64027939464501,not_significant
P15,Rod,Immt,-0.22029155,-0.020060582,0.8256440928879356,0.9060066387942141,0.3373108265424913,4510,0.5099025,34.14634146341523,3436,0.5043717,33.73108265424923,not_significant
P15,Rod,Clpx,-0.22286983,-0.021963272,0.8236368180006328,0.9043987495916878,0.26222351571594876,4510,0.38678882,26.385809312638465,3436,0.38193068,26.222351571594952,not_significant
P15,Rod,Rpl34,-0.22463804,-0.02208819,0.8222608666242661,0.9038129689697876,0.430151338766007,4510,0.78080344,42.97117516629852,3436,0.77253574,43.01513387660083,not_significant
P15,Rod,Heatr5b,-0.22517677,0.0064122467,0.8218417615168162,0.903537447996762,0.14173457508731083,4510,0.2072709,14.456762749445783,3436,0.20810442,14.173457508731122,not_significant
P15,Rod,Ppp2cb,-0.229012,-0.058128167,0.8188595904787042,0.9011823642445156,0.11379511059371362,4510,0.15289135,11.485587583148702,3436,0.1472768,11.379511059371392,not_significant
P15,Rod,Ei24,-0.22911172,0.0044478294,0.8187820829648619,0.9011823642445156,0.15570430733410942,4510,0.20948751,15.809312638580995,3436,0.21007098,15.570430733410987,not_significant
P15,Rod,mt-Cytb,-0.23453492,-0.027333986,0.8145697313885115,0.8971169183715707,0.7013969732246799,4510,1.8694589,69.44567627494841,3436,1.85346,70.13969732246437,not_significant
P15,Rod,Rnf113a2,-0.23536606,-0.019933298,0.8139246296797822,0.8970395959733617,0.1420256111757858,4510,0.19269624,14.434589800443568,3436,0.19028834,14.202561117578618,not_significant
P15,Rod,Rad54l2,-0.23669164,-0.018949853,0.8128960178906177,0.8965355813266489,0.1490104772991851,4510,0.21279031,15.099778270510065,3436,0.21028577,14.90104772991855,not_significant
P15,Rod,Slc16a6,-0.2381078,-0.016519414,0.8117974850992687,0.8959494129794959,0.4551804423748545,4510,0.7356688,45.920177383593696,3436,0.7297218,45.51804423748559,not_significant
P15,Rod,Specc1l,-0.23851961,-0.02970624,0.8114781088722491,0.8958157184586838,0.18830034924330616,4510,0.27579165,19.04656319290461,3436,0.27086708,18.830034924330672,not_significant
P15,Rod,Clk2,-0.23970786,-0.0047803265,0.8105567376462446,0.8951670456525542,0.12165308498253784,4510,0.16977713,12.394678492239636,3436,0.1692604,12.165308498253816,not_significant
P15,Rod,Atp6v1c1,-0.24046798,-0.016670896,0.8099674854102903,0.8948847768776101,0.15832363213038417,4510,0.21265867,16.03104212860316,3436,0.2104552,15.83236321303846,not_significant
P15,Rod,Rbl2,-0.24092808,-0.043410316,0.8096108558963326,0.8948593923403931,0.1621071012805588,4510,0.23233595,16.385809312638624,3436,0.22617155,16.210710128055926,not_significant
P15,Rod,Frg1,-0.24113315,-0.02608576,0.809451923306082,0.8948593923403931,0.20256111757857975,4510,0.28526375,20.421286031042037,3436,0.2808066,20.256111757858033,not_significant
P15,Rod,Ccar1,-0.24317878,-0.015299592,0.8078669009269412,0.8934841353756934,0.46653084982537835,4510,0.7761491,46.78492239468025,3436,0.7704376,46.653084982537976,not_significant
P15,Rod,Supt20,-0.24396472,-0.028391734,0.807258141921926,0.8929949831448157,0.24563445867287545,4510,0.36674866,24.767184035476483,3436,0.36074764,24.563445867287616,not_significant
P15,Rod,Rpn2,-0.2447337,-0.030047538,0.8066626305863775,0.892645858782329,0.14057043073341094,4510,0.18869576,14.235033259423618,3436,0.18514492,14.057043073341132,not_significant
P15,Rod,Sarm1,-0.24485119,-0.021715974,0.8065716622758081,0.892645858782329,0.15628637951105936,4510,0.22058032,15.831485587583211,3436,0.21761854,15.628637951105981,not_significant
P15,Rod,Ppard,-0.24565428,-0.022494912,0.8059498611024405,0.892468012996179,0.2549476135040745,4510,0.3852997,25.831485587582982,3436,0.38034052,25.494761350407526,not_significant
P15,Rod,Ctdspl2,-0.24603814,-0.013320786,0.8056527068313393,0.8923231714729101,0.3393480791618161,4510,0.5176933,34.39024390243964,3436,0.5139722,33.93480791618171,not_significant
P15,Rod,Pgls,-0.24720268,-0.0420688,0.8047513669110777,0.8918773413452522,0.13154831199068684,4510,0.17363162,13.303769401330523,3436,0.16904046,13.15483119906872,not_significant
P15,Rod,Xpo4,-0.24852939,-0.028981922,0.8037248335041589,0.8911078972543011,0.19324796274738068,4510,0.28931233,19.534368070953377,3436,0.28430337,19.324796274738123,not_significant
P15,Rod,Tbc1d5,-0.24860518,0.005271168,0.803666202018327,0.8911078972543011,0.2869615832363213,4510,0.48666418,29.334811529933635,3436,0.48807344,28.696158323632215,not_significant
P15,Rod,Irak1bp1,-0.24921253,-0.004235038,0.8031963899191412,0.8908902885703627,0.14726426076833526,4510,0.19393878,14.966740576496765,3436,0.19342199,14.726426076833569,not_significant
P15,Rod,Bbx,-0.24955724,-0.01396638,0.8029297647254274,0.8907787503592953,0.18044237485448195,4510,0.27009615,18.292682926829247,3436,0.26781303,18.044237485448246,not_significant
P15,Rod,Fam120a,-0.25060055,-0.019921377,0.8021229618328889,0.8900677631923078,0.43859138533178116,4510,0.69198537,43.48115299334957,3436,0.6851125,43.859138533178246,not_significant
P15,Rod,Lpcat2,-0.25071993,-0.013846552,0.8020306468561608,0.8900677631923078,0.4138533178114086,4510,0.6699205,41.50776053215205,3436,0.66524553,41.38533178114099,not_significant
P15,Rod,4930517O19Rik,-0.2510223,-0.07221222,0.8017968627047749,0.8900677631923078,0.09953434225844005,4510,0.1484393,10.044345898004535,3436,0.1416818,9.953434225844031,not_significant
P15,Rod,Mbtd1,-0.2516872,-0.007925404,0.8012828475526093,0.89005615950967,0.28987194412107103,4510,0.45361522,29.401330376940294,3436,0.45161554,28.987194412107186,not_significant
P15,Rod,Nbea,-0.25264904,-0.00263495,0.8005394421360925,0.8894145749001657,0.7919091967403958,4510,1.6694186,79.11308203991604,3436,1.6679362,79.19091967403426,not_significant
P15,Rod,Uchl3,-0.2530837,-0.029268172,0.8002035388941784,0.8892255609339906,0.14435389988358557,4510,0.1981987,14.6119733924613,3436,0.1945813,14.435389988358596,not_significant
P15,Rod,Srrm2,-0.25356922,-0.016773215,0.7998283832327289,0.8889928403771981,0.639988358556461,4510,1.125373,64.41241685144462,3436,1.1175342,63.998835855643634,not_significant
P15,Rod,Polr2i,-0.2542161,-0.037693717,0.7993286101502539,0.8886214849421683,0.15162980209545984,4510,0.20574406,15.343680709534446,3436,0.20093688,15.162980209546026,not_significant
P15,Rod,Psmd4,-0.25732014,-0.010593815,0.7969316391311059,0.8865079453129929,0.29074505238649595,4510,0.42220935,29.534368070953608,3436,0.41968653,29.074505238649678,not_significant
P15,Rod,Plk5,-0.25805694,-0.0024510897,0.796362974901434,0.8860591158206372,0.1670547147846333,4510,0.23555973,16.984478935698473,3436,0.23520344,16.705471478463377,not_significant
P15,Rod,Rspo2,-0.25957188,-0.042949155,0.7951940269597295,0.8853985759052189,0.09982537834691502,4510,0.16104126,10.133037694013407,3436,0.15666898,9.982537834691527,not_significant
P15,Rod,Azin1,-0.25998768,-0.01508371,0.7948732783062059,0.8853985759052189,0.2607683352735739,4510,0.37093872,26.407982261640683,3436,0.36771038,26.07683352735747,not_significant
P15,Rod,Umad1,-0.26170442,-0.013189559,0.7935493327283223,0.8847637956255915,0.4339348079161816,4510,0.74984187,43.90243902439174,3436,0.74502933,43.393480791618295,not_significant
P15,Rod,Abcf1,-0.2617424,-0.0017751749,0.7935200452102991,0.8847637956255915,0.2852153667054715,4510,0.42293808,29.22394678492254,3436,0.4225142,28.52153667054723,not_significant
P15,Rod,Tomm40,-0.26216304,-0.01150618,0.7931957441347807,0.8847373615177716,0.15745052386495925,4510,0.21849288,16.053215077605376,3436,0.21693245,15.745052386495969,not_significant
P15,Rod,Lrif1,-0.26339152,0.012933097,0.7922488250195119,0.8840488240908387,0.1469732246798603,4510,0.2082135,15.055432372505631,3436,0.20990466,14.697322467986071,not_significant
P15,Rod,Eef1d,-0.26352793,0.00095550175,0.7921436990575547,0.8840488240908387,0.10040745052386496,4510,0.12813333,10.266075388026714,3436,0.12821293,10.040745052386523,not_significant
P15,Rod,4930570G19Rik,-0.26427248,0.0017370197,0.7915699735019299,0.8836589672974718,0.10826542491268917,4510,0.15478417,11.06430155210656,3436,0.15495697,10.826542491268947,not_significant
P15,Rod,Rheb,-0.26495734,-0.02087066,0.7910423354812943,0.8836216342194216,0.20954598370197905,4510,0.28789666,21.130820399112967,3436,0.28429732,20.954598370197967,not_significant
P15,Rod,Pacs1,-0.26559412,-0.031799655,0.7905518145054874,0.8833152994242962,0.20343422584400467,4510,0.32666498,20.554323725055337,3436,0.32057124,20.343422584400525,not_significant
P15,Rod,Kdm6b,-0.26586804,-0.024171859,0.7903408311509489,0.8833152994242962,0.1030267753201397,4510,0.13804123,10.509977827051111,3436,0.13589662,10.302677532013996,not_significant
P15,Rod,Tcf4,-0.26679268,-0.014960607,0.7896287767977936,0.8833152994242962,0.5061117578579744,4510,0.90389645,51.6629711751685,3436,0.89773864,50.61117578579748,not_significant
P15,Rod,Zfp536,-0.26681054,-0.016633691,0.7896150514438334,0.8833152994242962,0.7045983701979045,4510,1.4417344,71.3968957871437,3436,1.4329448,70.45983701978678,not_significant
P15,Rod,Kdm4a,-0.2700852,-0.03737743,0.787094707689411,0.8821538255847151,0.10040745052386496,4510,0.13687268,10.221729490022279,3436,0.13359576,10.040745052386523,not_significant
P15,Rod,Tspan7,-0.27029347,-0.0201335,0.7869344889725711,0.8821538255847151,0.6827706635622818,4510,1.2962891,68.73614190687739,3436,1.2861726,68.2770663562249,not_significant
P15,Rod,Trmt11,-0.27178702,0.0086152945,0.7857857979776637,0.8815136309856425,0.13533178114086147,4510,0.19214109,13.858093126385937,3436,0.19318743,13.533178114086184,not_significant
P15,Rod,Cep295,-0.27357277,0.025152309,0.784412963949307,0.8804333832651355,0.12339930151338765,4510,0.1760704,12.68292682926846,3436,0.1789057,12.3399301513388,not_significant
P15,Rod,Wasf2,-0.27406326,-0.05981519,0.7840360128555995,0.8801944690157881,0.10972060535506403,4510,0.15728572,11.130820399113214,3436,0.15135735,10.972060535506433,not_significant
P15,Rod,Pigf,-0.2741575,0.0062288577,0.783963600423475,0.8801944690157881,0.11030267753201398,4510,0.13897194,11.286031042128739,3436,0.13953309,11.030267753201427,not_significant
P15,Rod,Tmem241,-0.27442157,-0.05146848,0.7837606718013133,0.8801944690157881,0.110011641443539,4510,0.1685672,11.152993348115432,3436,0.16311578,11.001164144353929,not_significant
P15,Rod,Dot1l,-0.27634203,-0.042834494,0.7822853760852662,0.879149121584196,0.18422584400465658,4510,0.2617879,18.558758314855847,3436,0.25502703,18.42258440046571,not_significant
P15,Rod,Tmem80,-0.27661452,-0.019792616,0.7820761213144085,0.8790981380407559,0.1330034924330617,4510,0.18681122,13.547671840354905,3436,0.18448673,13.300349243306206,not_significant
P15,Rod,Nr2c1,-0.27694687,-0.01248326,0.7818208912635604,0.8789954434579204,0.14871944121071012,4510,0.21491122,15.166297117516713,3436,0.21324375,14.871944121071055,not_significant
P15,Rod,Tfrc,-0.27726498,-0.043793812,0.7815766349432216,0.8789050460870945,0.16036088474970897,4510,0.21970503,16.252771618625324,3436,0.21379013,16.036088474970942,not_significant
P15,Rod,9330020H09Rik,-0.27827808,-0.015222238,0.7807989039828314,0.8782145776816749,0.10942956926658906,4510,0.15246725,11.152993348115432,3436,0.1509819,10.942956926658935,not_significant
P15,Rod,Sec24c,-0.27849558,0.007009005,0.7806319507993292,0.8782145776816749,0.10157159487776485,4510,0.13919172,10.42128603104224,3436,0.1398243,10.15715948777651,not_significant
P15,Rod,Strap,-0.27964824,-0.0145286685,0.7797473947585518,0.8775839331692975,0.14057043073341094,4510,0.18261744,14.301552106430268,3436,0.18094365,14.057043073341132,not_significant
P15,Rod,Gm26954,-0.28031263,-0.019184452,0.7792376714405834,0.8773784361056444,0.7770663562281723,4510,1.6847289,78.3813747228428,3436,1.6739097,77.70663562281219,not_significant
P15,Rod,Rbm45,-0.28142744,-0.020612512,0.7783825686892876,0.8768523591565297,0.26135040745052385,4510,0.3917193,26.474501108647342,3436,0.3871109,26.135040745052464,not_significant
P15,Rod,Hacd2,-0.28483716,-0.017164784,0.7757689057812963,0.8747581270991956,0.119906868451688,4510,0.16796674,12.195121951219676,3436,0.16613641,11.990686845168835,not_significant
P15,Rod,Anapc13,-0.28504574,0.0002154198,0.7756090908625293,0.8747581270991956,0.15395809080325962,4510,0.205721,15.787139689578778,3436,0.20574875,15.395809080326003,not_significant
P15,Rod,Ppp2r2d,-0.28781885,-0.030462585,0.7734854089845906,0.872841329257499,0.14755529685681024,4510,0.20378593,14.966740576496765,3436,0.19992653,14.755529685681065,not_significant
P15,Rod,Phf12,-0.2884828,-0.032800343,0.7729772050593026,0.8727109509446641,0.2892898719441211,4510,0.43249217,29.024390243902566,3436,0.42456853,28.928987194412194,not_significant
P15,Rod,Upf3a,-0.28891534,-0.03454576,0.7726461702361622,0.872520854136163,0.16414435389988358,4510,0.22401515,16.60753880266079,3436,0.21925502,16.414435389988405,not_significant
P15,Rod,Gtpbp2,-0.2910141,-0.020821568,0.7710405300059486,0.8712579319468946,0.16821885913853318,4510,0.24026947,17.095343680709554,3436,0.23720425,16.821885913853365,not_significant
P15,Rod,Catspere2,-0.29175776,-0.034736622,0.7704718315403105,0.8707987577712232,0.3192665890570431,4510,0.5174047,31.86252771618664,3436,0.5077479,31.926658905704404,not_significant
P15,Rod,Tex261,-0.29179758,-0.033565056,0.7704413920617579,0.8707987577712232,0.1920838183934808,4510,0.26556668,19.401330376940077,3436,0.2601889,19.208381839348135,not_significant
P15,Rod,Ndufa3,-0.29252422,-0.0130657535,0.769885856648787,0.8706868511625749,0.22729918509895228,4510,0.33276707,23.148558758314675,3436,0.3302122,22.729918509895295,not_significant
P15,Rod,Smc5,-0.2926019,-0.012311341,0.7698264410747719,0.8706868511625749,0.27153667054714786,4510,0.40908802,27.450110864744993,3436,0.40623102,27.153667054714862,not_significant
P15,Rod,Sltm,-0.29312515,-0.022992779,0.7694264855052253,0.8705344164205924,0.42054714784633296,4510,0.686451,42.41685144124304,3436,0.6785682,42.054714784633425,not_significant
P15,Rod,Srr,-0.2932132,-0.037746117,0.7693592112598246,0.8705344164205924,0.20925494761350408,4510,0.3138435,21.06430155210632,3436,0.306863,20.925494761350468,not_significant
P15,Rod,BC002059,-0.29384354,-0.031181492,0.7688774629517543,0.8702803779854842,0.10419091967403958,4510,0.15088604,10.620842572062202,3436,0.14788702,10.419091967403986,not_significant
P15,Rod,Map2k4,-0.2939626,-0.014444732,0.7687864944237446,0.8702803779854842,0.26775320139697323,4510,0.40798056,27.25055432372502,3436,0.40463763,26.7753201396974,not_significant
P15,Rod,Narf,-0.29534563,-0.026654592,0.7677298635842754,0.8695318809683389,0.19383003492433062,4510,0.27570063,19.689578713968892,3436,0.27127963,19.38300349243312,not_significant
P15,Rod,Rab11a,-0.29575226,-0.034029752,0.7674192945134504,0.8693636949884156,0.11292200232828871,4510,0.14713654,11.529933481153137,3436,0.14394188,11.292200232828902,not_significant
P15,Rod,Trim24,-0.29776165,-0.011378842,0.7658850953306006,0.8683592583710297,0.199941792782305,4510,0.29517525,20.35476718403539,3436,0.29316494,19.994179278230558,not_significant
P15,Rod,Pip5k1a,-0.30041498,-0.03167322,0.7638606333324307,0.8667967922985315,0.2331199068684517,4510,0.3427299,23.525498891352356,3436,0.3364089,23.31199068684524,not_significant
P15,Rod,Rangap1,-0.30066127,-0.00046770423,0.7636728079200112,0.8667967922985315,0.21129220023282888,4510,0.299533,21.662971175166167,3436,0.2994492,21.12922002328295,not_significant
P15,Rod,Cdk16,-0.3040102,-0.047458418,0.7611201012764217,0.8642354409921097,0.12543655413271246,4510,0.17128927,12.727272727272892,3436,0.16618179,12.54365541327128,not_significant
P15,Rod,2900076A07Rik,-0.30427977,-0.027562954,0.7609147482872243,0.8641852021623271,0.16647264260768335,4510,0.22964433,16.895787139689606,3436,0.2257538,16.64726426076838,not_significant
P15,Rod,Ganab,-0.30431503,0.013771515,0.760887896507341,0.8641852021623271,0.14493597206053552,4510,0.19576201,14.878048780487898,3436,0.19746572,14.493597206053591,not_significant
P15,Rod,Map2k5,-0.3043984,-0.011115768,0.760824391501587,0.8641852021623271,0.16327124563445866,4510,0.24570435,16.718403547671873,3436,0.24403091,16.327124563445913,not_significant
P15,Rod,Ice1,-0.30553088,-0.035481468,0.7599618498326746,0.8638345756521438,0.1859720605355064,4510,0.27362254,18.80266075388023,3436,0.2677899,18.597206053550693,not_significant
P15,Rod,Camk2d,-0.3055621,-0.010250275,0.7599380781806208,0.8638345756521438,0.9589639115250291,4510,2.6995492,95.8093126385872,3436,2.6929212,95.89639115249446,not_significant
P15,Rod,Pfdn6,-0.30561754,0.0014583354,0.759895869307917,0.8638345756521438,0.20285215366705472,4510,0.27767467,20.79822616407972,3436,0.2779199,20.28521536670553,not_significant
P15,Rod,Gdi1,-0.30784446,-0.033937223,0.7582007001870686,0.8624241632257458,0.1210710128055879,4510,0.16313423,12.328159645232983,3436,0.15962848,12.107101280558823,not_significant
P15,Rod,Ccz1,-0.30804586,-0.036487788,0.7580474382109046,0.8624241632257458,0.23952270081490104,4510,0.34331867,24.190687361418853,3436,0.3360346,23.952270081490177,not_significant
P15,Rod,Dnal1,-0.30922544,-0.024792263,0.7571500489949412,0.8620999496516376,0.2110011641443539,4510,0.30347598,21.352549889135133,3436,0.29900628,21.10011641443545,not_significant
P15,Rod,Ube2q2,-0.30999053,-0.061935514,0.7565681627682631,0.8618032756612791,0.12951105937136204,4510,0.18378079,13.104212860310573,3436,0.176701,12.951105937136239,not_significant
P15,Rod,Mrps25,-0.31060055,-0.026132448,0.7561043013921475,0.8614578319174764,0.1280558789289872,4510,0.16705514,13.082039911308357,3436,0.16428971,12.805587892898753,not_significant
P15,Rod,Arfgef2,-0.3110801,-0.04591969,0.7557397318719936,0.8612253923436103,0.15046565774155995,4510,0.21816157,15.277161862527796,3436,0.21200207,15.046565774156036,not_significant
P15,Rod,Mtdh,-0.31184372,-0.020665998,0.7551592942431832,0.8612058572366116,0.6129220023282888,4510,1.1152222,62.017738359204934,3436,1.1056172,61.29220023282691,not_significant
P15,Rod,Nars,-0.31237668,-0.036654104,0.7547542651988738,0.8611475017734828,0.2048894062863795,4510,0.28225815,20.73170731707307,3436,0.2760698,20.488940628638012,not_significant
P15,Rod,Nap1l4,-0.3125682,-0.018037735,0.7546087541347699,0.8611475017734828,0.21536670547147846,4510,0.3031377,21.973392461197196,3436,0.29988313,21.53667054714791,not_significant
P15,Rod,Dennd6a,-0.3128591,-0.021139896,0.7543877242765187,0.8611475017734828,0.30791618160651923,4510,0.47891742,31.10864745011118,3436,0.47336668,30.791618160652014,not_significant
P15,Rod,Ier3ip1,-0.3130777,-0.020839578,0.7542216491311408,0.8611419595443676,0.20343422584400467,4510,0.28237218,20.73170731707307,3436,0.27883798,20.343422584400525,not_significant
P15,Rod,Ocrl,-0.31381506,-0.017763546,0.7536615029273328,0.8610111827586653,0.3131548311990687,4510,0.4934577,31.618625277162227,3436,0.48868036,31.31548311990696,not_significant
P15,Rod,Gm10353,-0.31488165,-0.043130696,0.7528515137576806,0.8604990647313514,0.15628637951105936,4510,0.22921132,15.853658536585428,3436,0.22315967,15.628637951105981,not_significant
P15,Rod,Rab22a,-0.31740108,-0.029055266,0.7509392890361232,0.8590249242835433,0.12223515715948778,4510,0.16983601,12.483370288248508,3436,0.1667168,12.223515715948812,not_significant
P15,Rod,Uckl1,-0.31750125,-0.021387883,0.7508632969804951,0.8590249242835433,0.4231664726426077,4510,0.6616337,43.08203991130962,3436,0.6544848,42.3166472642609,not_significant
P15,Rod,Tmem234,-0.3177871,-0.015635734,0.7506464278353201,0.8590249242835433,0.3009313154831199,4510,0.4363419,30.53215077605348,3436,0.4325231,30.09313154831208,not_significant
P15,Rod,Tbc1d19,-0.31783053,-0.02279975,0.7506134923686951,0.8590249242835433,0.16356228172293363,4510,0.2429054,16.629711751663006,3436,0.23951828,16.35622817229341,not_significant
P15,Rod,Ctnnb1,-0.31803328,-0.01461421,0.7504596850722415,0.8590249242835433,0.23864959254947612,4510,0.33676803,24.21286031042107,3436,0.33388203,23.864959254947685,not_significant
P15,Rod,Txnl1,-0.31890345,-0.0177614,0.7497997352044705,0.8590187483205425,0.2040162980209546,4510,0.2730405,20.79822616407972,3436,0.27011266,20.40162980209552,not_significant
P15,Rod,Nr2c2,-0.3189348,-0.01191579,0.7497759600897437,0.8590187483205425,0.29860302677532014,4510,0.45947537,30.332594235033504,3436,0.45644048,29.860302677532104,not_significant
P15,Rod,Fam174a,-0.3199096,-0.025848655,0.7490368667414042,0.8586949675573611,0.12427240977881257,4510,0.16168755,12.68292682926846,3436,0.15903303,12.427240977881292,not_significant
P15,Rod,Rbpj,-0.32130986,-0.033701606,0.7479755759229929,0.8576616052267921,0.17782305005820723,4510,0.25638247,18.070953436807084,3436,0.2511469,17.782305005820774,not_significant
P15,Rod,Stk11,-0.32200313,-0.0235353,0.7474503193515971,0.8574259009841675,0.16647264260768335,4510,0.22989923,16.962305986696254,3436,0.22657031,16.64726426076838,not_significant
P15,Rod,Nup205,-0.32226315,-0.021010233,0.7472533549707676,0.8574259009841675,0.12252619324796275,4510,0.17543638,12.527716186252944,3436,0.1731072,12.252619324796308,not_significant
P15,Rod,Dhx16,-0.3233389,-0.060857285,0.746438592501095,0.8568150246470947,0.11670547147846333,4510,0.16052929,11.862527716186406,3436,0.15438454,11.670547147846365,not_significant
P15,Rod,Sp1,-0.32336432,-0.03503363,0.7464193566160462,0.8568150246470947,0.11612339930151339,4510,0.16286103,11.818181818181971,3436,0.15924887,11.61233993015137,not_significant
P15,Rod,Med24,-0.32627964,-0.02399106,0.7442127991793102,0.8549919586202227,0.16414435389988358,4510,0.23263913,16.696230598669658,3436,0.22920999,16.414435389988405,not_significant
P15,Rod,Selenos,-0.32662755,8.0745114e-05,0.743949607682237,0.8548726854343442,0.17724097788125728,4510,0.24489827,18.20399113082038,3436,0.24491037,17.72409778812578,not_significant
P15,Rod,Acyp1,-0.32689402,-0.014242939,0.7437480574027593,0.8548726854343442,0.11845168800931316,4510,0.1518539,12.128603104213022,3436,0.15046896,11.845168800931347,not_significant
P15,Rod,Poldip3,-0.327483,-0.0047609997,0.7433026033213179,0.8548726854343442,0.2689173457508731,4510,0.3979451,27.53880266075387,3436,0.3968627,26.89173457508739,not_significant
P15,Rod,Tmem106b,-0.327621,-0.049562443,0.7431982211510098,0.8548726854343442,0.12543655413271246,4510,0.17014101,12.749445676275108,3436,0.16484338,12.54365541327128,not_significant
P15,Rod,Ncoa6,-0.3279003,-0.022231909,0.7429870549438993,0.8548726854343442,0.28143189755529685,4510,0.43132254,28.425720620842643,3436,0.42595062,28.143189755529768,not_significant
P15,Rod,Rsrp1,-0.33110356,0.002707613,0.7405662682627387,0.8533614313558175,0.9231664726426076,4510,2.1214938,91.50776053215665,3436,2.1231487,92.31664726425299,not_significant
P15,Rod,Sgms1,-0.331439,-0.01583563,0.7403129204157957,0.8532527943941401,0.2564027939464494,4510,0.40711096,26.075388026607392,3436,0.40345395,25.64027939464501,not_significant
P15,Rod,Abhd12,-0.33359128,-0.020488773,0.7386879967090136,0.8519291366044183,0.16065192083818394,4510,0.22627722,16.36363636363641,3436,0.22341757,16.065192083818438,not_significant
P15,Rod,Gm13963,-0.33373728,-0.023406247,0.7385778097217064,0.8519291366044183,0.10215366705471478,4510,0.15368274,10.487804878048895,3436,0.15138753,10.215366705471505,not_significant
P15,Rod,Jchain,-0.33446306,-0.0033042743,0.7380301689497785,0.8517198421356739,0.15133876600698487,4510,0.21612507,15.52106430155218,3436,0.21568018,15.133876600698528,not_significant
P15,Rod,Camk2g,-0.33467916,-0.024056036,0.7378671323102062,0.8517149338738855,0.19644935972060534,4510,0.2895597,19.933481152993274,3436,0.28539366,19.644935972060594,not_significant
P15,Rod,Phc2,-0.33475086,-0.021361783,0.7378130409859578,0.8517149338738855,0.43771827706635624,4510,0.69792783,44.47893569844944,3436,0.6905172,43.771827706635754,not_significant
P15,Rod,Lsm6,-0.33538026,-0.030202042,0.7373382681379786,0.8516542787020064,0.13649592549476136,4510,0.18024705,13.924611973392587,3436,0.17682429,13.649592549476171,not_significant
P15,Rod,A930014D07Rik,-0.3355529,-0.017677294,0.7372080519663895,0.8516542787020064,0.42607683352735737,4510,0.744064,43.43680709534513,3436,0.7376519,42.60768335273587,not_significant
P15,Rod,Pfdn5,-0.3357814,-0.024598114,0.7370357103809939,0.8516542787020064,0.4033760186263097,4510,0.6787762,39.95565410199669,3436,0.67041147,40.33760186263109,not_significant
P15,Rod,Usp25,-0.33580557,-0.038010962,0.7370174855579474,0.8516542787020064,0.10942956926658906,4510,0.15983999,11.197339246119869,3436,0.15599135,10.942956926658935,not_significant
P15,Rod,Rps2,-0.33744934,-0.009367616,0.7357781915477646,0.8509517506386824,0.6938300349243306,4510,1.3481033,69.64523281596838,3436,1.3432986,69.38300349242958,not_significant
P15,Rod,Ccdc115,-0.33787236,-0.027981054,0.7354593822998908,0.8507664711357805,0.14551804423748546,4510,0.19094141,14.833702882483465,3436,0.1875971,14.551804423748585,not_significant
P15,Rod,Sike1,-0.33822784,-0.03541372,0.7351915062690466,0.850640043060217,0.1108847497089639,4510,0.14927892,11.330376940133176,3436,0.14591067,11.08847497089642,not_significant
P15,Rod,Spin1,-0.33837497,-0.03790392,0.7350806299779356,0.850640043060217,0.10855646100116415,4510,0.14932448,11.108647450110997,3436,0.14572102,10.855646100116443,not_significant
P15,Rod,Arl8b,-0.3384318,-0.016502453,0.7350378066700507,0.850640043060217,0.19848661233993015,4510,0.28456488,20.22172949002209,3436,0.28174406,19.848661233993074,not_significant
P15,Rod,Spata5,-0.3388376,-0.015893014,0.7347320741544516,0.850640043060217,0.2011059371362049,4510,0.31924903,20.46563192904647,3436,0.31625044,20.11059371362055,not_significant
P15,Rod,Drc3,-0.33893698,-0.042120896,0.7346572029669556,0.850640043060217,0.14813736903376018,4510,0.21377273,15.077605321507848,3436,0.20821933,14.813736903376059,not_significant
P15,Rod,Mrps11,-0.33974463,-0.026338875,0.7340488570438989,0.8504185894564738,0.1318393480791618,4510,0.17290583,13.458980044346038,3436,0.17002927,13.183934807916216,not_significant
P15,Rod,Ice2,-0.33983535,-0.068271935,0.7339805231192134,0.8504185894564738,0.15570430733410942,4510,0.23102455,15.742793791574345,3436,0.22144437,15.570430733410987,not_significant
P15,Rod,Dnajb6,-0.33993423,-0.019906364,0.7339060650179748,0.8504185894564738,0.35942956926658903,4510,0.5405182,36.18625277161941,3436,0.53478,35.942956926659015,not_significant
P15,Rod,Rprd2,-0.3400063,-0.019458573,0.7338517813769945,0.8504185894564738,0.22555296856810245,4510,0.32972232,22.926829268292508,3436,0.32595253,22.555296856810312,not_significant
P15,Rod,Taf12,-0.34082878,-0.028807556,0.7332324823033811,0.8503911427189916,0.10710128055878929,4510,0.14517704,10.975609756097688,3436,0.142502,10.710128055878958,not_significant
P15,Rod,Ikzf2,-0.34381637,-0.03759695,0.7309843802881675,0.8485176835892081,0.3149010477299185,4510,0.51141524,31.59645232816001,3436,0.5010634,31.490104772991945,not_significant
P15,Rod,Map3k12,-0.34419107,-0.041113164,0.7307026052177339,0.8483741935904598,0.18335273573923166,4510,0.26227,18.580931263858062,3436,0.2557673,18.33527357392322,not_significant
P15,Rod,Ypel2,-0.34543517,-0.011701581,0.7297672375262305,0.8476551455371807,0.610593713620489,4510,1.0943955,60.90909090909397,3436,1.0890079,61.059371362046974,not_significant
P15,Rod,Mapk9,-0.34710982,-0.010518649,0.7285088095301404,0.8469270165408914,0.3265424912689173,4510,0.5078723,33.34811529933533,3436,0.50497526,32.654249126891834,not_significant
P15,Rod,Abl2,-0.34929597,-0.038385816,0.7268671154413124,0.845201649084587,0.18538998835855647,4510,0.28546774,18.780487804878014,3436,0.27892596,18.5389988358557,not_significant
P15,Rod,Ppp6r1,-0.35067946,-0.028950943,0.7258288277825973,0.8445435644741544,0.0989522700814901,4510,0.13813673,10.155210643015625,3436,0.13557012,9.895227008149037,not_significant
P15,Rod,Tom1l2,-0.35089907,-0.023007538,0.7256640588697372,0.8445350426941355,0.32508731082654246,4510,0.51215893,33.03769401330426,3436,0.50579745,32.50873108265434,not_significant
P15,Rod,Dmxl1,-0.35396132,-0.014262773,0.7233678650979872,0.842593969247688,0.4819557625145518,4510,0.81550044,48.22616407982451,3436,0.8099995,48.19557625145533,not_significant
P15,Rod,Ube2g1,-0.35455775,-0.029860554,0.7229209397186704,0.8422562816357403,0.21158323632130385,4510,0.31700346,21.463414634146215,3436,0.3114227,21.158323632130447,not_significant
P15,Rod,Zfp804b,-0.35659513,-0.043739803,0.7213949148774865,0.8413921120684579,0.13591385331781142,4510,0.20554268,13.858093126385937,3436,0.1999787,13.591385331781177,not_significant
P15,Rod,Otud4,-0.35742196,-0.017047264,0.7207759320003709,0.8408530011417985,0.2927823050058207,4510,0.4515941,29.756097560975803,3436,0.4473161,29.278230500582158,not_significant
P15,Rod,Washc4,-0.35747182,-0.08296411,0.7207386234267642,0.8408530011417985,0.14959254947613504,4510,0.22332752,15.055432372505631,3436,0.21207939,14.959254947613546,not_significant
P15,Rod,Gpr152,-0.36034235,-0.035096657,0.7185911267427212,0.8388515351138099,0.09807916181606519,4510,0.13295849,10.066518847006753,3436,0.12996186,9.807916181606545,not_significant
P15,Rod,Lonp2,-0.36074045,-0.02052829,0.7182934919882842,0.8388515351138099,0.23370197904540163,4510,0.3513075,23.747228381374523,3436,0.34711376,23.370197904540234,not_significant
P15,Rod,Sod2,-0.36088264,-0.0120053105,0.7181871741840027,0.8388515351138099,0.34080325960419094,4510,0.5136244,34.944567627495125,3436,0.5102906,34.080325960419195,not_significant
P15,Rod,Atp6ap1,-0.36088943,-0.021879582,0.7181821017908135,0.8388515351138099,0.1271827706635623,4510,0.16987947,13.037694013303923,3436,0.16752525,12.718277066356261,not_significant
P15,Rod,Ttc26,-0.3617741,-0.03191494,0.7175208661330081,0.8385145808142604,0.110011641443539,4510,0.16134058,11.263858093126522,3436,0.15807523,11.001164144353929,not_significant
P15,Rod,Fhit,-0.36337855,-0.019666487,0.7163221159467841,0.8372961058920353,0.4190919674039581,4510,0.9177653,42.90465631929187,3436,0.90960133,41.909196740395934,not_significant
P15,Rod,Nfyb,-0.36526585,0.011294581,0.7149129790581615,0.8361956431897032,0.12485448195576251,4510,0.16782998,12.882483370288409,3436,0.16904357,12.485448195576286,not_significant
P15,Rod,Zmynd11,-0.3654819,-0.021227371,0.714751715210693,0.8361893566826952,0.39086146682188594,4510,0.6213288,39.445676274945654,3436,0.61454666,39.08614668218871,not_significant
P15,Rod,Comt,-0.36602706,-0.028862117,0.71434489124881,0.8358957235293666,0.10157159487776485,4510,0.14069481,10.42128603104224,3436,0.13809197,10.15715948777651,not_significant
P15,Rod,Ino80dos,-0.36903852,-0.041933566,0.7120990103136183,0.8339653993031574,0.11263096623981374,4510,0.16158396,11.529933481153137,3436,0.15730041,11.263096623981404,not_significant
P15,Rod,Gars,-0.36921194,-0.010600386,0.7119697550803341,0.8339653993031574,0.12630966239813737,4510,0.16925527,12.949002217295059,3436,0.16811475,12.630966239813771,not_significant
P15,Rod,Bri3,-0.3692635,0.015864674,0.7119313254768629,0.8339653993031574,0.19062863795110593,4510,0.261218,19.667405764966674,3436,0.2637566,19.062863795110648,not_significant
P15,Rod,Rfwd3,-0.37078112,-0.013623562,0.7108005696357738,0.8334357408427778,0.11932479627473806,4510,0.17121413,12.26164079822633,3436,0.16973391,11.932479627473839,not_significant
P15,Rod,Exoc2,-0.371143,-0.018440226,0.7105310195740367,0.8334357408427778,0.1370779976717113,4510,0.20257084,14.079822616408103,3436,0.20023915,13.707799767171167,not_significant
P15,Rod,Nfrkb,-0.37218627,-0.040271264,0.7097541596614818,0.8333390360561979,0.1469732246798603,4510,0.21210448,15.011086474501198,3436,0.20682941,14.697322467986071,not_significant
P15,Rod,Tab1,-0.37237296,-0.060240682,0.7096151906646407,0.8333390360561979,0.10972060535506403,4510,0.15397814,11.197339246119869,3436,0.14812481,10.972060535506433,not_significant
P15,Rod,Nubpl,-0.37240824,-0.029250909,0.7095889214213489,0.8333390360561979,0.12456344586728754,4510,0.18931745,12.727272727272892,3436,0.18584949,12.45634458672879,not_significant
P15,Rod,Coq2,-0.37247518,0.0062915795,0.7095390900439387,0.8333390360561979,0.11146682188591385,4510,0.14923427,11.50776053215092,3436,0.14983995,11.146682188591415,not_significant
P15,Rod,Zfyve9,-0.37264985,-0.019582527,0.7094090718823515,0.8333390360561979,0.34837019790454016,4510,0.5587026,35.49889135255061,3436,0.5529146,34.83701979045412,not_significant
P15,Rod,Lyst,-0.37312126,-0.014171706,0.7090581908462692,0.8333390360561979,0.3157741559953434,4510,0.4917439,32.32815964523324,3436,0.4879398,31.577415599534437,not_significant
P15,Rod,Pomt2,-0.37435713,-0.023643805,0.7081386243207975,0.8333390360561979,0.18247962747380675,4510,0.25918114,18.66962305986693,3436,0.25546286,18.24796274738073,not_significant
P15,Rod,Smim13,-0.37457097,-0.02058596,0.7079795653075611,0.8333390360561979,0.3768917345750873,4510,0.5806198,38.381374722839126,3436,0.57436085,37.68917345750884,not_significant
P15,Rod,Tceal9,-0.3755639,-0.039278183,0.7072411381223116,0.8333390360561979,0.11146682188591385,4510,0.14875922,11.39689578713983,3436,0.14503987,11.146682188591415,not_significant
P15,Rod,Arhgap35,-0.37678984,-0.019219743,0.7063297934283235,0.832990250345408,0.20634458672875436,4510,0.3017792,21.06430155210632,3436,0.298326,20.634458672875496,not_significant
P15,Rod,Ppp3r1,-0.37682325,-0.01985062,0.7063049564019512,0.832990250345408,0.2980209545983702,4510,0.42788008,30.399113082040163,3436,0.42311156,29.80209545983711,not_significant
P15,Rod,2310061I04Rik,-0.377189,-0.04835601,0.7060331414675858,0.832990250345408,0.0989522700814901,4510,0.13477486,10.133037694013407,3436,0.13061006,9.895227008149037,not_significant
P15,Rod,Hook3,-0.37775794,-0.011011361,0.7056104299658037,0.8329432980494215,0.6938300349243306,4510,1.3048986,69.80044345898392,3436,1.2993412,69.38300349242958,not_significant
P15,Rod,Cab39,-0.37791732,-0.02657201,0.7054920242331393,0.8329432980494215,0.26222351571594876,4510,0.38550067,26.452328159645123,3436,0.37964565,26.222351571594952,not_significant
P15,Rod,Setbp1,-0.38091925,-0.046657715,0.7032631613805234,0.8307208979619306,0.1769499417927823,4510,0.29960904,17.960088691796,3436,0.29133627,17.694994179278282,not_significant
P15,Rod,Jmjd6,-0.38243762,-0.04277919,0.7021367822348459,0.8299386734040796,0.18626309662398138,4510,0.26657942,18.980044345897962,3436,0.25971878,18.626309662398192,not_significant
P15,Rod,Trappc6a,-0.38259143,-0.012490065,0.7020227281366829,0.8299386734040796,0.1629802095459837,4510,0.22159192,16.74057649667409,3436,0.21987714,16.298020954598417,not_significant
P15,Rod,Naa40,-0.38448557,-0.06758261,0.7006185979258459,0.8290576128996774,0.10739231664726426,4510,0.15967727,10.975609756097688,3436,0.15290034,10.739231664726455,not_significant
P15,Rod,Atp6v1d,-0.3859039,-0.0138708325,0.6995678447738269,0.8281796334952125,0.1740395809080326,4510,0.23558554,17.78270509977827,3436,0.23357508,17.40395809080331,not_significant
P15,Rod,Golga1,-0.38781297,-0.031870224,0.698154454865743,0.8271727700078342,0.18830034924330616,4510,0.27076682,19.17960088691791,3436,0.26557085,18.830034924330672,not_significant
P15,Rod,Castor2,-0.3888893,-0.04179106,0.6973580357342041,0.8268409601410855,0.13009313154831198,4510,0.19081512,13.303769401330523,3436,0.18584277,13.009313154831235,not_significant
P15,Rod,Dleu2,-0.38937435,-0.040205445,0.6969992393596478,0.8265982577769513,0.30034924330616997,4510,0.49342385,30.376940133037944,3436,0.48266235,30.034924330617084,not_significant
P15,Rod,Ing3,-0.39041483,-0.04099629,0.6962298146105043,0.8260510341895034,0.1452270081490105,4510,0.20469163,14.789356984479033,3436,0.19949213,14.522700814901087,not_significant
P15,Rod,BC065403,-0.3905766,-0.029866094,0.6961102134506982,0.8260510341895034,0.3629220023282887,4510,0.5807513,36.47450110864826,3436,0.5716846,36.29220023282898,not_significant
P15,Rod,Synpo2,-0.3907813,-0.01872729,0.6959588845366106,0.8260510341895034,0.4787543655413271,4510,0.89054674,47.9822616408001,3436,0.8829142,47.87543655413286,not_significant
P15,Rod,Ndufa1,-0.391096,-0.021129325,0.6957262910777401,0.8260017320365202,0.2520372526193248,4510,0.41177014,25.676274944567446,3436,0.40685117,25.203725261932554,not_significant
P15,Rod,Cdh4,-0.3918324,-0.05419632,0.6951820489949434,0.8260017320365202,0.279976717112922,4510,0.47998732,28.11529933481157,3436,0.46583247,27.997671711292284,not_significant
P15,Rod,Rbm8a,-0.39191964,-0.0382496,0.6951175883615901,0.8260017320365202,0.23544819557625146,4510,0.3293839,23.858093126385604,3436,0.32201445,23.544819557625214,not_significant
P15,Rod,Nfe2l1,-0.39314976,-0.02431179,0.6942088772039363,0.8258274316972019,0.12194412107101281,4510,0.16360413,12.54988913525516,3436,0.161079,12.194412107101314,not_significant
P15,Rod,Cxxc5,-0.39336622,-0.041654214,0.6940490101448187,0.8258274316972019,0.12543655413271246,4510,0.16930732,12.815964523281759,3436,0.16486491,12.54365541327128,not_significant
P15,Rod,Ergic1,-0.3944693,-0.049089137,0.6932346032680821,0.8252353333177967,0.1330034924330617,4510,0.19108263,13.592017738359338,3436,0.18524684,13.300349243306206,not_significant
P15,Rod,Ccnl1,-0.3957486,-0.027188607,0.6922905077532662,0.8244774164272912,0.4548894062863795,4510,0.749065,46.363636363638086,3436,0.7391739,45.48894062863809,not_significant
P15,Rod,Spast,-0.39637592,-0.047451686,0.6918277200312183,0.824428748924609,0.20721769499417927,4510,0.2976167,20.93126385809302,3436,0.28925288,20.721769499417988,not_significant
P15,Rod,Snap23,-0.39646724,-0.040770605,0.691760373770228,0.824428748924609,0.14871944121071012,4510,0.2197139,15.166297117516713,3436,0.21420236,14.871944121071055,not_significant
P15,Rod,Slc26a2,-0.39763296,-0.021613624,0.6909007549681987,0.8239198865383321,0.16763678696158324,4510,0.24245146,17.18403547671842,3436,0.23924497,16.763678696158372,not_significant
P15,Rod,Nup98,-0.39768684,-0.038635828,0.690861034564068,0.8239198865383321,0.28259604190919674,4510,0.42665428,28.53658536585374,3436,0.41743422,28.259604190919756,not_significant
P15,Rod,Vps35l,-0.3978511,-0.055163383,0.6907399359825845,0.8239198865383321,0.11786961583236322,4510,0.17516613,12.084257206208585,3436,0.16912003,11.786961583236353,not_significant
P15,Rod,Usf2,-0.39935514,-0.023779858,0.6896315495566867,0.8229552017401708,0.18480791618160652,4510,0.25409257,18.824833702882447,3436,0.25041765,18.480791618160705,not_significant
P15,Rod,Gm1976,-0.39992315,-0.048806667,0.6892131219960289,0.8227921094791202,0.12194412107101281,4510,0.17793997,12.483370288248508,3436,0.17250293,12.194412107101314,not_significant
P15,Rod,Top3b,-0.40066075,-0.013361847,0.6886699186371366,0.8225962572157413,0.0989522700814901,4510,0.1397135,10.221729490022279,3436,0.13851066,9.895227008149037,not_significant
P15,Rod,Map2k6,-0.4009505,-0.05232719,0.6884565716264706,0.8225962572157413,0.1568684516880093,4510,0.24229045,15.96452328159651,3436,0.23459636,15.686845168800975,not_significant
P15,Rod,Trmt112,-0.4034141,-0.032308016,0.686643616234389,0.820854839841415,0.18422584400465658,4510,0.2526899,18.80266075388023,3436,0.24773277,18.42258440046571,not_significant
P15,Rod,Ccdc174,-0.40425363,-0.017712548,0.6860262228219177,0.8204781848866816,0.16647264260768335,4510,0.23626563,17.139689578713988,3436,0.23369455,16.64726426076838,not_significant
P15,Rod,Setdb1,-0.40460542,-0.010707491,0.6857675740540341,0.8203517545106688,0.1108847497089639,4510,0.15922698,11.463414634146483,3436,0.15813793,11.08847497089642,not_significant
P15,Rod,Tmem183a,-0.4092928,-0.06966537,0.6823247995577257,0.817509543182408,0.10710128055878929,4510,0.14560962,10.953436807095471,3436,0.13920136,10.710128055878958,not_significant
P15,Rod,Rad21,-0.41008064,-0.027531337,0.6817467831427269,0.8171820658720864,0.2159487776484284,4510,0.30740514,22.062084257206063,3436,0.30239022,21.594877764842906,not_significant
P15,Rod,Mthfs,-0.41045806,-0.05157956,0.6814699694288749,0.8170328377327861,0.12048894062863795,4510,0.18146619,12.328159645232983,3436,0.17562078,12.048894062863829,not_significant
P15,Rod,Gprasp1,-0.41134846,-0.034473017,0.6808170282696511,0.816432492653344,0.24621653084982537,4510,0.38174668,25.011086474500864,3436,0.3742255,24.62165308498261,not_significant
P15,Rod,Abhd4,-0.41191918,-0.027625447,0.680398660671698,0.8161872613679899,0.13213038416763678,4510,0.18455945,13.569844789357122,3436,0.18135783,13.213038416763714,not_significant
P15,Rod,Kansl3,-0.4133107,-0.03232395,0.6793789782332926,0.8156197043964597,0.1638533178114086,4510,0.2307559,16.762749445676306,3436,0.2261798,16.38533178114091,not_significant
P15,Rod,Hmgxb4,-0.41344708,-0.016043741,0.6792790840364158,0.8156197043964597,0.13678696158323633,4510,0.19787076,14.057649667405887,3436,0.1958833,13.67869615832367,not_significant
P15,Rod,Ints9,-0.4139822,-0.038485862,0.678887134831322,0.8155658013836059,0.10710128055878929,4510,0.15421438,11.042128603104343,3436,0.15044527,10.710128055878958,not_significant
P15,Rod,Rab3gap1,-0.41474083,-0.031902365,0.6783316387588776,0.8150920497989739,0.2552386495925495,4510,0.3891702,26.097560975609614,3436,0.38209456,25.52386495925502,not_significant
P15,Rod,Rnf150,-0.41476828,-0.013144006,0.6783115351859975,0.8150920497989739,0.5078579743888242,4510,0.9470914,51.8847006651907,3436,0.94152445,50.785797438882426,not_significant
P15,Rod,Ndufa7,-0.41538957,-0.020758657,0.6778567485589493,0.8150920497989739,0.32275902211874274,4510,0.53322184,33.03769401330426,3436,0.5273004,32.27590221187437,not_significant
P15,Rod,1600010M07Rik,-0.41606733,-0.021988265,0.677360727989506,0.8150208490210207,0.09720605355064028,4510,0.14027132,10.044345898004535,3436,0.13828978,9.720605355064054,not_significant
P15,Rod,Dstn,-0.4189425,-0.041556057,0.6752581406098728,0.8136885333137611,0.2852153667054715,4510,0.424417,28.758314855875934,3436,0.4145484,28.52153667054723,not_significant
P15,Rod,Mat2b,-0.4195795,0.014948132,0.6747926645107369,0.8135733541100456,0.10681024447031431,4510,0.13979712,11.086474501108778,3436,0.14115505,10.68102444703146,not_significant
P15,Rod,Epc1,-0.4219629,-0.027855508,0.6730521028965405,0.8123878217680115,0.5139697322467986,4510,0.87346053,52.062084257208454,3436,0.86225784,51.396973224679755,not_significant
P15,Rod,Aamp,-0.42318863,-0.01067596,0.6721576357719972,0.81181474802543,0.15366705471478465,4510,0.20649034,15.875831485587643,3436,0.20511368,15.366705471478506,not_significant
P15,Rod,Arl2,-0.42365643,-0.06391871,0.6718163884305766,0.8116268260228858,0.09749708963911526,4510,0.13273035,10.022172949002318,3436,0.12732893,9.74970896391155,not_significant
P15,Rod,Htatsf1,-0.42426378,0.0047092163,0.6713734441880377,0.811274420956214,0.13824214202561116,4510,0.18656282,14.323725055432485,3436,0.18711928,13.824214202561155,not_significant
P15,Rod,Cuedc2,-0.42441124,-0.028734874,0.6712659322219999,0.811274420956214,0.15046565774155995,4510,0.20067,15.432372505543313,3436,0.19707789,15.046565774156036,not_significant
P15,Rod,Myef2,-0.42481437,-0.023113376,0.670972007952161,0.811274420956214,0.3149010477299185,4510,0.47380298,32.12860310421327,3436,0.4677874,31.490104772991945,not_significant
P15,Rod,Pnpt1,-0.42768487,-0.0775976,0.6688805664293285,0.8100870079762741,0.11146682188591385,4510,0.1640477,11.39689578713983,3436,0.15609327,11.146682188591415,not_significant
P15,Rod,Lmtk2,-0.42860606,-0.046533585,0.6682099227798008,0.8094575487332547,0.15133876600698487,4510,0.22913043,15.45454545454553,3436,0.22260958,15.133876600698528,not_significant
P15,Rod,Eif4b,-0.42871073,-0.05425869,0.6681337484638386,0.8094575487332547,0.1728754365541327,4510,0.23699635,17.62749445676275,3436,0.22917737,17.28754365541332,not_significant
P15,Rod,Taf1,-0.42882118,-0.038872737,0.6680533601172525,0.8094575487332547,0.22846332945285217,4510,0.3457016,23.192904656319108,3436,0.3379009,22.846332945285283,not_significant
P15,Rod,Epb41l4aos,-0.4297088,-0.0811905,0.6674074677923332,0.8090335948560622,0.10826542491268917,4510,0.14835085,11.086474501108778,3436,0.1407775,10.826542491268947,not_significant
P15,Rod,Vrk1,-0.4309264,-0.019034311,0.6665218856503318,0.8083254340104861,0.1030267753201397,4510,0.14475355,10.64301552106442,3436,0.1429856,10.302677532013996,not_significant
P15,Rod,Tpk1,-0.43278897,-0.047701377,0.6651680934719979,0.8075965716124482,0.09749708963911526,4510,0.15412085,10.044345898004535,3436,0.14946458,9.74970896391155,not_significant
P15,Rod,Crb1,-0.4352965,-0.017879697,0.6633472121101427,0.8064810620486866,0.5378346915017462,4510,0.906495,54.23503325942595,3436,0.8991248,53.78346915017407,not_significant
P15,Rod,Lsm14b,-0.4370084,-0.07786554,0.6621052564083608,0.8061986939957957,0.09982537834691502,4510,0.13845646,10.221729490022279,3436,0.13163967,9.982537834691527,not_significant
P15,Rod,Adam17,-0.4382133,-0.011392454,0.6612316679532337,0.8055522750172941,0.10942956926658906,4510,0.16103451,11.330376940133176,3436,0.15986383,10.942956926658935,not_significant
P15,Rod,Eml6,-0.43822443,-0.02745491,0.6612235899339709,0.8055522750172941,0.47060535506402795,4510,0.89029926,47.93791574279565,3436,0.87912387,47.06053550640294,not_significant
P15,Rod,Cwf19l2,-0.43824053,-0.023749586,0.6612119305083836,0.8055522750172941,0.2692083818393481,4510,0.42294264,27.53880266075387,3436,0.4172957,26.920838183934887,not_significant
P15,Rod,Rhbdd2,-0.43859792,-0.03771734,0.6609529045943909,0.8055522750172941,0.10564610011641444,4510,0.14572543,10.886917960088818,3436,0.14221993,10.564610011641472,not_significant
P15,Rod,Rad23b,-0.4398524,-0.04143325,0.6600440327417608,0.8051032895254658,0.21303841676367868,4510,0.3059897,21.662971175166167,3436,0.29849884,21.30384167636793,not_significant
P15,Rod,Abcg1,-0.44089523,-0.039471496,0.6592888523054126,0.8048305425048323,0.2520372526193248,4510,0.3745653,25.58758314855857,3436,0.36609787,25.203725261932554,not_significant
P15,Rod,Cul2,-0.441018,-0.045645047,0.6591999779534397,0.8048305425048323,0.14813736903376018,4510,0.21719176,15.166297117516713,3436,0.21109316,14.813736903376059,not_significant
P15,Rod,Plcxd2,-0.44184554,-0.024099309,0.6586009802665351,0.8043569349156863,0.32916181606519207,4510,0.516197,33.45898004434643,3436,0.50949574,32.91618160651931,not_significant
P15,Rod,Atox1,-0.44285265,-0.034339204,0.6578723306856501,0.803833071024562,0.13562281722933645,4510,0.18855238,13.96895787139702,3436,0.18450236,13.562281722933681,not_significant
P15,Rod,Vps37c,-0.44424933,0.006265807,0.656862322034687,0.8027818399166236,0.16938300349243307,4510,0.23973009,17.583148558758317,3436,0.24065755,16.938300349243356,not_significant
P15,Rod,Stat3,-0.44556618,-0.024781324,0.6559106518595621,0.8019842116650766,0.10389988358556461,4510,0.1542661,10.73170731707329,3436,0.15182841,10.389988358556488,not_significant
P15,Rod,Bod1l,-0.44592768,-0.021163622,0.6556494797750648,0.8019126241955135,0.2910360884749709,4510,0.44978848,29.600886917960267,3436,0.44449973,29.103608847497174,not_significant
P15,Rod,Ctsb,-0.44678912,-0.046116482,0.6550273388417184,0.8016813312668319,0.22351571594877764,4510,0.32067925,22.705099778270345,3436,0.31201103,22.351571594877832,not_significant
P15,Rod,Ptch1,-0.45131058,-0.043836817,0.651765734758014,0.7994675054292218,0.1318393480791618,4510,0.19440728,13.525498891352688,3436,0.1891056,13.183934807916216,not_significant
P15,Rod,Scaf11,-0.4519529,-0.017509554,0.6513029089991336,0.7990825260455976,0.3850407450523865,4510,0.6067115,39.42350332594343,3436,0.60121,38.50407450523877,not_significant
P15,Rod,Phf21a,-0.45230746,-0.024462203,0.6510474909758269,0.7989575123205672,0.3742724097788126,4510,0.6339446,37.80487804878142,3436,0.62601936,37.42724097788137,not_significant
P15,Rod,Polr2a,-0.4524374,-0.03622019,0.6509539025816976,0.7989575123205672,0.4118160651920838,4510,0.6629532,41.308203991132075,3436,0.6508637,41.18160651920851,not_significant
P15,Rod,Bmpr1a,-0.45312515,-0.027045552,0.6504586270665673,0.7987774898317461,0.6222351571594877,4510,1.1707306,63.525498891355845,3436,1.1578362,62.22351571594664,not_significant
P15,Rod,Zdhhc21,-0.45326495,-0.01645294,0.6503579597912945,0.7987774898317461,0.15541327124563445,4510,0.2228213,16.008869179600943,3436,0.22055365,15.54132712456349,not_significant
P15,Rod,1700028E10Rik,-0.45433053,-0.014525,0.6495909394233004,0.7982602059717259,0.11612339930151339,4510,0.18108447,12.017738359201932,3436,0.17942391,11.61233993015137,not_significant
P15,Rod,Ralgps2,-0.45471764,-0.022697998,0.6493123878158633,0.7981007443272894,0.5075669383003493,4510,0.86874914,51.41906873614409,3436,0.85964453,50.75669383003494,not_significant
P15,Rod,Napb,-0.45751768,-0.029396515,0.647299004144628,0.7961733222269628,0.37747380675203723,4510,0.58492947,38.536585365854656,3436,0.57595676,37.74738067520384,not_significant
P15,Rod,Gigyf1,-0.45786077,-0.052974615,0.6470524656382655,0.7961733222269628,0.09953434225844005,4510,0.14164785,10.266075388026714,3436,0.13687477,9.953434225844031,not_significant
P15,Rod,Lrig2,-0.45810354,-0.02318201,0.6468780519905842,0.7961733222269628,0.18830034924330616,4510,0.27902997,19.290465631928992,3436,0.2751413,18.830034924330672,not_significant
P15,Rod,Srpr,-0.45850673,-0.016503474,0.6465884265168231,0.7960294514198392,0.16152502910360886,4510,0.2296764,16.67405764966744,3436,0.22733964,16.15250291036093,not_significant
P15,Rod,Large1,-0.45936513,-0.015597286,0.6459719781307239,0.7956357498721477,0.65046565774156,4510,1.319299,65.89800443459332,3436,1.3113883,65.04656577415334,not_significant
P15,Rod,Arhgef26,-0.4603849,-0.019299097,0.6452399636213513,0.7949166662528544,0.6525029103608847,4510,1.2280295,65.85365853658888,3436,1.2185879,65.25029103608577,not_significant
P15,Rod,Caprin1,-0.4607308,-0.033359464,0.6449917525828489,0.7947934208257297,0.2840512223515716,4510,0.416666,28.980044345898126,3436,0.40884674,28.405122235157243,not_significant
P15,Rod,Trps1,-0.46168935,-0.027499191,0.6443040968967744,0.794311003391013,0.5276484284051223,4510,1.0218676,53.902439024392656,3436,1.0097111,52.76484284051186,not_significant
P15,Rod,Clpb,-0.46513486,-0.06229772,0.6418348753929073,0.7923595561812554,0.11030267753201398,4510,0.15834543,11.330376940133176,3436,0.15213701,11.030267753201427,not_significant
P15,Rod,Tmem214,-0.46558952,-0.03039043,0.6415093482813587,0.7921399963584733,0.15250291036088476,4510,0.22445065,15.720620842572128,3436,0.22025101,15.250291036088518,not_significant
P15,Rod,Wdr82,-0.46595383,-0.089443214,0.6412485576084279,0.7921399963584733,0.12660069848661235,4510,0.17917591,12.926829268292842,3436,0.1692657,12.660069848661267,not_significant
P15,Rod,Cfap69,-0.46622685,0.0016559538,0.6410531260221285,0.7921399963584733,0.15628637951105936,4510,0.23448868,16.164079822616458,3436,0.23472877,15.628637951105981,not_significant
P15,Rod,Jade1,-0.4666405,-0.0004942104,0.6407570991106261,0.7921399963584733,0.15424912689173456,4510,0.21292266,15.986696230598726,3436,0.21285692,15.424912689173501,not_significant
P15,Rod,Tenm3,-0.46736035,-0.007437028,0.6402420961273797,0.7918511882931207,0.12776484284051223,4510,0.20855191,13.237250554323873,3436,0.20758368,12.776484284051257,not_significant
P15,Rod,Tbcel,-0.46757948,-0.05101619,0.6400853309211986,0.7918398789348038,0.10360884749708964,4510,0.14824833,10.687361419068855,3436,0.14344968,10.360884749708992,not_significant
P15,Rod,Cdc16,-0.46895388,-0.030152412,0.6391026087685783,0.7911715655284224,0.10564610011641444,4510,0.14738046,10.909090909091034,3436,0.14454208,10.564610011641472,not_significant
P15,Rod,Axin1,-0.46987465,-0.062379554,0.6384445725326923,0.7907219319014919,0.13154831199068684,4510,0.19137585,13.458980044346038,3436,0.18397775,13.15483119906872,not_significant
P15,Rod,Ep300,-0.47014025,-0.021672359,0.638254811435071,0.7906694707939309,0.380093131548312,4510,0.58989996,38.51441241685244,3436,0.5832339,38.00931315483132,not_significant
P15,Rod,Ivd,-0.47026813,-0.02979714,0.6381634585229151,0.7906694707939309,0.3082072176949942,4510,0.477537,31.640798226164446,3436,0.46974516,30.82072176949951,not_significant
P15,Rod,Nudt13,-0.47078043,-0.053147297,0.637797529309217,0.79046810240634,0.11670547147846333,4510,0.1727025,12.017738359201932,3436,0.16694932,11.670547147846365,not_significant
P15,Rod,Tcea1,-0.47232604,-0.030584648,0.6366940949481914,0.7895531631369113,0.4071594877764843,4510,0.6446136,41.46341463414761,3436,0.63459706,40.715948777648556,not_significant
P15,Rod,Rhebl1,-0.47285455,-0.09738434,0.6363169494757389,0.7895452502863437,0.129802095459837,4510,0.19247094,13.19290465631944,3436,0.18097702,12.980209545983737,not_significant
P15,Rod,Stx16,-0.4744234,-0.028314704,0.6351980065800114,0.7887041915035141,0.2150756693830035,4510,0.31344184,22.01773835920163,3436,0.30819863,21.507566938300414,not_significant
P15,Rod,Map3k7,-0.4754306,-0.0381364,0.634480072493453,0.7879951629670946,0.1830616996507567,4510,0.26833227,18.73614190687358,3436,0.26217374,18.30616996507572,not_significant
P15,Rod,Usp6nl,-0.47929585,-0.02567948,0.6317281697151559,0.7852408612358259,0.539289871944121,4510,0.92178065,54.81152993348365,3436,0.91109926,53.928987194411526,not_significant
P15,Rod,Ccdc157,-0.47961056,-0.043144576,0.6315043378155982,0.7852084534174475,0.10942956926658906,4510,0.16017178,11.308203991130958,3436,0.15580167,10.942956926658935,not_significant
P15,Rod,Rnf130,-0.48448473,-0.0621424,0.6280418946646913,0.7825358241536362,0.1388242142025611,4510,0.21203983,14.212860310421402,3436,0.20395191,13.882421420256149,not_significant
P15,Rod,Dnajc21,-0.4850206,-0.037360802,0.6276617182697195,0.782277265908986,0.16268917345750872,4510,0.23227048,16.718403547671873,3436,0.22695787,16.268917345750918,not_significant
P15,Rod,Rpl37,-0.48674145,-0.04515924,0.6264415721905066,0.7819950182056964,0.42520372526193245,4510,0.7869963,42.239467849225285,3436,0.770065,42.52037252619338,not_significant
P15,Rod,Med4,-0.48794895,-0.05274795,0.6255860082758358,0.7814726009295723,0.14173457508731083,4510,0.19385846,14.523281596452433,3436,0.18751149,14.173457508731122,not_significant
P15,Rod,Btbd8,-0.48837784,-0.03367908,0.6252822308723158,0.7812750725364785,0.10069848661233993,4510,0.14908928,10.42128603104224,3436,0.14588824,10.069848661234019,not_significant
P15,Rod,Lemd3,-0.492391,-0.03783933,0.6224429661232778,0.7791794796465021,0.20372526193247964,4510,0.3036324,20.84257206208415,3436,0.29683018,20.37252619324802,not_significant
P15,Rod,Memo1,-0.49300903,-0.03204927,0.6220061987431582,0.7789963226846371,0.680442374854482,4510,1.325109,69.04656319290847,3436,1.3088475,68.04423748544497,not_significant
P15,Rod,Eif1b,-0.49366948,-0.025798397,0.6215396155863613,0.7785937641301359,0.25756693830034927,4510,0.3782497,26.452328159645123,3436,0.3726524,25.756693830034997,not_significant
P15,Rod,Hmbox1,-0.49413314,-0.045630995,0.6212121424666321,0.7783653193625356,0.17956926658905703,4510,0.27042738,18.381374722838114,3436,0.26302287,17.956926658905754,not_significant
P15,Rod,Tsc22d2,-0.4971117,-0.050343823,0.6191102699030984,0.7770022198783856,0.19353899883585565,4510,0.2917578,19.77827050997776,3436,0.2830415,19.35389988358562,not_significant
P15,Rod,Zfp369,-0.49761137,-0.026629962,0.6187579825539157,0.7769236466337087,0.11525029103608847,4510,0.16299033,11.951219512195278,3436,0.16023585,11.52502910360888,not_significant
P15,Rod,Rpgr,-0.49843633,-0.029246341,0.6181765238673094,0.7763752924430456,0.5293946449359721,4510,0.9651539,53.7250554323749,3436,0.95265317,52.93946449359681,not_significant
P15,Rod,Stau1,-0.50148124,-0.052417602,0.6160324704376592,0.7745765666168614,0.14318975552968569,4510,0.20133944,14.700665188470166,3436,0.19481118,14.318975552968608,not_significant
P15,Rod,Ppil2,-0.50167793,-0.055786368,0.6158941121080448,0.7745765666168614,0.20518044237485447,4510,0.2920448,20.820399113081937,3436,0.28239202,20.51804423748551,not_significant
P15,Rod,Vps26a,-0.50393635,-0.04547264,0.6143060871529029,0.7738698570897538,0.13416763678696159,4510,0.18983836,13.83592017738372,3436,0.18445888,13.416763678696194,not_significant
P15,Rod,Atp7a,-0.5042587,-0.038198046,0.6140796066737445,0.7737662697199825,0.1440628637951106,4510,0.218024,14.855875831485681,3436,0.21289216,14.4062863795111,not_significant
P15,Rod,Rnf185,-0.5052531,-0.05580736,0.6133810861249744,0.7730677034714198,0.1239813736903376,4510,0.17866543,12.749445676275108,3436,0.17243782,12.398137369033794,not_significant
P15,Rod,Flywch1,-0.5074498,-0.07494812,0.6118392319447652,0.772031437344559,0.10622817229336438,4510,0.15048175,10.953436807095471,3436,0.14338413,10.622817229336466,not_significant
P15,Rod,Exoc5,-0.50886065,-0.025068006,0.6108499184200294,0.7711459078383238,0.26629802095459837,4510,0.40569803,27.339246119733897,3436,0.3999375,26.629802095459915,not_significant
P15,Rod,Zfp281,-0.5096658,-0.026330855,0.6102856090895101,0.7706148792740425,0.1440628637951106,4510,0.19618131,14.855875831485681,3436,0.19295438,14.4062863795111,not_significant
P15,Rod,Prepl,-0.5097019,-0.038407538,0.610260310199044,0.7706148792740425,0.17462165308498254,4510,0.24409974,17.915742793791566,3436,0.23839329,17.462165308498303,not_significant
P15,Rod,Msl1,-0.5108332,-0.014395254,0.6094678571027706,0.7701261685510629,0.10011641443538999,4510,0.13366808,10.42128603104224,3436,0.13242507,10.011641443539025,not_significant
P15,Rod,Actn4,-0.51116234,-0.016807325,0.6092373742253002,0.7700163231254737,0.2884167636786962,4510,0.43899775,29.689578713969144,3436,0.43487394,28.841676367869702,not_significant
P15,Rod,Klc1,-0.5120238,-0.010639465,0.6086343663914452,0.7694354799254565,0.2281722933643772,4510,0.3280861,23.54767184035457,3436,0.32602912,22.817229336437787,not_significant
P15,Rod,Arhgef7,-0.51210505,-0.039008286,0.6085774882440358,0.7694354799254565,0.12892898719441212,4510,0.18359357,13.281596452328307,3436,0.17910911,12.892898719441245,not_significant
P15,Rod,Mast1,-0.51215404,-0.04611943,0.6085432088577646,0.7694354799254565,0.1559953434225844,4510,0.2284242,15.986696230598726,3436,0.22197852,15.599534342258483,not_significant
P15,Rod,Washc2,-0.5136785,-0.04311992,0.6074767808597381,0.7688801858082065,0.13387660069848661,4510,0.19151665,13.813747228381503,3436,0.18637119,13.387660069848698,not_significant
P15,Rod,Rock1,-0.5147732,-0.02643228,0.6067115052087566,0.7683532040479949,0.440046565774156,4510,0.7520515,44.85587583148717,3436,0.7424078,44.00465657741574,not_significant
P15,Rod,Rbm28,-0.5153065,-0.054329455,0.6063388930495297,0.768162924496381,0.17665890570430734,4510,0.25993747,18.115299334811517,3436,0.2514419,17.665890570430783,not_significant
P15,Rod,Ash2l,-0.51661575,-0.021588061,0.6054244153650357,0.7680867793614157,0.12922002328288706,4510,0.1853585,13.370288248337173,3436,0.18284248,12.922002328288743,not_significant
P15,Rod,Psen1,-0.51678175,-0.029796407,0.6053085068969402,0.7680867793614157,0.11641443538998836,4510,0.17095345,12.062084257206369,3436,0.16773586,11.641443538998868,not_significant
P15,Rod,Raf1,-0.51790535,-0.035498343,0.6045243163764669,0.7674954871108565,0.3410942956926659,4510,0.52313584,34.41241685144186,3436,0.5131866,34.109429569266695,not_significant
P15,Rod,Psmd12,-0.5180686,-0.022649433,0.6044104097674701,0.7674954871108565,0.20285215366705472,4510,0.2823846,20.93126385809302,3436,0.2785452,20.28521536670553,not_significant
P15,Rod,Meak7,-0.5180693,-0.012414205,0.6044099173747453,0.7674954871108565,0.11903376018626309,4510,0.16389744,12.37250554323742,3436,0.16260143,11.903376018626343,not_significant
P15,Rod,Scamp5,-0.5186069,-0.034190517,0.6040348855642039,0.7674805572317939,0.42258440046565776,4510,0.66196454,43.281596452329595,3436,0.6505597,42.2584400465659,not_significant
P15,Rod,Polr2c,-0.51878184,-0.028295873,0.6039128635319815,0.7674805572317939,0.16356228172293363,4510,0.2205007,16.851441241685173,3436,0.21665004,16.35622817229341,not_significant
P15,Rod,Mtf2,-0.521732,-0.058953565,0.6018569443455886,0.7653771098790273,0.18655413271245636,4510,0.2755965,19.04656319290461,3436,0.2659048,18.65541327124569,not_significant
P15,Rod,Borcs7,-0.5218064,-0.02010403,0.6018051083857935,0.7653771098790273,0.15454016298020953,4510,0.21306545,15.942350332594293,3436,0.21040641,15.454016298020997,not_significant
P15,Rod,Zeb1,-0.5218961,-0.026497032,0.6017426470938779,0.7653771098790273,0.4758440046565774,4510,0.8791629,48.6696230598689,3436,0.86846185,47.584400465657886,not_significant
P15,Rod,Pikfyve,-0.5291751,-0.034368593,0.5966840059123937,0.7606019505023953,0.1810244470314319,4510,0.27469316,18.647450110864714,3436,0.26902276,18.10244470314324,not_significant
P15,Rod,Irf3,-0.52954614,-0.021239646,0.5964266291838041,0.7604545849636142,0.18422584400465658,4510,0.26872587,19.06873614190683,3436,0.2652761,18.42258440046571,not_significant
P15,Rod,Cct8,-0.53125435,-0.028416453,0.5952425414640523,0.7593058245929076,0.220023282887078,4510,0.30551073,22.616407982261478,3436,0.30036324,22.002328288707865,not_significant
P15,Rod,Usp9x,-0.53190035,-0.034135863,0.5947950050310594,0.7590959807248638,0.4543073341094296,4510,0.75754213,47.00665188470244,3436,0.74504274,45.4307334109431,not_significant
P15,Rod,Gm9856,-0.53308773,-0.031888723,0.5939728594805272,0.7585881948222734,0.18859138533178113,4510,0.27689207,19.467849223946725,3436,0.27159056,18.859138533178168,not_significant
P15,Rod,Gon4l,-0.5339913,-0.027686937,0.5933475780701631,0.757970090204419,0.2968568102444703,4510,0.45161802,30.53215077605348,3436,0.44468653,29.68568102444712,not_significant
P15,Rod,Atn1,-0.5343495,-0.04098368,0.5930997370320165,0.757833966040909,0.09837019790454016,4510,0.13268074,10.221729490022279,3436,0.12919457,9.837019790454042,not_significant
P15,Rod,Ubac1,-0.53518414,-0.030253883,0.5925225292221294,0.7572768279121997,0.11786961583236322,4510,0.15912962,12.239467849224111,3436,0.15607217,11.786961583236353,not_significant
P15,Rod,Rabl2,-0.5353663,-0.019653663,0.5923966063194155,0.7572768279121997,0.10157159487776485,4510,0.13801365,10.598669623059983,3436,0.1362679,10.15715948777651,not_significant
P15,Rod,Lsm12,-0.5356162,-0.051614646,0.5922238165529458,0.7572559122741361,0.20081490104772992,4510,0.2788801,20.48780487804869,3436,0.27029026,20.08149010477305,not_significant
P15,Rod,Proser1,-0.53565484,-0.03640337,0.5921971307216877,0.7572559122741361,0.10186263096623982,4510,0.14384499,10.598669623059983,3436,0.14050099,10.186263096624009,not_significant
P15,Rod,Atf1,-0.5390334,-0.044926777,0.5898637876095412,0.7559803817754283,0.12281722933643772,4510,0.17473657,12.749445676275108,3436,0.16980882,12.281722933643806,not_significant
P15,Rod,Ggact,-0.5415348,-0.07022355,0.5881390475481199,0.7547315433129462,0.10389988358556461,4510,0.1610695,10.776053215077727,3436,0.15397654,10.389988358556488,not_significant
P15,Rod,Ehmt1,-0.5425471,-0.03590455,0.5874416805847902,0.7541711609313941,0.33149010477299184,4510,0.51570725,33.83592017738416,3436,0.5057544,33.149010477299285,not_significant
P15,Rod,Avl9,-0.5426447,-0.05290298,0.5873744587257053,0.7541711609313941,0.15512223515715948,4510,0.22635719,15.942350332594293,3436,0.21903692,15.512223515715991,not_significant
P15,Rod,Reep3,-0.5429919,-0.077942766,0.5871353903522252,0.7541711609313941,0.13591385331781142,4510,0.20901948,13.96895787139702,3436,0.1990499,13.591385331781177,not_significant
P15,Rod,Ctr9,-0.54469347,-0.0367902,0.5859643484464339,0.753202196277659,0.3437136204889406,4510,0.5284892,34.98891352549956,3436,0.5180994,34.37136204889416,not_significant
P15,Rod,Dpm3,-0.5454145,-0.015601783,0.585468452642068,0.7531061822474947,0.1888824214202561,4510,0.26448262,19.62305986696224,3436,0.26197982,18.888242142025664,not_significant
P15,Rod,Wtap,-0.545846,-0.05119043,0.585171792212384,0.7530857709758224,0.18655413271245636,4510,0.26203623,19.113082039911262,3436,0.25396788,18.65541327124569,not_significant
P15,Rod,Fis1,-0.5460306,-0.04061765,0.5850449261895518,0.7530857709758224,0.229918509895227,4510,0.3282971,23.70288248337009,3436,0.32049796,22.99185098952277,not_significant
P15,Rod,Gpr137c,-0.5474423,-0.029566022,0.5840748972217699,0.752753067213037,0.43160651920838183,4510,0.7730996,43.88026607538952,3436,0.76211643,43.16065192083832,not_significant
P15,Rod,Desi2,-0.55015755,-0.032546308,0.5822113088061229,0.7510777923126607,0.47642607683352733,4510,0.8031441,48.580931263860016,3436,0.7907522,47.642607683352885,not_significant
P15,Rod,Zfp943,-0.5507086,-0.040945016,0.5818334528112681,0.7507709023044604,0.119906868451688,4510,0.17543809,12.461197339246292,3436,0.1709252,11.990686845168835,not_significant
P15,Rod,D630045J12Rik,-0.55185086,-0.022661237,0.5810505489284409,0.7503021532142892,0.3277066356228172,4510,0.51811546,33.8802660753886,3436,0.5117938,32.77066356228182,not_significant
P15,Rod,Map4k3,-0.5521992,-0.025383445,0.5808118776392824,0.7503021532142892,0.7849243306169965,4510,1.6700593,79.44567627494934,3436,1.6558022,78.49243306169447,not_significant
P15,Rod,Rapgef2,-0.5525857,-0.033932257,0.5805471136759834,0.7501938611799507,0.3733993015133877,4510,0.62494886,38.314855875832464,3436,0.61408794,37.339930151338876,not_significant
P15,Rod,Gdpd1,-0.55568504,-0.049755894,0.5784261659771934,0.7485350915082426,0.16239813736903377,4510,0.2385256,16.74057649667409,3436,0.23130542,16.23981373690342,not_significant
P15,Rod,Rock2,-0.5557663,-0.037624236,0.5783706223793639,0.7485350915082426,0.3416763678696158,4510,0.55728924,34.85587583148625,3436,0.5462298,34.16763678696169,not_significant
P15,Rod,Morn1,-0.5562527,-0.04852036,0.5780381068092805,0.7483940151882646,0.18946449359720605,4510,0.28114697,19.467849223946725,3436,0.27300814,18.94644935972066,not_significant
P15,Rod,Afg3l2,-0.55681527,-0.06379777,0.5776536702742443,0.7480768438800208,0.10710128055878929,4510,0.15057747,11.108647450110997,3436,0.14451218,10.710128055878958,not_significant
P15,Rod,Dmxl2,-0.5600087,-0.021082558,0.5754734964888789,0.7461541781886262,0.6475552968568102,4510,1.1866186,64.92239467849566,3436,1.1764897,64.75552968567841,not_significant
P15,Rod,Pts,-0.5600239,-0.03381316,0.5754631295388957,0.7461541781886262,0.1239813736903376,4510,0.16715978,12.882483370288409,3436,0.16358753,12.398137369033794,not_significant
P15,Rod,Epn1,-0.5627113,-0.03979231,0.5736314914321592,0.7443905097457141,0.12572759022118743,4510,0.1711356,13.015521064301709,3436,0.16684724,12.572759022118776,not_significant
P15,Rod,Cntln,-0.56321555,-0.020752065,0.5732881209520325,0.7443905097457141,0.41327124563445866,4510,0.732944,42.72727272727411,3436,0.72549623,41.32712456344599,not_significant
P15,Rod,R3hdm2,-0.5642662,-0.03202573,0.5725729646487665,0.7442723614385814,0.48457508731082655,4510,0.81970066,50.19955654102203,3436,0.8073431,48.457508731082804,not_significant
P15,Rod,Mterf3,-0.56499743,-0.06394384,0.5720755099378219,0.7442394515913884,0.15657741559953434,4510,0.2234323,16.09756097560981,3436,0.21471329,15.657741559953479,not_significant
P15,Rod,Osbpl8,-0.5660387,-0.038875047,0.5713674742558416,0.743526232874414,0.440337601862631,4510,0.74944836,45.232815964524896,3436,0.7353278,44.03376018626323,not_significant
P15,Rod,Arnt,-0.5669417,-0.043445792,0.5707538001731607,0.7431060298827324,0.2561117578579744,4510,0.39776856,26.252771618625147,3436,0.387985,25.611175785797514,not_significant
P15,Rod,Atrx,-0.5683837,-0.030805117,0.5697744621486804,0.7421734373398547,0.4647846332945285,4510,0.7937604,47.33924611973573,3436,0.78211874,46.47846332945299,not_significant
P15,Rod,Lrp11,-0.5688467,-0.05101018,0.5694601653358298,0.742061016245579,0.13969732246798602,4510,0.20389843,14.412416851441352,3436,0.19746995,13.96973224679864,not_significant
P15,Rod,Sesn1,-0.57377565,-0.033563312,0.5661196464927358,0.7383092107432616,0.34080325960419094,4510,0.5533809,34.78935698447959,3436,0.54356056,34.080325960419195,not_significant
P15,Rod,Smc3,-0.57386464,-0.029190818,0.5660594189205888,0.7383092107432616,0.420256111757858,4510,0.6663534,42.61640798226301,3436,0.6565616,42.025611175785926,not_significant
P15,Rod,Wdr37,-0.57400984,-0.030859374,0.565961164361249,0.7383092107432616,0.18568102444703144,4510,0.27076742,19.17960088691791,3436,0.26573473,18.568102444703197,not_significant
P15,Rod,Kif3b,-0.5744771,-0.030602835,0.5656450283068659,0.7382286938778658,0.3512805587892899,4510,0.5480495,35.96452328159722,3436,0.5391539,35.128055878929096,not_significant
P15,Rod,Eml4,-0.57536715,-0.023155767,0.5650430075329791,0.737687773274667,0.24970896391152503,4510,0.3913812,25.742793791574105,3436,0.38621128,24.97089639115258,not_significant
P15,Rod,Pcf11,-0.5788366,-0.034745898,0.5626994080200769,0.736175518199925,0.31868451688009314,4510,0.4843526,32.70509977827098,3436,0.4751752,31.868451688009408,not_significant
P15,Rod,Tjp1,-0.57904875,-0.00448373,0.5625562916697939,0.7361678332561051,0.7694994179278231,4510,1.7081233,76.23059866962753,3436,1.7055761,76.94994179277741,not_significant
P15,Rod,Stk40,-0.5810127,-0.07547236,0.5612318699838159,0.7351986536604301,0.15395809080325962,4510,0.22234978,15.787139689578778,3436,0.21213646,15.395809080326003,not_significant
P15,Rod,Gle1,-0.5827542,-0.052856464,0.5600587733404104,0.7341219402151842,0.11030267753201398,4510,0.16049112,11.485587583148702,3436,0.15514271,11.030267753201427,not_significant
P15,Rod,Terf1,-0.5841449,-0.04582639,0.5591228175322099,0.7331055471138533,0.2831781140861467,4510,0.43540716,28.89135254988925,3436,0.42430937,28.31781140861475,not_significant
P15,Rod,Ccdc90b,-0.58449006,-0.0632596,0.5588906510779734,0.7329803062059289,0.15454016298020953,4510,0.21872346,15.875831485587643,3436,0.2102595,15.454016298020997,not_significant
P15,Rod,Polr2f,-0.58572984,-0.04070555,0.5580570946211179,0.7324967693241891,0.14813736903376018,4510,0.20120294,15.32150776053223,3436,0.19611964,14.813736903376059,not_significant
P15,Rod,Polr3gl,-0.5893616,-0.009582408,0.5556187184387369,0.7302962033093322,0.12194412107101281,4510,0.16554911,12.771618625277325,3436,0.1645385,12.194412107101314,not_significant
P15,Rod,Cdh2,-0.5899738,-0.033807646,0.5552081988293323,0.7302378800881182,0.2430151338766007,4510,0.39259827,24.96674057649643,3436,0.38504958,24.301513387660144,not_significant
P15,Rod,Morc3,-0.5916204,-0.074670196,0.554104831051849,0.7294695178800327,0.1920838183934808,4510,0.28833407,19.57871396895781,3436,0.27561855,19.208381839348135,not_significant
P15,Rod,Zfp318,-0.59195936,-0.05585305,0.5538778105530968,0.7294379022358978,0.11466821885913853,4510,0.1638743,11.906873614190843,3436,0.15811786,11.466821885913884,not_significant
P15,Rod,Slc31a2,-0.5937623,-0.025862757,0.5526711232865131,0.7282063142492892,0.5162980209545984,4510,0.85980517,52.195121951221765,3436,0.8495044,51.62980209545969,not_significant
P15,Rod,Pcsk7,-0.5964287,-0.04931925,0.5508888924317796,0.7260363683056673,0.12689173457508732,4510,0.18516171,13.148558758315007,3436,0.1794648,12.689173457508765,not_significant
P15,Rod,Usp31,-0.5970596,-0.08622033,0.5504676005636053,0.7256594272359742,0.09953434225844005,4510,0.14295387,10.332594235033369,3436,0.13519621,9.953434225844031,not_significant
P15,Rod,Ermard,-0.5985868,-0.06519949,0.549448442976882,0.7246721042852212,0.09837019790454016,4510,0.14652175,10.266075388026714,3436,0.14048119,9.837019790454042,not_significant
P15,Rod,Arfrp1,-0.5987115,-0.056136217,0.5493653021616034,0.7246721042852212,0.10157159487776485,4510,0.14231718,10.576496674057765,3436,0.13724193,10.15715948777651,not_significant
P15,Rod,Anp32b,-0.6002927,0.0015002792,0.5483111926329005,0.72388413420696,0.17171129220023282,4510,0.2377742,17.937915742793784,3436,0.23799443,17.17112922002333,not_significant
P15,Rod,Tor1aip1,-0.6014309,-0.04313257,0.5475530327654718,0.7232392188510197,0.2217694994179278,4510,0.3344206,22.815964523281426,3436,0.32601276,22.17694994179285,not_significant
P15,Rod,Lmbr1l,-0.6014963,-0.038314372,0.5475095030283732,0.7232392188510197,0.21449359720605354,4510,0.31732142,22.12860310421271,3436,0.31017,21.44935972060542,not_significant
P15,Rod,Sfxn2,-0.60176724,-0.039751336,0.5473290657602894,0.7232392188510197,0.22438882421420256,4510,0.3390564,23.015521064301375,3436,0.33121052,22.438882421420324,not_significant
P15,Rod,Rnf145,-0.6018877,-0.020431856,0.547248907309792,0.7232392188510197,0.22438882421420256,4510,0.33450833,23.259423503325756,3436,0.33050245,22.438882421420324,not_significant
P15,Rod,G3bp2,-0.60307485,-0.04575014,0.5464588996395343,0.723040339828925,0.23370197904540163,4510,0.3401539,24.057649667405553,3436,0.3311129,23.370197904540234,not_significant
P15,Rod,Megf9,-0.60376,-0.045347605,0.5460032262822259,0.7227115810403723,0.1050640279394645,4510,0.15899023,10.953436807095471,3436,0.15443125,10.506402793946478,not_significant
P15,Rod,Ciz1,-0.6102419,-0.090066575,0.5417015730852148,0.7185946169005072,0.13125727590221187,4510,0.19062294,13.525498891352688,3436,0.18006362,13.125727590221222,not_significant
P15,Rod,Mapkap1,-0.61041605,-0.036956195,0.5415862200837367,0.7185946169005072,0.3317811408614668,4510,0.52038586,33.94678492239526,3436,0.51007175,33.178114086146785,not_significant
P15,Rod,Cul9,-0.6104772,-0.039244525,0.5415457333629665,0.7185946169005072,0.20430733410942956,4510,0.30796832,21.019955654101885,3436,0.3008297,20.430733410943017,not_significant
P15,Rod,Med16,-0.6119321,-0.0505105,0.5405826868778301,0.7185946169005072,0.14639115250291035,4510,0.20553134,15.121951219512281,3436,0.19911875,14.639115250291077,not_significant
P15,Rod,Hdac2,-0.61454827,-0.042860895,0.5388530761612008,0.716709382252355,0.16094295692665891,4510,0.22422162,16.651884700665224,3436,0.21832451,16.094295692665934,not_significant
P15,Rod,Ppp6r3,-0.6150451,-0.036029823,0.5385249700901313,0.7166082707922264,0.389988358556461,4510,0.6220826,39.82261640798338,3436,0.6105934,38.99883585564622,not_significant
P15,Rod,Aak1,-0.6155982,-0.025323665,0.5381597481489571,0.716299972474195,0.6219441210710128,4510,1.1510801,63.08203991131146,3436,1.1391125,62.194412107099154,not_significant
P15,Rod,Sec24a,-0.6157379,-0.059542485,0.5380675271499598,0.716299972474195,0.19470314318975554,4510,0.29479873,19.88913525498884,3436,0.2844221,19.47031431897561,not_significant
P15,Rod,Tmem87a,-0.6179952,-0.06842787,0.5365785090744587,0.714904898826477,0.20081490104772992,4510,0.30217057,20.509977827050903,3436,0.29001638,20.08149010477305,not_significant
P15,Rod,A430035B10Rik,-0.6188081,-0.024536962,0.5360428056717765,0.714368598664201,0.5974970896391153,4510,1.0734938,60.509977827054016,3436,1.0623327,59.74970896390985,not_significant
P15,Rod,Glul,-0.6203708,-0.047921777,0.5350136938103021,0.7135289541517802,0.11757857974388825,4510,0.173776,12.239467849224111,3436,0.16855067,11.757857974388857,not_significant
P15,Rod,Cryzl1,-0.6219185,-0.022138268,0.5339954603744199,0.7123480849162867,0.21856810244470315,4510,0.3206759,22.72727272727256,3436,0.31648925,21.856810244470378,not_significant
P15,Rod,Afdn,-0.62222666,-0.07676493,0.5337928286226686,0.7122549086397997,0.22351571594877764,4510,0.33675632,22.705099778270345,3436,0.3218296,22.351571594877832,not_significant
P15,Rod,Casp8ap2,-0.6236458,-0.06716069,0.5328602392186865,0.7113644408086199,0.13416763678696159,4510,0.19677404,13.880266075388153,3436,0.1886161,13.416763678696194,not_significant
P15,Rod,Zfp961,-0.6243753,-0.053041786,0.5323811349230994,0.7109017694118758,0.1708381839348079,4510,0.25694168,17.671840354767184,3436,0.24872865,17.08381839348084,not_significant
P15,Rod,Pitpnm3,-0.6248409,-0.014570196,0.5320754901802291,0.7106705501311626,0.8556461001164144,4510,1.875591,85.43237250554854,3436,1.8670447,85.56461001163494,not_significant
P15,Rod,Ddx23,-0.625486,-0.009433682,0.5316521091406838,0.710397158145529,0.1629802095459837,4510,0.22791326,16.962305986696254,3436,0.22658402,16.298020954598417,not_significant
P15,Rod,Mbtps1,-0.626048,-0.042905685,0.5312834286385768,0.7103201174519755,0.22438882421420256,4510,0.32788625,23.082039911308026,3436,0.3196607,22.438882421420324,not_significant
P15,Rod,Arl4d,-0.6264614,-0.03622162,0.5310123391701873,0.7103117674086994,0.32537834691501744,4510,0.4959971,33.436807095344214,3436,0.48625454,32.53783469150184,not_significant
P15,Rod,Ankra2,-0.62731045,-0.06822504,0.530455764789393,0.7099213379067626,0.15715948777648428,4510,0.22297466,16.20842572062089,3436,0.21370022,15.715948777648473,not_significant
P15,Rod,Khdc4,-0.6276616,-0.05511028,0.5302256661779821,0.7097904849959311,0.19121071012805588,4510,0.28803787,19.64523281596446,3436,0.27861395,19.121071012805643,not_significant
P15,Rod,Pkn2,-0.6279858,-0.036082774,0.5300132477820767,0.7096832404151421,0.3279976717112922,4510,0.50955105,33.63636363636419,3436,0.49964076,32.79976717112932,not_significant
P15,Rod,Zmat2,-0.6299817,-0.039792605,0.5287065636590447,0.7084641537514653,0.15657741559953434,4510,0.21205704,16.274944567627543,3436,0.20684485,15.657741559953479,not_significant
P15,Rod,Rab40c,-0.6303871,-0.05637201,0.5284413113856417,0.7082856557402752,0.10040745052386496,4510,0.14665566,10.487804878048895,3436,0.14141476,10.040745052386523,not_significant
P15,Rod,Zfas1,-0.6306136,-0.012193707,0.5282931828668442,0.7082640922013878,0.09749708963911526,4510,0.13080499,10.266075388026714,3436,0.12977245,9.74970896391155,not_significant
P15,Rod,U2surp,-0.6310462,-0.036201958,0.5280103256511988,0.7080618466982576,0.4167636786961583,4510,0.6589028,42.43902439024526,3436,0.64687127,41.67636786961596,not_significant
P15,Rod,U2af2,-0.6319612,-0.052021228,0.5274122254846116,0.707613601175452,0.16443538998835855,4510,0.23357728,17.028824833702906,3436,0.2261726,16.4435389988359,not_significant
P15,Rod,Wdr19,-0.63336414,-0.04151943,0.5264958862154049,0.7067377211359939,0.11845168800931316,4510,0.1699595,12.394678492239636,3436,0.16551565,11.845168800931347,not_significant
P15,Rod,Csnk2a1,-0.6336985,-0.04297359,0.5262775745559733,0.7066215043600104,0.34720605355064027,4510,0.5200468,35.16629711751732,3436,0.50807446,34.72060535506413,not_significant
P15,Rod,Fam172a,-0.63549024,-0.034262776,0.5251087172256428,0.705581953707001,0.3361466821885914,4510,0.598313,34.6784922394685,3436,0.58768946,33.61466821885924,not_significant
P15,Rod,Tecpr2,-0.63800335,-0.06415032,0.5234715029460111,0.7037346220056149,0.1958672875436554,4510,0.29393962,20.02217294900214,3436,0.28280148,19.5867287543656,not_significant
P15,Rod,Eef2,-0.63888586,-0.056822084,0.5228971888938649,0.7036679681953566,0.2610593713620489,4510,0.39687666,26.585365853658438,3436,0.38414443,26.105937136204965,not_significant
P15,Rod,Sec22b,-0.63966286,-0.04303557,0.5223918014786371,0.7031642718021103,0.24476135040745053,4510,0.34721705,25.09977827050974,3436,0.33855826,24.476135040745124,not_significant
P15,Rod,Snrnp27,-0.63974303,-0.0388445,0.5223396679646546,0.7031642718021103,0.28346915017462165,4510,0.43118694,29.135254988913662,3436,0.42183858,28.346915017462248,not_significant
P15,Rod,Plekha5,-0.64059484,-0.049065705,0.5217859424440301,0.7027014298944959,0.22060535506402795,4510,0.3530082,22.616407982261478,3436,0.34301308,22.06053550640286,not_significant
P15,Rod,Mapk1,-0.6445419,-0.03921743,0.5192240936319669,0.700834936648684,0.2767753201396973,4510,0.41460547,28.381374722838203,3436,0.40546185,27.677532013969813,not_significant
P15,Rod,Dpy19l4,-0.6465489,-0.06732768,0.5179239234785387,0.699960676628592,0.12223515715948778,4510,0.1841248,12.705099778270675,3436,0.17642745,12.223515715948812,not_significant
P15,Rod,Zc3h6,-0.6468242,-0.060418744,0.5177457544117832,0.6998962264780254,0.1490104772991851,4510,0.22468784,15.45454545454553,3436,0.21640001,14.90104772991855,not_significant
P15,Rod,Gcn1,-0.64704543,-0.113902144,0.5176025250764451,0.6998789877766703,0.12747380675203726,4510,0.1894446,13.104212860310573,3436,0.17625652,12.74738067520376,not_significant
P15,Rod,Rbm34,-0.6481966,-0.07799884,0.5168577961815948,0.6992245192227173,0.10535506402793947,4510,0.14987691,10.975609756097688,3436,0.14252476,10.535506402793974,not_significant
P15,Rod,Rc3h1,-0.6485838,-0.029507887,0.5166074072532669,0.6990620919542189,0.19732246798603026,4510,0.29842287,20.46563192904647,3436,0.29318556,19.732246798603086,not_significant
P15,Rod,Nrf1,-0.65113413,-0.045556217,0.514959906310526,0.6970085635754886,0.35157159487776485,4510,0.57062715,35.76496674057724,3436,0.55701864,35.15715948777659,not_significant
P15,Rod,Gm11149,-0.6552223,-0.122694395,0.5123246305194986,0.6939669995218662,0.1108847497089639,4510,0.16339725,11.441241685144266,3436,0.15103081,11.08847497089642,not_significant
P15,Rod,Unk,-0.65593755,-0.05433503,0.5118643055352058,0.6935185993662147,0.13154831199068684,4510,0.19219407,13.702882483370422,3436,0.18571012,13.15483119906872,not_significant
P15,Rod,Tmem170b,-0.65733814,-0.07488212,0.5109635141917096,0.6931735685696333,0.13038416763678695,4510,0.18638456,13.503325942350472,3436,0.17774633,13.03841676367873,not_significant
P15,Rod,Mob1b,-0.6577781,-0.059922475,0.510680735242523,0.6929652071441673,0.15977881257275903,4510,0.22840421,16.496674057649706,3436,0.22006176,15.977881257275946,not_significant
P15,Rod,Ahdc1,-0.65810907,-0.049011353,0.5104680401350206,0.6928518641913589,0.16996507566938301,4510,0.25011104,17.605321507760536,3436,0.2426922,16.996507566938348,not_significant
P15,Rod,Nudt5,-0.65857726,-0.062236544,0.5101672654177163,0.6926188842573096,0.11670547147846333,4510,0.1692348,12.195121951219676,3436,0.1626395,11.670547147846365,not_significant
P15,Rod,Pcyt1b,-0.6585969,-0.027074408,0.5101546660973049,0.6926188842573096,0.11175785797438882,4510,0.16376363,11.751662971175318,3436,0.16095121,11.175785797438913,not_significant
P15,Rod,Hira,-0.65892804,-0.07167252,0.5099419680646935,0.6926188842573096,0.15541327124563445,4510,0.2414123,16.053215077605376,3436,0.23096278,15.54132712456349,not_significant
P15,Rod,Mfsd8,-0.6591045,-0.07391795,0.5098286555286005,0.6926188842573096,0.11146682188591385,4510,0.16079074,11.596452328159792,3436,0.15334465,11.146682188591415,not_significant
P15,Rod,Zwint,-0.6605304,-0.07590541,0.5089135068725517,0.6917922075175791,0.12136204889406287,4510,0.17219552,12.61640798226181,3436,0.16405487,12.13620488940632,not_significant
P15,Rod,Gm42716,-0.66405904,-0.018723529,0.5066525078290558,0.6893665761263931,0.11874272409778813,4510,0.17607543,12.527716186252944,3436,0.17399144,11.874272409778845,not_significant
P15,Rod,Appl1,-0.6655407,-0.052803244,0.5057047064955544,0.6883024728856011,0.31461001164144353,4510,0.4892177,32.21729490022215,3436,0.4752157,31.46100116414445,not_significant
P15,Rod,Ndufa2,-0.6657667,-0.04804887,0.5055602246688673,0.6882804683055341,0.3242142025611176,4510,0.54480463,33.082039911308705,3436,0.53094965,32.42142025611186,not_significant
P15,Rod,Naa15,-0.66599447,-0.03371625,0.5054146193899511,0.6882569226726829,0.24941792782305006,4510,0.38227218,25.609756097560787,3436,0.37490675,24.94179278230508,not_significant
P15,Rod,Rictor,-0.66637653,-0.026148709,0.5051704782979975,0.6880991481946315,0.3713620488940629,4510,0.5908322,37.716186252772545,3436,0.5827863,37.1362048894064,not_significant
P15,Rod,Tox4,-0.6669576,-0.06303338,0.5047991876709776,0.6877680575735646,0.17433061699650756,4510,0.2557161,18.004434589800432,3436,0.24602301,17.433061699650807,not_significant
P15,Rod,2310015A10Rik,-0.6673523,-0.05416828,0.5045471279296647,0.6875992871480492,0.14580908032596043,4510,0.21267246,15.166297117516713,3436,0.20558746,14.580908032596081,not_significant
P15,Rod,Pms1,-0.66749036,-0.05062716,0.5044589710941151,0.6875992871480492,0.16763678696158324,4510,0.25966743,17.339246119733936,3436,0.25175008,16.763678696158372,not_significant
P15,Rod,Slc30a7,-0.6727218,-0.06274826,0.5011242982159396,0.6846741557896842,0.10244470314318975,4510,0.15297647,10.73170731707329,3436,0.14692073,10.244470314319003,not_significant
P15,Rod,Fbxo34,-0.67333716,-0.08356658,0.5007328293679041,0.6846439614873866,0.12951105937136204,4510,0.18835978,13.414634146341605,3436,0.17865056,12.951105937136239,not_significant
P15,Rod,Mtmr1,-0.67351174,-0.04148163,0.5006217775664602,0.6846439614873866,0.19528521536670548,4510,0.28652915,20.243902439024307,3436,0.27944258,19.528521536670603,not_significant
P15,Rod,Srrt,-0.67417985,-0.038686387,0.5001969605498875,0.6844529298015073,0.14144353899883585,4510,0.1990112,14.789356984479033,3436,0.19422513,14.144353899883624,not_significant
P15,Rod,Dhx15,-0.67601717,-0.02352887,0.49902975069895217,0.6833790101478631,0.27648428405122233,4510,0.40724435,28.603104212860398,3436,0.40181845,27.648428405122317,not_significant
P15,Rod,Uqcc1,-0.6776266,-0.07075305,0.4980084639662681,0.6825031682971544,0.16239813736903377,4510,0.2428691,16.829268292682954,3436,0.2324958,16.23981373690342,not_significant
P15,Rod,Rabac1,-0.67811424,-0.053872496,0.4976992633209113,0.6822537307573137,0.31257275902211873,4510,0.47593302,31.8181818181822,3436,0.4619557,31.257275902211966,not_significant
P15,Rod,Kras,-0.6799557,-0.03307207,0.4965325164203003,0.6811765775136805,0.46944121071012807,4510,0.7705136,47.893569844791216,3436,0.75826347,46.94412107101295,not_significant
P15,Rod,Dnajc13,-0.68027157,-0.057965033,0.49633251198273975,0.6810763863585101,0.2668800931315483,4510,0.41069064,27.272727272727238,3436,0.39733738,26.688009313154907,not_significant
P15,Rod,Mrps9,-0.68224555,-0.09785082,0.49508368271448344,0.6797104873510339,0.14813736903376018,4510,0.21776636,15.232815964523363,3436,0.20485084,14.813736903376059,not_significant
P15,Rod,Map4k4,-0.6846624,-0.06545666,0.4935569766302592,0.6783088963988497,0.18044237485448195,4510,0.27304256,18.580931263858062,3436,0.2623871,18.044237485448246,not_significant
P15,Rod,Atg10,-0.6878919,-0.075658105,0.4915208416367842,0.6758569070852886,0.18480791618160652,4510,0.3052956,18.93569844789353,3436,0.2917628,18.480791618160705,not_significant
P15,Rod,Mga,-0.68806446,-0.03627553,0.49141219460822383,0.6758569070852886,0.34866123399301513,4510,0.5564458,36.20842572062163,3436,0.5457929,34.86612339930162,not_significant
P15,Rod,Gm16168,-0.68861353,-0.11137638,0.491066518143058,0.6758351939522947,0.10477299185098952,4510,0.15808384,10.886917960088818,3436,0.14716087,10.47729918509898,not_significant
P15,Rod,Mfsd14a,-0.69087803,-0.0771502,0.4896421789289469,0.6743108209948321,0.11059371362048893,4510,0.16010702,11.574279379157574,3436,0.15237325,11.059371362048925,not_significant
P15,Rod,Rrp1b,-0.69305855,-0.047341924,0.4882728156544214,0.6731162639862032,0.3629220023282887,4510,0.57241815,37.64966740576588,3436,0.55824715,36.29220023282898,not_significant
P15,Rod,Otud6b,-0.6931459,-0.05222564,0.4882179953486484,0.6731162639862032,0.15017462165308498,4510,0.20976648,15.676274944567695,3436,0.20301634,15.01746216530854,not_significant
P15,Rod,Chsy1,-0.69399315,-0.03947456,0.4876865186783589,0.6728267711395878,0.4074505238649593,4510,0.6608444,41.92904656319422,3436,0.6477057,40.74505238649605,not_significant
P15,Rod,Rps6kb1,-0.6948943,-0.04890911,0.4871215526756272,0.6722409744776998,0.3349825378346915,4510,0.51884675,34.05764966740635,3436,0.5052623,33.49825378346925,not_significant
P15,Rod,Wdr75,-0.6967758,-0.061376896,0.4859431158926144,0.6711119654088527,0.10942956926658906,4510,0.15618892,11.485587583148702,3436,0.15014787,10.942956926658935,not_significant
P15,Rod,Rap1gds1,-0.69745225,-0.034610353,0.48551980479395185,0.6708728060058623,0.37747380675203723,4510,0.64829016,38.95787139689683,3436,0.63691676,37.74738067520384,not_significant
P15,Rod,Zer1,-0.6976293,-0.055483654,0.4854090808789593,0.6708728060058623,0.18335273573923166,4510,0.27241758,19.04656319290461,3436,0.26337984,18.33527357392322,not_significant
P15,Rod,Snd1,-0.6981967,-0.051689494,0.4850541658824544,0.6707477560694729,0.2892898719441211,4510,0.45643535,29.667405764966926,3436,0.44345388,28.928987194412194,not_significant
P15,Rod,Gnao1,-0.69838786,-0.09445526,0.4849346831216854,0.6707477560694729,0.1169965075669383,4510,0.17855166,12.172949002217457,3436,0.1681346,11.699650756693861,not_significant
P15,Rod,Cnot6l,-0.69869864,-0.039380908,0.4847403706911123,0.6706596204248456,0.42491268917345754,4510,0.6955426,43.858093126387296,3436,0.68195367,42.491268917345884,not_significant
P15,Rod,Gmeb1,-0.6991682,-0.0759444,0.4844469138652704,0.6705731131931113,0.14289871944121071,4510,0.21179414,14.833702882483465,3436,0.20195822,14.28987194412111,not_significant
P15,Rod,Armc8,-0.7012357,-0.049614828,0.4831559400017067,0.6693306978742652,0.27939464493597205,4510,0.429237,28.713968957871494,3436,0.41736904,27.93946449359729,not_significant
P15,Rod,Slc25a46,-0.7013785,-0.10023226,0.48306682240142806,0.6693306978742652,0.13474970896391153,4510,0.19455935,13.96895787139702,3436,0.1826218,13.47497089639119,not_significant
P15,Rod,Ybx3,-0.7013974,0.017035507,0.4830550343240655,0.6693306978742652,0.9022118742724098,4510,2.071982,88.71396895787701,3436,2.0823076,90.2211874272336,not_significant
P15,Rod,Tada2a,-0.7019943,-0.050268527,0.4826827238068574,0.6691936238045962,0.18044237485448195,4510,0.26775303,18.758314855875796,3436,0.2596765,18.044237485448246,not_significant
P15,Rod,2700062C07Rik,-0.7025994,-0.07567775,0.48230544018601285,0.6688434284275525,0.11059371362048893,4510,0.15743832,11.574279379157574,3436,0.14996615,11.059371362048925,not_significant
P15,Rod,Prkdc,-0.70411515,-0.056453478,0.48136107637983616,0.6680519569732061,0.17112922002328287,4510,0.26956964,17.78270509977827,3436,0.26046073,17.112922002328336,not_significant
P15,Rod,Elmod2,-0.70444846,-0.08112293,0.4811535452319404,0.6679367537847123,0.17229336437718276,4510,0.24580128,17.671840354767184,3436,0.23381385,17.229336437718327,not_significant
P15,Rod,Dtd1,-0.70614064,-0.07167207,0.48010066409333607,0.6669929972019307,0.13533178114086147,4510,0.20749247,14.079822616408103,3436,0.1983693,13.533178114086184,not_significant
P15,Rod,Rnf38,-0.7077584,-0.059237532,0.47909527551652553,0.6661138045284196,0.12281722933643772,4510,0.18385027,12.838137472283975,3436,0.17707118,12.281722933643806,not_significant
P15,Rod,Atrnl1,-0.7084141,-0.033927538,0.47868814516267455,0.6657203035137637,0.30384167636786963,4510,0.53075546,31.263858093126718,3436,0.52113724,30.38416763678705,not_significant
P15,Rod,Cdc37,-0.70995855,-0.08012395,0.47772984504079297,0.6647322668738816,0.15017462165308498,4510,0.2018598,15.565410199556611,3436,0.19193584,15.01746216530854,not_significant
P15,Rod,Txndc16,-0.71440655,-0.060174935,0.4749758232787157,0.6615866829569024,0.2371944121071013,4510,0.367881,24.41241685144102,3436,0.3552268,23.719441210710198,not_significant
P15,Rod,Sppl2a,-0.7154727,-0.08280295,0.4743169880091678,0.6610122950587624,0.13562281722933645,4510,0.20254463,14.079822616408103,3436,0.19226511,13.562281722933681,not_significant
P15,Rod,1500004A13Rik,-0.7168566,-0.073710985,0.4734625883985496,0.6599930676116996,0.13067520372526192,4510,0.19529597,13.636363636363772,3436,0.18641987,13.067520372526229,not_significant
P15,Rod,Esf1,-0.7179769,-0.04107021,0.472771504462122,0.6592010267571673,0.20634458672875436,4510,0.31547588,21.352549889135133,3436,0.30785367,20.634458672875496,not_significant
P15,Rod,Galnt1,-0.71823806,-0.052095786,0.4726105164936495,0.6591478966385689,0.22555296856810245,4510,0.34002006,23.281596452327975,3436,0.32974455,22.555296856810312,not_significant
P15,Rod,Gsr,-0.72040325,-0.09283367,0.47127673860452124,0.6581433027530986,0.10855646100116415,4510,0.15666729,11.352549889135394,3436,0.14758895,10.855646100116443,not_significant
P15,Rod,Atpif1,-0.7208205,-0.0503896,0.47101995144742426,0.6579559946781207,0.21129220023282888,4510,0.31337124,21.796008869179463,3436,0.30409428,21.12922002328295,not_significant
P15,Rod,Nfx1,-0.720835,-0.069229595,0.47101107273934684,0.6579559946781207,0.24941792782305006,4510,0.37700507,25.410199556540814,3436,0.36218005,24.94179278230508,not_significant
P15,Rod,Nme1,-0.7217089,-0.07892082,0.4704734828640079,0.6577064795628195,0.10681024447031431,4510,0.14865796,11.197339246119869,3436,0.14127718,10.68102444703146,not_significant
P15,Rod,Slc25a42,-0.7230273,-0.08688364,0.46966310117263677,0.6569787120241655,0.10389988358556461,4510,0.15475267,10.8647450110866,3436,0.14633776,10.389988358556488,not_significant
P15,Rod,Homer1,-0.72454464,-0.029762493,0.4687314197375837,0.6562973989747843,0.1009895227008149,4510,0.14470261,10.665188470066637,3436,0.14194807,10.098952270081517,not_significant
P15,Rod,Snhg8,-0.7256243,-0.056140862,0.4680690928160599,0.6562128406868434,0.29423748544819556,4510,0.45469132,30.310421286031286,3436,0.4406487,29.423748544819645,not_significant
P15,Rod,Cog5,-0.7260352,-0.039190732,0.4678172017874128,0.6562128406868434,0.36554132712456344,4510,0.6178693,37.76053215077698,3436,0.6054405,36.55413271245646,not_significant
P15,Rod,Cdc5l,-0.72606075,-0.03915087,0.46780151406701487,0.6562128406868434,0.20430733410942956,4510,0.29835337,21.263858093126267,3436,0.29142284,20.430733410943017,not_significant
P15,Rod,Tmem218,-0.72639596,-0.057569504,0.4675960492752629,0.6562128406868434,0.2191501746216531,4510,0.31271967,22.66075388026591,3436,0.30215907,21.915017462165373,not_significant
P15,Rod,Rlf,-0.72678906,-0.050896578,0.4673551909636581,0.6562128406868434,0.36321303841676367,4510,0.5778793,36.98447893569931,3436,0.5625473,36.321303841676475,not_significant
P15,Rod,2700049A03Rik,-0.7286818,-0.05638226,0.4661963165595665,0.6551420073422883,0.199941792782305,4510,0.31150177,20.66518847006642,3436,0.30119026,19.994179278230558,not_significant
P15,Rod,Tmem263,-0.72907245,-0.05264791,0.4659573342609119,0.6549777623101498,0.0989522700814901,4510,0.13421273,10.443458980044458,3436,0.12970182,9.895227008149037,not_significant
P15,Rod,Ryk,-0.7292756,-0.043977052,0.4658330965662234,0.6549777623101498,0.2732828870779977,4510,0.41205454,28.137472283813793,3436,0.401864,27.328288707799846,not_significant
P15,Rod,Dcaf5,-0.7304908,-0.07362788,0.4650902467843523,0.6544449327784013,0.18277066356228172,4510,0.27903593,18.824833702882447,3436,0.26684743,18.277066356228225,not_significant
P15,Rod,Tram1,-0.731799,-0.05275831,0.4642912500016204,0.6538008123084887,0.13824214202561116,4510,0.1900065,14.434589800443568,3436,0.18377315,13.824214202561155,not_significant
P15,Rod,Fbxo3,-0.73202,-0.07873433,0.46415636573984287,0.6538008123084887,0.12572759022118743,4510,0.17721333,13.12638580931279,3436,0.16855049,12.572759022118776,not_significant
P15,Rod,Zbtb38,-0.7330949,-0.048658315,0.4635005613839581,0.6535796559578211,0.2229336437718277,4510,0.32487708,23.015521064301375,3436,0.31563494,22.293364377182836,not_significant
P15,Rod,Fam114a2,-0.73322326,-0.046346158,0.4634222648277332,0.6535796559578211,0.24126891734575087,4510,0.3534368,24.878048780487568,3436,0.3439798,24.12689173457516,not_significant
P15,Rod,Pgrmc1,-0.7341043,-0.08123328,0.46288518966513226,0.6530894953867046,0.15075669383003493,4510,0.20772432,15.609756097561045,3436,0.19740154,15.075669383003534,not_significant
P15,Rod,Wipi1,-0.73581237,-0.047462143,0.46184489804560047,0.6520411925960146,0.09837019790454016,4510,0.13959391,10.376940133037804,3436,0.13536853,9.837019790454042,not_significant
P15,Rod,Ccdc57,-0.74068683,-0.10699843,0.4588833452747073,0.6494280466644062,0.17258440046565773,4510,0.27521542,17.716186252771617,3436,0.2578677,17.258440046565823,not_significant
P15,Rod,St7l,-0.7411732,-0.05158135,0.4585884373256711,0.6492130846700712,0.19062863795110593,4510,0.28963006,19.844789356984407,3436,0.28075904,19.062863795110648,not_significant
P15,Rod,Smarca5,-0.7417215,-0.036454856,0.45825607203376184,0.6489138253403111,0.3617578579743888,4510,0.5660881,37.139689578714844,3436,0.5552438,36.17578579743899,not_significant
P15,Rod,Rnf20,-0.7418765,-0.058653887,0.4581621687518235,0.6489138253403111,0.18247962747380675,4510,0.2665938,18.93569844789353,3436,0.2572267,18.24796274738073,not_significant
P15,Rod,Sgtb,-0.74267733,-0.068035156,0.4576770740359576,0.6484362982379495,0.2150756693830035,4510,0.31170908,22.106430155210496,3436,0.2992965,21.507566938300414,not_significant
P15,Rod,Senp7,-0.74574035,-0.05121538,0.45582427115276214,0.6461525873317696,0.3189755529685681,4510,0.50956607,32.749445676275414,3436,0.49554384,31.897555296856904,not_significant
P15,Rod,Higd1a,-0.745864,-0.061057597,0.4557496051295403,0.6461525873317696,0.26775320139697323,4510,0.40221533,27.405764966740552,3436,0.38839775,26.7753201396974,not_significant
P15,Rod,Gmcl1,-0.7470849,-0.051217142,0.4550123091284328,0.645342682751167,0.3309080325960419,4510,0.53418195,33.96895787139748,3436,0.51964194,33.09080325960429,not_significant
P15,Rod,Thap2,-0.7487706,-0.022250041,0.4539954816931012,0.6440708182496152,0.15832363213038417,4510,0.22916831,16.67405764966744,3436,0.2260288,15.83236321303846,not_significant
P15,Rod,Snx19,-0.7491178,-0.088953,0.4537862117262572,0.6440708182496152,0.10448195576251455,4510,0.15215938,10.953436807095471,3436,0.14368354,10.448195576251482,not_significant
P15,Rod,Uvssa,-0.74928904,-0.07768183,0.4536830032583725,0.6440708182496152,0.11874272409778813,4510,0.17676823,12.461197339246292,3436,0.16823842,11.874272409778845,not_significant
P15,Rod,Pdap1,-0.7496896,-0.048368596,0.45344169656955735,0.6440708182496152,0.21682188591385332,4510,0.31455064,22.41685144124153,3436,0.30561253,21.682188591385394,not_significant
P15,Rod,Rspry1,-0.7525717,-0.056204755,0.4517073439094159,0.6418432298622799,0.17724097788125728,4510,0.26989636,18.425720620842547,3436,0.2608174,17.72409778812578,not_significant
P15,Rod,Tial1,-0.75302565,-0.034454964,0.45143448644283724,0.6417298733905398,0.2788125727590221,4510,0.42175683,29.068736141907003,3436,0.41360337,27.881257275902293,not_significant
P15,Rod,Exoc1,-0.7539586,-0.08498192,0.4508740946353308,0.6415089240381736,0.1330034924330617,4510,0.1947022,13.858093126385937,3436,0.18453002,13.300349243306206,not_significant
P15,Rod,Sik2,-0.75578254,-0.039261453,0.4497795936367657,0.6402691471135789,0.48544819557625146,4510,0.8961945,50.554323725057536,3436,0.8801755,48.544819557625296,not_significant
P15,Rod,Ptpn21,-0.756359,-0.051478855,0.44943398814628377,0.6401391164144095,0.2712456344586729,4510,0.41102982,27.960088691796038,3436,0.39914528,27.124563445867366,not_significant
P15,Rod,Stk4,-0.75638473,-0.093845144,0.4494185727882746,0.6401391164144095,0.11030267753201398,4510,0.15921384,11.529933481153137,3436,0.14990106,11.030267753201427,not_significant
P15,Rod,Hlcs,-0.7578999,-0.10267035,0.44851093818103616,0.6391638343260038,0.11175785797438882,4510,0.16742077,11.685144124168662,3436,0.1567748,11.175785797438913,not_significant
P15,Rod,Gm20732,-0.75790954,-0.039848965,0.4485051354092018,0.6391638343260038,0.2479627473806752,4510,0.3845106,25.78713968957854,3436,0.375776,24.796274738067595,not_significant
P15,Rod,Metap1d,-0.76058286,-0.03304516,0.4469062406512365,0.6375545411843704,0.16268917345750872,4510,0.24780804,17.006651884700688,3436,0.24282528,16.268917345750918,not_significant
P15,Rod,Mrpl33,-0.760872,-0.06251034,0.44673352429568847,0.637477686704462,0.1888824214202561,4510,0.2709366,19.556541019955592,3436,0.26082164,18.888242142025664,not_significant
P15,Rod,Fubp3,-0.76089215,-0.06434078,0.4467214915486085,0.637477686704462,0.09837019790454016,4510,0.14133495,10.399113082040023,3436,0.1355694,9.837019790454042,not_significant
P15,Rod,Dlat,-0.76124084,-0.07816895,0.44651322930214365,0.637477686704462,0.18975552968568102,4510,0.2817586,19.51219512195116,3436,0.26872388,18.975552968568156,not_significant
P15,Rod,Gm12709,-0.7615811,-0.06644534,0.4463100453433778,0.6373820775351114,0.1612339930151339,4510,0.23437177,16.829268292682954,3436,0.22492279,16.123399301513434,not_significant
P15,Rod,Rbm10,-0.76177305,-0.07279241,0.44619548104037055,0.6373820775351114,0.19121071012805588,4510,0.283323,19.800443458979974,3436,0.2711089,19.121071012805643,not_significant
P15,Rod,Tln2,-0.7629059,-0.045595624,0.445519517816904,0.636761708918165,0.4767171129220023,4510,0.81330156,48.31485587583339,3436,0.79583347,47.67171129220038,not_significant
P15,Rod,Abhd10,-0.7641552,-0.09569262,0.4447747515617976,0.636036194982,0.12048894062863795,4510,0.17207696,12.594235033259594,3436,0.16187961,12.048894062863829,not_significant
P15,Rod,Camta2,-0.76460046,-0.046986874,0.44450949016833696,0.6359959736630993,0.3029685681024447,4510,0.45728508,31.019955654102304,3436,0.4454553,30.29685681024456,not_significant
P15,Rod,Svop,-0.7647672,-0.04169739,0.4444101721864211,0.6359959736630993,0.340512223515716,4510,0.554445,35.07760532150844,3436,0.5422462,34.051222351571695,not_significant
P15,Rod,Ythdc1,-0.764788,-0.042228285,0.44439782832948693,0.6359959736630993,0.4729336437718277,4510,0.789293,49.046563192906625,3436,0.773422,47.29336437718292,not_significant
P15,Rod,Zfp672,-0.76619893,-0.121016696,0.4435579364897908,0.6354820436247964,0.10011641443538999,4510,0.14281154,10.487804878048895,3436,0.13204578,10.011641443539025,not_significant
P15,Rod,Stt3b,-0.76696306,-0.07471462,0.4431034676162461,0.6351702299020695,0.16880093131548313,4510,0.24165832,17.45011086474502,3436,0.23076431,16.88009313154836,not_significant
P15,Rod,Ubr2,-0.76986635,-0.044714544,0.4413791942292279,0.6338691651647024,0.3277066356228172,4510,0.51812816,34.013303769401915,3436,0.5057112,32.77066356228182,not_significant
P15,Rod,Polr3a,-0.7707534,-0.06839195,0.4408531143361961,0.6336377559751758,0.11437718277066357,4510,0.16655014,12.017738359201932,3436,0.15942134,11.437718277066388,not_significant
P15,Rod,Rps6ka2,-0.77128613,-0.048486955,0.44053733437660003,0.6334584171569522,0.37485448195576254,4510,0.6207828,38.181818181819146,3436,0.60537934,37.48544819557637,not_significant
P15,Rod,Timm9,-0.77135164,-0.03793193,0.4404985305525907,0.6334584171569522,0.13678696158323633,4510,0.19502594,14.434589800443568,3436,0.19041742,13.67869615832367,not_significant
P15,Rod,Sv2b,-0.77265996,-0.032870915,0.4397236542757501,0.6326925111413958,0.8020954598370198,4510,1.7004815,80.75388026608027,3436,1.6818964,80.20954598369647,not_significant
P15,Rod,Smarcad1,-0.77286714,-0.06696237,0.43960101093571513,0.632685758695781,0.16356228172293363,4510,0.24293816,17.006651884700688,3436,0.23310784,16.35622817229341,not_significant
P15,Rod,Sft2d3,-0.77393407,-0.06849129,0.43896977799320414,0.6319468301544677,0.1559953434225844,4510,0.22505917,16.274944567627543,3436,0.2156711,15.599534342258483,not_significant
P15,Rod,Tbl1x,-0.7740678,-0.044293147,0.43889067613379906,0.6319468301544677,0.309953434225844,4510,0.5086291,31.707317073171104,3436,0.49650168,30.995343422584494,not_significant
P15,Rod,Mfsd14b,-0.77592456,-0.09101209,0.43779353122218945,0.631318708673011,0.1009895227008149,4510,0.14458516,10.620842572062202,3436,0.13632101,10.098952270081517,not_significant
P15,Rod,Rpl36a,-0.77622825,-0.08389173,0.43761421369162656,0.631318708673011,0.2660069848661234,4510,0.43067026,27.006651884700606,3436,0.4107048,26.600698486612416,not_significant
P15,Rod,E130308A19Rik,-0.77895,-0.03802159,0.4360091807089418,0.6300979147350669,0.3393480791618161,4510,0.5798028,34.90022172949069,3436,0.56829184,33.93480791618171,not_significant
P15,Rod,Tdg,-0.78022164,-0.058654137,0.4352604235179671,0.6294788114721962,0.17142025611175785,4510,0.23761556,17.8270509977827,3436,0.2291539,17.142025611175836,not_significant
P15,Rod,Ccser2,-0.7832916,-0.067793034,0.43345591775543724,0.6278848346854349,0.1362048894062864,4510,0.20036303,14.235033259423618,3436,0.19199345,13.620488940628675,not_significant
P15,Rod,Pop5,-0.7843348,-0.033186413,0.4328436946056047,0.6273368219033946,0.14668218859138532,4510,0.19827068,15.45454545454553,3436,0.19417228,14.668218859138573,not_significant
P15,Rod,Acaa1a,-0.78475505,-0.057783622,0.4325971843009597,0.6271489990784723,0.2121653084982538,4510,0.30518615,22.01773835920163,3436,0.29480645,21.21653084982544,not_significant
P15,Rod,Ints4,-0.78632027,-0.054558635,0.43167986683652093,0.6261576002463759,0.14930151338766007,4510,0.2251828,15.654101995565478,3436,0.21767199,14.930151338766048,not_significant
P15,Rod,Micu3,-0.7915,-0.06089401,0.4286522779238289,0.622439312069144,0.2639697322467986,4510,0.4044862,27.073170731707265,3436,0.39064163,26.396973224679936,not_significant
P15,Rod,Tln1,-0.79214585,-0.060013875,0.4282756295576805,0.6220607844428374,0.11030267753201398,4510,0.15250818,11.640798226164227,3436,0.14672825,11.030267753201427,not_significant
P15,Rod,Rbm33,-0.79267794,-0.0412374,0.4279654922920708,0.6218652582035908,0.3311990686845169,4510,0.5224566,34.21286031042189,3436,0.5109236,33.119906868451785,not_significant
P15,Rod,Gm48552,-0.79398704,-0.060523584,0.42720299292783503,0.6210850131810566,0.27648428405122233,4510,0.41163266,28.381374722838203,3436,0.39767298,27.648428405122317,not_significant
P15,Rod,Txlng,-0.7947816,-0.059117295,0.42674054934173866,0.6210513927266469,0.09924330616996507,4510,0.14694566,10.53215077605333,3436,0.14144376,9.924330616996533,not_significant
P15,Rod,Zswim5,-0.7956249,-0.065408364,0.4262500952253867,0.620873464430298,0.11903376018626309,4510,0.19459535,12.527716186252944,3436,0.18672627,11.903376018626343,not_significant
P15,Rod,Cnep1r1,-0.79667103,-0.058333423,0.4256421130638963,0.6202510987434773,0.12834691501746218,4510,0.18482655,13.525498891352688,3436,0.1781169,12.834691501746251,not_significant
P15,Rod,Dmd,-0.79733443,-0.03275314,0.42525682728641,0.6198580493381259,0.989813736903376,4510,4.05513,99.2682926829334,3436,4.0328207,98.98137369032858,not_significant
P15,Rod,Rcan3,-0.79742444,-0.07447088,0.4252045738970365,0.6198580493381259,0.12077997671711292,4510,0.16879377,12.68292682926846,3436,0.16094911,12.077997671711325,not_significant
P15,Rod,Slc30a9,-0.7990418,-0.044660874,0.42426618022873086,0.6189186268009008,0.2779394644935972,4510,0.41936907,28.84700665188481,3436,0.40887257,27.7939464493598,not_significant
P15,Rod,Ppp1r9a,-0.7990485,-0.042817872,0.4242622987050362,0.6189186268009008,0.5922584400465658,4510,1.1769533,60.55432372505846,3436,1.1565161,59.225844004655,not_significant
P15,Rod,Ak3,-0.7999561,-0.11520768,0.42373624369917406,0.6185749726802874,0.09924330616996507,4510,0.14145924,10.42128603104224,3436,0.13128342,9.924330616996533,not_significant
P15,Rod,Cmpk1,-0.8008101,-0.08182136,0.42324158180325067,0.618096336725466,0.14871944121071012,4510,0.20457949,15.498891352549963,3436,0.19432652,14.871944121071055,not_significant
P15,Rod,Washc5,-0.8010682,-0.08669413,0.42309215858297655,0.6180576978278917,0.09953434225844005,4510,0.1473656,10.509977827051111,3436,0.13934222,9.953434225844031,not_significant
P15,Rod,Phka1,-0.8013318,-0.0863043,0.42293958060655457,0.6180576978278917,0.16647264260768335,4510,0.26466355,17.25055432372507,3436,0.25106865,16.64726426076838,not_significant
P15,Rod,Ints6,-0.80373096,-0.040032536,0.42155237059236017,0.6168049415868576,0.27386495925494764,4510,0.4398362,28.53658536585374,3436,0.43004984,27.38649592549484,not_significant
P15,Rod,Ccdc127,-0.8045157,-0.048392102,0.4210991798595899,0.6164781661481551,0.15424912689173456,4510,0.21444197,16.186252771618676,3436,0.20805506,15.424912689173501,not_significant
P15,Rod,Kidins220,-0.804745,-0.051727116,0.42096682083359727,0.6164526418103783,0.2511641443538999,4510,0.3809359,25.986696230598515,3436,0.3697164,25.116414435390062,not_significant
P15,Rod,mt-Nd5,-0.80498517,-0.08759631,0.4208282294223482,0.616417974500676,0.3210128055878929,4510,0.6324643,32.46119733924656,3436,0.604463,32.101280558789384,not_significant
P15,Rod,Hsd17b12,-0.80632037,-0.045652807,0.42005815945519487,0.6156262205785971,0.16559953434225844,4510,0.24255157,17.405764966740588,3436,0.23582,16.55995343422589,not_significant
P15,Rod,Ccdc66,-0.8074051,-0.032279372,0.41943311856861654,0.614878176551533,0.18451688009313155,4510,0.2747376,19.356984478935644,3436,0.26940808,18.45168800931321,not_significant
P15,Rod,Mxd4,-0.80831295,-0.081692904,0.41891043212599444,0.6144477872364874,0.09924330616996507,4510,0.14570965,10.509977827051111,3436,0.1382172,9.924330616996533,not_significant
P15,Rod,Med14,-0.8084184,-0.05003208,0.4188497765390383,0.6144477872364874,0.22555296856810245,4510,0.34584448,23.481152993347923,3436,0.33582896,22.555296856810312,not_significant
P15,Rod,Secisbp2,-0.8084573,-0.056012783,0.41882736405919374,0.6144477872364874,0.19935972060535506,4510,0.2900216,20.79822616407972,3436,0.28038836,19.935972060535565,not_significant
P15,Rod,Zdhhc2,-0.8100572,-0.015953487,0.4179072722801703,0.6136475796635187,0.7479627473806753,4510,1.520898,74.39024390244332,3436,1.5122685,74.79627473806303,not_significant
P15,Rod,Clock,-0.810703,-0.04828578,0.4175362613932484,0.6132706752774875,0.41356228172293363,4510,0.6896929,42.3725055432386,3436,0.67315584,41.35622817229349,not_significant
P15,Rod,Crkl,-0.81219524,-0.07560251,0.41667960587321173,0.6123477824394268,0.10419091967403958,4510,0.14897308,10.997782705099906,3436,0.14188175,10.419091967403986,not_significant
P15,Rod,Actn1,-0.8143485,-0.094675176,0.41544532220101693,0.6115005211637837,0.10011641443538999,4510,0.1473394,10.576496674057765,3436,0.13859956,10.011641443539025,not_significant
P15,Rod,Ttc14,-0.8165438,-0.045875736,0.41418918812054917,0.6100652654282878,0.5311408614668219,4510,0.9187036,54.013303769403755,3436,0.8997153,53.11408614668176,not_significant
P15,Rod,Fabp12,-0.81734127,-0.029119011,0.4137334367496418,0.6096885040453512,0.8474970896391153,4510,1.8294215,85.09977827051526,3436,1.8125062,84.74970896390516,not_significant
P15,Rod,Marf1,-0.8182719,-0.06425363,0.4132019785775862,0.60907266092063,0.1830616996507567,4510,0.275001,19.04656319290461,3436,0.2644725,18.30616996507572,not_significant
P15,Rod,Gpr108,-0.82098895,-0.04537754,0.41165255140150514,0.6071224321467346,0.11583236321303841,4510,0.16306439,12.26164079822633,3436,0.15839453,11.583236321303874,not_significant
P15,Rod,Rpl37a,-0.8216299,-0.06723652,0.4112875773449557,0.6067509804395881,0.4851571594877765,4510,0.9662238,48.40354767184226,3436,0.93760854,48.515715948777796,not_significant
P15,Rod,Tsn,-0.82277113,-0.06858463,0.4106381692233638,0.6063860670247544,0.21623981373690337,4510,0.30946776,22.41685144124153,3436,0.29703373,21.623981373690402,not_significant
P15,Rod,Prxl2a,-0.8244833,-0.050568834,0.40966499821195024,0.6055230229839903,0.22206053550640278,4510,0.33269036,23.10421286031024,3436,0.32289445,22.206053550640345,not_significant
P15,Rod,Sipa1l3,-0.8247282,-0.05239111,0.409525917229726,0.605484294382649,0.279976717112922,4510,0.44257307,28.93569844789369,3436,0.42973742,27.997671711292284,not_significant
P15,Rod,Furin,-0.82526404,-0.11222139,0.40922170957445547,0.6052013372366637,0.0960419091967404,4510,0.13760157,10.110864745011188,3436,0.12793426,9.604190919674064,not_significant
P15,Rod,Wasl,-0.8267823,-0.040604185,0.4083604592010851,0.6044275670956458,0.3052968568102445,4510,0.4629,31.773835920177763,3436,0.45256332,30.52968568102454,not_significant
P15,Rod,Tomm7,-0.8271465,-0.049866345,0.40815403718231413,0.6042887815197165,0.24447031431897556,4510,0.39580542,25.277161862527496,3436,0.38463858,24.447031431897628,not_significant
P15,Rod,Ppp4r3a,-0.8273425,-0.042645395,0.40804295421917414,0.6042887815197165,0.25669383003492435,4510,0.38653907,26.807095343680633,3436,0.37715736,25.669383003492506,not_significant
P15,Rod,Gtf2ird1,-0.8294491,-0.051397603,0.40685033442002483,0.6031848620554602,0.41938300349243307,4510,0.6854251,42.90465631929187,3436,0.66790915,41.938300349243434,not_significant
P15,Rod,Mfn1,-0.8296618,-0.06351967,0.40673002845093487,0.6031848620554602,0.16065192083818394,4510,0.23576309,16.829268292682954,3436,0.226675,16.065192083818438,not_significant
P15,Rod,Tbca,-0.83233523,-0.057617225,0.405219733728697,0.6017714982615534,0.160069848661234,4510,0.22329463,16.80709534368074,3436,0.21542904,16.006984866123446,not_significant
P15,Rod,Cluap1,-0.8333308,-0.07946833,0.4046581957036429,0.6011040049167379,0.24126891734575087,4510,0.36088923,24.767184035476483,3436,0.34452,24.12689173457516,not_significant
P15,Rod,Med1,-0.8334565,-0.04637334,0.4045873085516415,0.6011040049167379,0.17927823050058206,4510,0.26393685,18.80266075388023,3436,0.25657168,17.927823050058258,not_significant
P15,Rod,Ppp2r2b,-0.83361053,-0.0214184,0.4045004705110027,0.6011040049167379,0.9778812572759022,4510,3.1662633,97.84922394679137,3436,3.1520417,97.78812572758142,not_significant
P15,Rod,Pcm1,-0.8348035,-0.041581027,0.40382835537134,0.600536539565253,0.4755529685681024,4510,0.79551536,48.80266075388221,3436,0.77980494,47.55529685681039,not_significant
P15,Rod,Trappc11,-0.8350922,-0.08045859,0.4036658059809253,0.6004612821080652,0.14580908032596043,4510,0.21258996,15.277161862527796,3436,0.2021474,14.580908032596081,not_significant
P15,Rod,Virma,-0.8367848,-0.06554451,0.40271356413179593,0.5992109730937457,0.2389406286379511,4510,0.35951227,24.678492239467616,3436,0.346009,23.89406286379518,not_significant
P15,Rod,Dhps,-0.83705676,-0.08358303,0.4025606688619685,0.5992109730937457,0.1650174621653085,4510,0.23198876,17.161862527716202,3436,0.22026606,16.501746216530897,not_significant
P15,Rod,Ints8,-0.83826816,-0.100195624,0.40188011058879103,0.5988013647772986,0.1658905704307334,4510,0.25135124,17.139689578713988,3436,0.23632737,16.58905704307339,not_significant
P15,Rod,Zfp652,-0.839499,-0.08103711,0.4011893597778077,0.5982707049897582,0.21478463329452852,4510,0.32091498,22.12860310421271,3436,0.30580688,21.478463329452914,not_significant
P15,Rod,Dap3,-0.8414898,-0.11779338,0.40007359631665407,0.5969387400952803,0.1030267753201397,4510,0.15032098,10.8647450110866,3436,0.13931791,10.302677532013996,not_significant
P15,Rod,Phf14,-0.8416894,-0.048914764,0.39996181239106743,0.5969379971245647,0.45168800931315484,4510,0.7643401,45.72062084257372,3436,0.74636567,45.16880093131562,not_significant
P15,Rod,Hnrnpc,-0.8442113,-0.04913464,0.3985513413733036,0.5951640855028955,0.47846332945285214,4510,0.7846915,49.35698447893769,3436,0.7663166,47.84633294528536,not_significant
P15,Rod,Dnm3,-0.8445871,-0.019657874,0.39834142150127416,0.5950162586836075,0.8768917345750873,4510,2.090898,87.96008869180156,3436,2.078969,87.68917345750182,not_significant
P15,Rod,Copa,-0.8454217,-0.07034602,0.3978754581061258,0.5944857819724955,0.23486612339930152,4510,0.34989303,24.168514412416638,3436,0.3357432,23.486612339930222,not_significant
P15,Rod,Nprl3,-0.84800905,-0.0731253,0.3964329376223432,0.5926606124320649,0.11525029103608847,4510,0.16951473,12.172949002217457,3436,0.16177845,11.52502910360888,not_significant
P15,Rod,Nt5m,-0.84965295,-0.080882244,0.3955180757758374,0.5916226878030095,0.1120488940628638,4510,0.15950024,11.840354767184188,3436,0.15142976,11.20488940628641,not_significant
P15,Rod,Rpl31,-0.85140836,-0.07441312,0.3945425461526536,0.5907222276107141,0.23661233993015135,4510,0.3596325,24.434589800443234,3436,0.34433085,23.661233993015205,not_significant
P15,Rod,Fau,-0.8528632,-0.05476449,0.39373518758709414,0.5902726512624854,0.529685681024447,4510,1.0746822,53.17073170731942,3436,1.0498444,52.9685681024443,not_significant
P15,Rod,Rab8b,-0.8534966,-0.062884584,0.39338395070749765,0.5899109621456576,0.11117578579743888,4510,0.16685183,11.773835920177534,3436,0.16027582,11.117578579743919,not_significant
P15,Rod,Ppp3cc,-0.85509396,-0.027998192,0.39249914804605535,0.5890781841407501,0.8213038416763678,4510,1.7998877,82.43902439024893,3436,1.7837147,82.13038416763092,not_significant
P15,Rod,Ddx6,-0.85547477,-0.04502619,0.39228838052200676,0.5889266367534409,0.4330616996507567,4510,0.69252443,43.968957871398395,3436,0.6770512,43.3061699650758,not_significant
P15,Rod,Smchd1,-0.85550255,-0.045047674,0.39227301095702816,0.5889266367534409,0.4426658905704307,4510,0.73273087,45.18847006652046,3436,0.7166332,44.26658905704321,not_significant
P15,Rod,Srp72,-0.8586897,-0.08233489,0.3905117111534834,0.5872455336773997,0.19062863795110593,4510,0.2768246,19.800443458979974,3436,0.26331955,19.062863795110648,not_significant
P15,Rod,Lamtor2,-0.8614192,-0.07038662,0.389007191329914,0.5856397907082961,0.16676367869615832,4510,0.23337305,17.472283813747236,3436,0.2234122,16.67636786961588,not_significant
P15,Rod,Fnta,-0.8637035,-0.07208216,0.3877508052150075,0.5842402581947472,0.20052386495925495,4510,0.29270878,20.84257206208415,3436,0.2802643,20.052386495925553,not_significant
P15,Rod,Syncrip,-0.8647894,-0.052977435,0.3871543854486301,0.5837891215723385,0.2689173457508731,4510,0.40464702,27.87139689578716,3436,0.39257535,26.89173457508739,not_significant
P15,Rod,Pgam1,-0.86605346,-0.055713415,0.38646085213516956,0.5831156148672432,0.48253783469150174,4510,0.8601915,48.4478935698467,3436,0.83809435,48.25378346915032,not_significant
P15,Rod,Secisbp2l,-0.8661289,-0.07082254,0.38641946158918117,0.5831156148672432,0.2331199068684517,4510,0.34201986,24.057649667405553,3436,0.32804614,23.31199068684524,not_significant
P15,Rod,Rab14,-0.8690517,-0.045596357,0.3848188602335968,0.5819476645878244,0.3469150174621653,4510,0.5345961,36.29711751663051,3436,0.5216292,34.69150174621664,not_significant
P15,Rod,Aqp1,-0.8720421,-0.0685377,0.3831853995923581,0.5799679693604427,0.1309662398137369,4510,0.1865119,13.813747228381503,3436,0.17858632,13.096623981373726,not_significant
P15,Rod,Osbp2,-0.8732137,-0.027114552,0.3825466004838697,0.5794916591345599,0.7639697322467986,4510,1.4809918,76.51884700665637,3436,1.4665039,76.39697322467507,not_significant
P15,Rod,Actr3,-0.87359995,-0.055002954,0.38233617063988,0.5794916591345599,0.26338766006984865,4510,0.3856507,27.317073170731675,3436,0.373608,26.338766006984944,not_significant
P15,Rod,C2cd3,-0.8769027,-0.046817653,0.38053949872128023,0.5771031583661146,0.2127473806752037,4510,0.33098075,22.12860310421271,3436,0.32194275,21.274738067520435,not_significant
P15,Rod,Pnrc1,-0.8773486,-0.0484056,0.38029732329236576,0.576898993817944,0.3760186263096624,4510,0.6026772,38.44789356984578,3436,0.5876288,37.60186263096635,not_significant
P15,Rod,Rpl36,-0.87754583,-0.06479609,0.38019022693774396,0.576898993817944,0.4435389988358556,4510,0.8226185,44.52328159645388,3436,0.7976843,44.353899883585704,not_significant
P15,Rod,Zc3h18,-0.8777209,-0.05079723,0.3800951921036574,0.576898993817944,0.13387660069848661,4510,0.18897311,14.168514412416968,3436,0.18299787,13.387660069848698,not_significant
P15,Rod,Me2,-0.8780354,-0.052039117,0.37992449492670044,0.576898993817944,0.21420256111757857,4510,0.32618612,22.439024390243745,3436,0.3162765,21.420256111757922,not_significant
P15,Rod,Klhdc10,-0.87833834,-0.052571397,0.3797601460668535,0.576898993817944,0.379802095459837,4510,0.62292844,38.5809312638591,3436,0.6061992,37.98020954598382,not_significant
P15,Rod,Cdc27,-0.8784667,-0.093751565,0.3796904864069591,0.576898993817944,0.1379511059371362,4510,0.21252808,14.434589800443568,3436,0.20040852,13.795110593713659,not_significant
P15,Rod,Dhx36,-0.8804892,-0.06031193,0.3785943632682792,0.5759444596060833,0.39551804423748543,4510,0.62878066,40.598669623061056,3436,0.6094852,39.55180442374866,not_significant
P15,Rod,Hmg20b,-0.8816496,-0.06066827,0.37796631154395943,0.5751521404600846,0.14610011641443538,4510,0.20016477,15.432372505543313,3436,0.19266649,14.61001164144358,not_significant
P15,Rod,Agtrap,-0.8829428,-0.08902076,0.3772671734258166,0.5745772624236457,0.0960419091967404,4510,0.1348904,10.221729490022279,3436,0.12731068,9.604190919674064,not_significant
P15,Rod,Wdr48,-0.8831385,-0.120153055,0.377161469324402,0.5745772624236457,0.11845168800931316,4510,0.17013633,12.416851441241855,3436,0.15755554,11.845168800931347,not_significant
P15,Rod,Vps45,-0.88352185,-0.09686569,0.3769543834507588,0.5745772624236457,0.12427240977881257,4510,0.17917575,13.082039911308357,3436,0.16846626,12.427240977881292,not_significant
P15,Rod,Pea15a,-0.8836523,-0.051477846,0.37688391809181154,0.5745772624236457,0.4062863795110594,4510,0.64535844,41.97339246119866,3436,0.6285495,40.628637951106064,not_significant
P15,Rod,Acbd5,-0.88393915,-0.050945938,0.3767290697171076,0.5745734233615483,0.2910360884749709,4510,0.45015058,30.17738359201797,3436,0.43749508,29.103608847497174,not_significant
P15,Rod,Fam222b,-0.8844267,-0.08899516,0.376465922272473,0.5743353831255816,0.160069848661234,4510,0.24898438,16.718403547671873,3436,0.23571129,16.006984866123446,not_significant
P15,Rod,Ift81,-0.8871886,-0.05575896,0.3749773625941839,0.5725529669670374,0.36670547147846333,4510,0.57631594,37.67184035476811,3436,0.5595697,36.67054714784644,not_significant
P15,Rod,Lrp2,-0.89011335,-0.17954187,0.3734050084751126,0.5709647849089237,0.10681024447031431,4510,0.17934957,11.152993348115432,3436,0.15995,10.68102444703146,not_significant
P15,Rod,Dnaja4,-0.890156,-0.12770215,0.37338215447158385,0.5709647849089237,0.09575087310826542,4510,0.13547212,10.133037694013407,3436,0.124681346,9.575087310826568,not_significant
P15,Rod,Cbl,-0.89148176,-0.042018592,0.37267079008423754,0.5704926135878567,0.15192083818393481,4510,0.22927423,16.119733924612024,3436,0.22337556,15.192083818393524,not_significant
P15,Rod,Zcchc14,-0.8942132,-0.0713943,0.3712078357935332,0.5689025231990035,0.13766006984866122,4510,0.20526077,14.501108647450216,3436,0.19626074,13.766006984866161,not_significant
P15,Rod,Tmem135,-0.89822847,-0.04615592,0.3690637496399015,0.5672372358362269,0.490395809080326,4510,0.8540467,50.17738359201981,3436,0.8357982,49.03958090803275,not_significant
P15,Rod,Ddrgk1,-0.900078,-0.055839173,0.36807874616700575,0.5662100356867849,0.35069848661233993,4510,0.53580034,36.11973392461275,3436,0.5199267,35.0698486612341,not_significant
P15,Rod,Mosmo,-0.90028983,-0.062804624,0.36796603188527144,0.5661990232451508,0.1728754365541327,4510,0.24883479,18.115299334811517,3436,0.23940644,17.28754365541332,not_significant
P15,Rod,Prpsap2,-0.9010682,-0.0877535,0.3675520549036747,0.5657243106178799,0.16996507566938301,4510,0.24667098,17.716186252771617,3436,0.23368677,16.996507566938348,not_significant
P15,Rod,Afg1l,-0.90170103,-0.09918609,0.36721571137535036,0.5653688506938517,0.12310826542491268,4510,0.1960673,12.971175166297275,3436,0.18416755,12.310826542491302,not_significant
P15,Rod,Hdgfl3,-0.90194726,-0.061847262,0.3670848928535866,0.5653297057900196,0.2776484284051222,4510,0.42398992,28.669623059867057,3436,0.40938285,27.764842840512305,not_significant
P15,Rod,Rpn1,-0.90397906,-0.07075909,0.3660064953423099,0.5638307986835585,0.15046565774155995,4510,0.20490585,15.809312638580995,3436,0.19599843,15.046565774156036,not_significant
P15,Rod,Eef2kmt,-0.9054913,-0.12644872,0.365205169377659,0.5629196921097019,0.10419091967403958,4510,0.14719452,10.997782705099906,3436,0.13564202,10.419091967403986,not_significant
P15,Rod,0610009B22Rik,-0.90609664,-0.053247347,0.3648846955505839,0.5627705909570175,0.3265424912689173,4510,0.49892297,33.81374722838194,3436,0.48458683,32.654249126891834,not_significant
P15,Rod,Arhgap12,-0.9064936,-0.08145354,0.36467465327502857,0.5627488032702109,0.19557625145518046,4510,0.29945964,20.310421286030955,3436,0.2851517,19.557625145518102,not_significant
P15,Rod,Nrd1,-0.90654767,-0.06390129,0.36464605032167363,0.5627488032702109,0.35913853317811406,4510,0.56116337,37.11751662971262,3436,0.5423811,35.913853317811515,not_significant
P15,Rod,Atpsckmt,-0.9068175,-0.07050187,0.3645033241188059,0.5627488032702109,0.09371362048894064,4510,0.13018587,10.044345898004535,3436,0.12434701,9.371362048894087,not_significant
P15,Rod,Dlst,-0.9068886,-0.064677835,0.36446569918014904,0.5627488032702109,0.14260768335273574,4510,0.20812978,15.033259423503415,3436,0.19985792,14.260768335273614,not_significant
P15,Rod,Zfp592,-0.90703684,-0.077337846,0.36438732589697354,0.5627488032702109,0.1580325960419092,4510,0.23258212,16.563192904656358,3436,0.22169176,15.803259604190965,not_significant
P15,Rod,C2cd5,-0.90888906,-0.04888777,0.36340869337743265,0.5619657617929049,0.5439464493597206,4510,0.970361,54.944567627496966,3436,0.949451,54.39464493597139,not_significant
P15,Rod,Eif3c,-0.91049594,-0.044168994,0.36256101611573954,0.5612039556952696,0.340512223515716,4510,0.5251461,35.32150776053285,3436,0.5127517,34.051222351571695,not_significant
P15,Rod,Lin52,-0.91471857,-0.062471062,0.3603394072991132,0.5583075045500991,0.1469732246798603,4510,0.23010811,15.52106430155218,3436,0.22135918,14.697322467986071,not_significant
P15,Rod,Stk25,-0.9162839,-0.050382376,0.3595180008489156,0.5573568082524807,0.1720023282887078,4510,0.24468417,18.15964523281595,3436,0.23720728,17.200232828870828,not_significant
P15,Rod,Sf1,-0.9184756,-0.07555013,0.3583699099731841,0.5561900072239416,0.2543655413271246,4510,0.372255,26.252771618625147,3436,0.35626996,25.43655413271253,not_significant
P15,Rod,Tiprl,-0.9194358,-0.11106592,0.357867658943013,0.555601193218617,0.12660069848661235,4510,0.17454748,13.32594235033274,3436,0.16260892,12.660069848661267,not_significant
P15,Rod,Cep44,-0.9212731,-0.08277614,0.3569078506134261,0.5549141190407008,0.11525029103608847,4510,0.16598721,12.217294900221894,3436,0.15742227,11.52502910360888,not_significant
P15,Rod,Tbc1d23,-0.9233583,-0.06643016,0.355820509537627,0.5543483047225767,0.22671711292200233,4510,0.3449156,23.658536585365656,3436,0.33170068,22.6717112922003,not_significant
P15,Rod,Timm44,-0.9247556,-0.04768218,0.35509304930520635,0.5535365058044541,0.3108265424912689,4510,0.46933645,32.23946784922437,3436,0.4570839,31.082654249126985,not_significant
P15,Rod,Abl1,-0.9254537,-0.06035969,0.3547299496175096,0.553131235391954,0.15919674039580908,4510,0.24427383,16.78492239467852,3436,0.23535389,15.919674039580952,not_significant
P15,Rod,Ccp110,-0.9263488,-0.09106454,0.3542647521539035,0.5525664816962892,0.09429569266589057,4510,0.13814227,10.066518847006753,3436,0.1302184,9.429569266589082,not_significant
P15,Rod,Pold3,-0.9268428,-0.09539138,0.3540081663303517,0.5523268773112293,0.12892898719441212,4510,0.18568443,13.592017738359338,3436,0.17478262,12.892898719441245,not_significant
P15,Rod,Etv6,-0.92704207,-0.06318796,0.35390470130526896,0.5523261035209376,0.28667054714784634,4510,0.4659682,29.51219512195139,3436,0.44987804,28.66705471478472,not_significant
P15,Rod,Tbc1d12,-0.92884403,-0.0749686,0.35296990887048263,0.5515090565631428,0.17927823050058206,4510,0.28151584,18.80266075388023,3436,0.26901358,17.927823050058258,not_significant
P15,Rod,Mpv17,-0.9289494,-0.12564442,0.3529153132156092,0.5515090565631428,0.09633294528521537,4510,0.14065957,10.221729490022279,3436,0.12965521,9.633294528521562,not_significant
P15,Rod,Tm9sf2,-0.92940706,-0.08590784,0.352678158195896,0.5513744216155015,0.17636786961583237,4510,0.25788677,18.425720620842547,3436,0.24465871,17.636786961583287,not_significant
P15,Rod,Gpn3,-0.93082005,-0.0567477,0.351946650313136,0.550391204746257,0.13067520372526192,4510,0.18073215,13.858093126385937,3436,0.1743344,13.067520372526229,not_significant
P15,Rod,Phrf1,-0.93086666,-0.07549687,0.3519225539636669,0.550391204746257,0.1621071012805588,4510,0.23689282,17.006651884700688,3436,0.22608049,16.210710128055926,not_significant
P15,Rod,Slc38a6,-0.9332385,-0.05266822,0.3506968349394953,0.5490770060173534,0.21187427240977882,4510,0.33901677,22.28381374722823,3436,0.32865563,21.187427240977943,not_significant
P15,Rod,Appl2,-0.9333738,-0.09818557,0.3506270105594892,0.5490770060173534,0.1030267753201397,4510,0.15512715,10.975609756097688,3436,0.14562814,10.302677532013996,not_significant
P15,Rod,Strada,-0.9342973,-0.08193884,0.35015053570878996,0.5485419023194945,0.19237485448195576,4510,0.3006022,20.08869179600879,3436,0.28616357,19.23748544819563,not_significant
P15,Rod,Gm19667,-0.93725216,-0.04726818,0.3486288659751461,0.5467968529504923,0.7121653084982538,4510,1.4820378,72.9933481153035,3436,1.456811,71.21653084982155,not_significant
P15,Rod,Gtpbp1,-0.9375917,-0.041677136,0.3484542788941497,0.5466828756912018,0.19615832363213037,4510,0.28586233,20.753880266075285,3436,0.2787573,19.615832363213094,not_significant
P15,Rod,Eif4g2,-0.93899816,-0.048515048,0.34773169484545574,0.545868542918064,0.5331781140861467,4510,0.9554178,54.833702882485866,3436,0.9348584,53.317811408614205,not_significant
P15,Rod,Dusp7,-0.9397603,-0.09069128,0.3473405207358834,0.545414096378009,0.1388242142025611,4510,0.19186637,14.634146341463516,3436,0.1811724,13.882421420256149,not_significant
P15,Rod,Gtf3c2,-0.9411815,-0.072459295,0.3466118512982411,0.5449079631781258,0.25349243306169966,4510,0.3925878,26.16407982261627,3436,0.37655517,25.349243306170038,not_significant
P15,Rod,3110056K07Rik,-0.9425996,-0.04614685,0.3458857458780026,0.5439258695073602,0.26833527357392317,4510,0.41055945,28.22616407982267,3436,0.39990288,26.833527357392395,not_significant
P15,Rod,Exoc6b,-0.9428421,-0.048825018,0.3457616536111646,0.543890178876917,0.35651920838183937,4510,0.6103293,37.139689578714844,3436,0.5950112,35.65192083818404,not_significant
P15,Rod,Katnal2,-0.94331825,-0.06366577,0.3455181531296605,0.5436665806358166,0.31548311990686845,4510,0.5179108,32.57206208425766,3436,0.50030607,31.54831199068694,not_significant
P15,Rod,Calm3,-0.94705015,-0.07767621,0.34361321714330173,0.5411737988585438,0.15715948777648428,4510,0.22277936,16.518847006651924,3436,0.21225594,15.715948777648473,not_significant
P15,Rod,Myt1,-0.9483857,-0.06210713,0.3429331224446275,0.5405504756958512,0.22351571594877764,4510,0.3450323,23.414634146341275,3436,0.33266082,22.351571594877832,not_significant
P15,Rod,Arl15,-0.9486704,-0.05134013,0.3427882704871187,0.5405504756958512,0.44324796274738065,4510,0.8228152,45.365853658538214,3436,0.8030137,44.324796274738205,not_significant
P15,Rod,Eif5,-0.95034426,-0.051824912,0.3419373406447691,0.5397739538606655,0.3020954598370198,4510,0.4570138,31.419068736142254,3436,0.44398612,30.209545983702068,not_significant
P15,Rod,Odc1,-0.9504331,-0.06880409,0.34189224556972775,0.5397739538606655,0.16268917345750872,4510,0.2252207,17.161862527716202,3436,0.21578436,16.268917345750918,not_significant
P15,Rod,Pcnp,-0.9512168,-0.058673438,0.34149431919086404,0.5393920872025308,0.24708963911525028,4510,0.35878658,25.80931263858076,3436,0.346699,24.708963911525103,not_significant
P15,Rod,AW046200,-0.95203394,-0.052648835,0.34107977685013824,0.5389199579230795,0.11175785797438882,4510,0.16484024,11.951219512195278,3436,0.15937936,11.175785797438913,not_significant
P15,Rod,Pdxdc1,-0.9538776,-0.07191688,0.34014558391902006,0.5382126584488565,0.20634458672875436,4510,0.31020668,21.529933481152867,3436,0.29715276,20.634458672875496,not_significant
P15,Rod,Rps28,-0.9558487,-0.08323274,0.33914868744319704,0.5369520541456048,0.37747380675203723,4510,0.69866145,38.24833702882581,3436,0.6700727,37.74738067520384,not_significant
P15,Rod,Acvr2b,-0.95642054,-0.081412606,0.3388597996372036,0.5366530750675996,0.15279394644935973,4510,0.22302897,16.07538802660759,3436,0.21199964,15.279394644936014,not_significant
P15,Rod,Pdcd4,-0.95693815,-0.06655897,0.33859848222271327,0.5365560586832006,0.2619324796274738,4510,0.3987686,27.13968957871392,3436,0.3838307,26.193247962747456,not_significant
P15,Rod,Pdpr,-0.95996815,-0.11276456,0.33707125663964765,0.5350844097706628,0.10419091967403958,4510,0.15571824,11.086474501108778,3436,0.14481723,10.419091967403986,not_significant
P15,Rod,Pex19,-0.96134084,-0.12297351,0.3363808225234439,0.5343046289652807,0.12951105937136204,4510,0.18726736,13.614190687361555,3436,0.17321523,12.951105937136239,not_significant
P15,Rod,Mvb12b,-0.9614928,-0.100247614,0.33630446815811765,0.5343046289652807,0.12834691501746218,4510,0.1972331,13.547671840354905,3436,0.1851444,12.834691501746251,not_significant
P15,Rod,Mbd2,-0.96370435,-0.08459714,0.33519416919387124,0.5330511484008079,0.1830616996507567,4510,0.26287463,19.135254988913477,3436,0.24962209,18.30616996507572,not_significant
P15,Rod,Bbs2,-0.963728,-0.053036787,0.3351823045931748,0.5330511484008079,0.2564027939464494,4510,0.39306152,26.82926829268285,3436,0.38126105,25.64027939464501,not_significant
P15,Rod,Snx6,-0.9663446,-0.07665016,0.3338717840010381,0.5314208455138185,0.1452270081490105,4510,0.20979331,15.32150776053223,3436,0.19995265,14.522700814901087,not_significant
P15,Rod,Cfap61,-0.9670571,-0.051950783,0.33351547883656996,0.5311689514487414,0.5360884749708964,4510,1.0320224,55.72062084257464,3436,1.008991,53.608847497089116,not_significant
P15,Rod,Qrich1,-0.97183365,-0.0819982,0.3311333068247062,0.5281591013403878,0.2628055878928987,4510,0.40582728,27.050997782705043,3436,0.38722464,26.280558789289948,not_significant
P15,Rod,Atxn1,-0.97299343,-0.034536656,0.3305565774366197,0.5273960384800798,0.9036670547147846,4510,2.3959792,90.6430155210701,3436,2.3742456,90.36670547147105,not_significant
P15,Rod,Ntan1,-0.9755833,-0.0698921,0.32927100484464145,0.5258141321782246,0.17433061699650756,4510,0.24731487,18.314855875831466,3436,0.23689939,17.433061699650807,not_significant
P15,Rod,Gm13830,-0.9783784,-0.07977879,0.32788719558696844,0.5241788490458649,0.17258440046565773,4510,0.2645636,18.137472283813732,3436,0.25197893,17.258440046565823,not_significant
P15,Rod,Orc6,-0.9792161,-0.078377835,0.327473230222751,0.5237228404635768,0.11583236321303841,4510,0.16309425,12.37250554323742,3436,0.15510488,11.583236321303874,not_significant
P15,Rod,Zc3h3,-0.980184,-0.09226491,0.3269952865346175,0.5231144398961194,0.19324796274738068,4510,0.2855006,20.15521064301544,3436,0.26999477,19.324796274738123,not_significant
P15,Rod,Rpl22l1,-0.982013,-0.077369995,0.32609346308055187,0.5221389062579344,0.3029685681024447,4510,0.4892598,30.997782705100086,3436,0.46884996,30.29685681024456,not_significant
P15,Rod,Llph,-0.9826872,-0.063125,0.3257614388016734,0.5217630211203871,0.10186263096623982,4510,0.1410199,10.931263858093253,3436,0.13537318,10.186263096624009,not_significant
P15,Rod,Cnnm2,-0.9839025,-0.092662275,0.3251634412164427,0.5211164322333428,0.20721769499417927,4510,0.33015075,21.529933481152867,3436,0.31250367,20.721769499417988,not_significant
P15,Rod,Cables2,-0.98448855,-0.08035296,0.32487536394947303,0.5208103563135007,0.09516880093131548,4510,0.1357528,10.221729490022279,3436,0.12885219,9.516880093131572,not_significant
P15,Rod,Epb41l5,-0.98606247,-0.053788073,0.32410245049850006,0.5197266201715858,0.6018626309662398,4510,1.117888,61.70731707317386,3436,1.0929492,60.18626309662223,not_significant
P15,Rod,Zfand3,-0.98672134,-0.07803729,0.3237792591007934,0.5195189787067471,0.179860302677532,4510,0.28351802,18.891352549889096,3436,0.2704342,17.986030267753254,not_significant
P15,Rod,Ythdf1,-0.9873648,-0.08943718,0.32346382577910815,0.5193235442918696,0.10157159487776485,4510,0.14311785,10.886917960088818,3436,0.13506992,10.15715948777651,not_significant
P15,Rod,Ogt,-0.9879476,-0.05849594,0.32317832782849176,0.5191329598805706,0.37514551804423746,4510,0.60531414,38.647450110865755,3436,0.5871054,37.51455180442386,not_significant
P15,Rod,Trappc13,-0.98845696,-0.06354956,0.32292888718542556,0.5191329598805706,0.17142025611175785,4510,0.24959764,18.115299334811517,3436,0.24003336,17.142025611175836,not_significant
P15,Rod,Ush2a,-0.9893141,-0.04342951,0.3225095065657779,0.5188785222611976,0.9417927823050058,4510,3.0105,95.16629711752283,3436,2.9819064,94.17927823049246,not_significant
P15,Rod,Afg3l1,-0.98934996,-0.10079776,0.32249194727170427,0.5188785222611976,0.14318975552968569,4510,0.20879564,15.055432372505631,3436,0.19599752,14.318975552968608,not_significant
P15,Rod,Babam2,-0.99056774,-0.06100372,0.3218966999467717,0.5183590208689534,0.3108265424912689,4510,0.5176147,32.17294900221771,3436,0.5007438,31.082654249126985,not_significant
P15,Rod,Zfp81,-0.99082875,-0.12978905,0.3217692126114625,0.5183123099444241,0.10622817229336438,4510,0.15716112,11.263858093126522,3436,0.14456975,10.622817229336466,not_significant
P15,Rod,Exoc3,-0.9921844,-0.064230844,0.3211075799441293,0.5178337396646723,0.2630966239813737,4510,0.39680898,27.361419068736115,3436,0.38244367,26.309662398137444,not_significant
P15,Rod,Stx8,-0.9926002,-0.09504386,0.3209048243078453,0.5176942789736186,0.18684516880093133,4510,0.28726584,19.51219512195116,3436,0.27121863,18.684516880093184,not_significant
P15,Rod,Smpd3,-0.99417233,-0.106451936,0.3201389700814944,0.5169251762544058,0.11932479627473806,4510,0.18550773,12.638580931264027,3436,0.17339098,11.932479627473839,not_significant
P15,Rod,Rnaseh2c,-0.99555457,-0.07176302,0.3194666306130196,0.516617125899378,0.11379511059371362,4510,0.15580024,12.172949002217457,3436,0.14877492,11.379511059371392,not_significant
P15,Rod,Birc6,-0.99628633,-0.050162256,0.3191110550674976,0.5161977380524901,0.5622817229336438,4510,0.9669709,56.98447893570114,3436,0.9455645,56.228172293363365,not_significant
P15,Rod,Gm15489,-0.9976607,-0.122852094,0.31844392879565997,0.515273977091982,0.09575087310826542,4510,0.14822276,10.243902439024497,3436,0.13691369,9.575087310826568,not_significant
P15,Rod,Phtf1,-0.99802536,-0.10610069,0.31826707610898897,0.5151432094896249,0.10331781140861467,4510,0.15923628,11.06430155210656,3436,0.14874397,10.331781140861494,not_significant
P15,Rod,Ywhag,-0.9980319,-0.04035645,0.31826387019220004,0.5151432094896249,0.15250291036088476,4510,0.21617056,16.274944567627543,3436,0.2107934,15.250291036088518,not_significant
P15,Rod,Efcab14,-0.9994051,-0.1759156,0.3175984998750401,0.5143714834932714,0.0989522700814901,4510,0.14988172,10.487804878048895,3436,0.13377444,9.895227008149037,not_significant
P15,Rod,Trim3,-1.0008094,-0.09293519,0.3169189305893154,0.5137362174920181,0.1169965075669383,4510,0.17154516,12.439024390244073,3436,0.16166191,11.699650756693861,not_significant
P15,Rod,Ccdc186,-1.0016457,-0.072898954,0.3165147608819969,0.5132361479356201,0.34545983701979044,4510,0.5323803,34.722838137472934,3436,0.51183033,34.54598370197915,not_significant
P15,Rod,Hbp1,-1.0050539,-0.09020186,0.3148708935833716,0.5111887025366844,0.15075669383003493,4510,0.21691266,15.853658536585428,3436,0.20502342,15.075669383003534,not_significant
P15,Rod,Ecpas,-1.0071162,-0.06930456,0.3138789359128057,0.5100413851064192,0.3838766006984866,4510,0.6345135,39.445676274945654,3436,0.61223125,38.38766006984878,not_significant
P15,Rod,Cggbp1,-1.0085953,-0.092991084,0.31316874419586094,0.5090415587474539,0.1650174621653085,4510,0.23248158,17.339246119733936,3436,0.21944825,16.501746216530897,not_significant
P15,Rod,Rps21,-1.0119283,-0.085512176,0.3115723027538244,0.5072151235118404,0.43538998835855647,4510,0.86872196,44.079822616409494,3436,0.83474165,43.53899883585578,not_significant
P15,Rod,Ilkap,-1.0121976,-0.06473776,0.31144360313808384,0.5071595286073716,0.18160651920838183,4510,0.25996876,19.135254988913477,3436,0.24987237,18.160651920838237,not_significant
P15,Rod,Pias2,-1.0136181,-0.06164418,0.3107650152266226,0.5062081814988167,0.29161816065192087,4510,0.46089256,30.310421286031286,3436,0.4453264,29.16181606519217,not_significant
P15,Rod,Shld1,-1.0166951,-0.07013883,0.30929846041359677,0.5041254760433099,0.2421420256111758,4510,0.37812364,25.254988913525278,3436,0.36306995,24.214202561117652,not_significant
P15,Rod,Git2,-1.0170914,-0.11349191,0.30910996501210863,0.5041254760433099,0.1621071012805588,4510,0.2544122,17.006651884700688,3436,0.23727258,16.210710128055926,not_significant
P15,Rod,Ccdc58,-1.0170994,-0.1283299,0.3091061523554004,0.5041254760433099,0.1490104772991851,4510,0.2312869,15.587583148558828,3436,0.21355638,14.90104772991855,not_significant
P15,Rod,Mau2,-1.0195101,-0.074034065,0.3079608317263033,0.5033217249786383,0.23050058207217694,4510,0.352041,24.035476718403338,3436,0.33708557,23.050058207217763,not_significant
P15,Rod,Yeats2,-1.023141,-0.11103358,0.3062411614101599,0.5018874395979522,0.11874272409778813,4510,0.17996587,12.638580931264027,3436,0.16769041,11.874272409778845,not_significant
P15,Rod,Gmeb2,-1.0242181,-0.09879805,0.3057322898649023,0.5012066023335379,0.12514551804423749,4510,0.19035499,13.348115299334957,3436,0.17881572,12.514551804423782,not_significant
P15,Rod,Abcc5,-1.0259756,-0.08522962,0.3049030830931847,0.5001529473124902,0.2389406286379511,4510,0.36741033,24.811529933480916,3436,0.3496145,23.89406286379518,not_significant
P15,Rod,Rpe,-1.0291591,-0.08646413,0.3034049217975303,0.49821955348714003,0.1079743888242142,4510,0.15335292,11.574279379157574,3436,0.1450481,10.79743888242145,not_significant
P15,Rod,Nol4l,-1.0295846,-0.079541475,0.3032050445072578,0.49821955348714003,0.15424912689173456,4510,0.22184654,16.34146341463419,3436,0.21111631,15.424912689173501,not_significant
P15,Rod,Nkiras1,-1.033669,-0.1167818,0.3012909208614719,0.4957437115033544,0.1050640279394645,4510,0.15007757,11.219512195122086,3436,0.13918214,10.506402793946478,not_significant
P15,Rod,Ivns1abp,-1.0337998,-0.06932513,0.3012297712381822,0.4957437115033544,0.26979045401629803,4510,0.40601107,28.137472283813793,3436,0.39023155,26.979045401629882,not_significant
P15,Rod,Cenpc1,-1.0422238,-0.08094233,0.2973079006918501,0.49054431845926916,0.2249708963911525,4510,0.3562523,23.481152993347923,3436,0.33976522,22.497089639115316,not_significant
P15,Rod,Mipep,-1.0424933,-0.103374854,0.29718303255641587,0.4904891651177276,0.10593713620488941,4510,0.16068092,11.352549889135394,3436,0.15036397,10.59371362048897,not_significant
P15,Rod,Rrbp1,-1.044455,-0.088962786,0.2962748793825063,0.4895150513939775,0.11350407450523865,4510,0.16976564,12.150776053215239,3436,0.16038445,11.350407450523896,not_significant
P15,Rod,Inpp5k,-1.0483238,-0.11607513,0.294489474592053,0.48716065457919844,0.12776484284051223,4510,0.1890493,13.592017738359338,3436,0.17564362,12.776484284051257,not_significant
P15,Rod,Gpbp1,-1.0496548,-0.05959875,0.29387682462327736,0.4866796194131706,0.4671129220023283,4510,0.761352,48.13747228381563,3436,0.73954815,46.711292200232975,not_significant
P15,Rod,Fnbp4,-1.0498772,-0.06861811,0.2937745732503,0.48666053456288116,0.33265424912689173,4510,0.53196037,34.32372505543299,3436,0.51261264,33.26542491268928,not_significant
P15,Rod,Pkig,-1.054611,-0.06466071,0.2916032863884671,0.48381071085299643,0.2924912689173457,4510,0.44079465,30.465631929046822,3436,0.4250473,29.24912689173466,not_significant
P15,Rod,Huwe1,-1.0568118,-0.05563635,0.29059748812817177,0.48229112819291875,0.49243306169965073,4510,0.8309517,50.11086474501315,3436,0.8093692,49.24330616996523,not_significant
P15,Rod,Cul3,-1.0580835,-0.038841303,0.29001738361957474,0.48177554838507247,0.7491268917345751,4510,1.4644079,75.69844789357425,3436,1.4437764,74.91268917345299,not_significant
P15,Rod,mt-Nd4,-1.0583481,-0.09724977,0.28989677052860885,0.48172437333192625,0.5087310826542492,4510,1.1775296,50.28824833703091,3436,1.1313746,50.873108265424904,not_significant
P15,Rod,Pcmtd1,-1.0585413,-0.0603422,0.2898087294091709,0.48172437333192625,0.2389406286379511,4510,0.36729568,25.09977827050974,3436,0.35462368,23.89406286379518,not_significant
P15,Rod,Ift172,-1.0600673,-0.104341954,0.2891139978708628,0.48082542102969633,0.12630966239813737,4510,0.18952271,13.436807095343822,3436,0.17740373,12.630966239813771,not_significant
P15,Rod,Nek1,-1.0602016,-0.07464463,0.2890528910276162,0.48082542102969633,0.13329452852153667,4510,0.20920351,14.235033259423618,3436,0.1996394,13.329452852153704,not_significant
P15,Rod,Rims2,-1.0619586,-0.046234705,0.28825450237924344,0.4797384892219242,0.9548894062863795,4510,2.7597418,96.05321507761161,3436,2.7297626,95.48894062862958,not_significant
P15,Rod,Dnmbp,-1.0629319,-0.078312814,0.28781284925191764,0.47930087655612735,0.2409778812572759,4510,0.38248464,25.055432372505305,3436,0.36554915,24.09778812572766,not_significant
P15,Rod,Cnot10,-1.0632118,-0.09878233,0.2876859157834587,0.4792630943099805,0.21158323632130385,4510,0.326766,22.03991130820385,3436,0.3081464,21.158323632130447,not_significant
P15,Rod,Golga4,-1.0641245,-0.087607026,0.2872723183795033,0.47899555977235175,0.25145518044237486,4510,0.3806905,26.075388026607392,3436,0.36186016,25.14551804423756,not_significant
P15,Rod,Fkbp8,-1.0641649,-0.067422085,0.2872540366651867,0.47899555977235175,0.17665890570430734,4510,0.25131753,18.73614190687358,3436,0.2411192,17.665890570430783,not_significant
P15,Rod,Gm13583,-1.0646887,-0.0734729,0.28701681201681006,0.47899555977235175,0.1309662398137369,4510,0.19839916,14.013303769401453,3436,0.18942356,13.096623981373726,not_significant
P15,Rod,Uso1,-1.0648345,-0.086935595,0.2869508251299122,0.47899555977235175,0.16618160651920838,4510,0.24901728,17.538802660753884,3436,0.23604259,16.618160651920885,not_significant
P15,Rod,Ap3s1,-1.065562,-0.066271506,0.2866217039361454,0.4789529033998392,0.23690337601862632,4510,0.353733,24.833702882483134,3436,0.34026617,23.6903376018627,not_significant
P15,Rod,Ahi1,-1.0655631,-0.055394325,0.2866212158237028,0.4789529033998392,0.5774155995343423,4510,1.043082,59.667405764969686,3436,1.0183839,57.74155995343293,not_significant
P15,Rod,Son,-1.0676188,-0.027190031,0.28569249091371407,0.4780012982238415,0.8958090803259604,4510,2.0116653,89.86696230599242,3436,1.9953626,89.58090803258878,not_significant
P15,Rod,Adcy6,-1.0681877,-0.07291379,0.2854358692821555,0.4780012982238415,0.3230500582072177,4510,0.5115575,33.39246119733977,3436,0.49162444,32.30500582072187,not_significant
P15,Rod,Adam9,-1.0691687,-0.07661545,0.2849936862391441,0.4778700009336571,0.2628055878928987,4510,0.39662793,27.383592017738334,3436,0.37954938,26.280558789289948,not_significant
P15,Rod,Mapre2,-1.0709022,-0.059246134,0.2842133831917726,0.47685973958106603,0.41530849825378346,4510,0.67885566,43.037694013305185,3436,0.65882766,41.530849825378475,not_significant
P15,Rod,Rngtt,-1.0715984,-0.050874073,0.28390045342381287,0.47685973958106603,0.28143189755529685,4510,0.4585754,29.711751662971363,3436,0.44574928,28.143189755529768,not_significant
P15,Rod,Pcnx,-1.0720552,-0.05489813,0.28369524138555113,0.47685973958106603,0.27735739231664724,4510,0.43886465,29.290465631929198,3436,0.42551258,27.73573923166481,not_significant
P15,Rod,Lsm14a,-1.0733004,-0.060619175,0.2831363495958231,0.47624439612166675,0.43742724097788127,4510,0.7076658,45.07760532150936,3436,0.686575,43.74272409778826,not_significant
P15,Rod,Prkar2a,-1.0734379,-0.08159147,0.28307469354814263,0.47624439612166675,0.290162980209546,4510,0.4420128,30.000000000000217,3436,0.4221738,29.016298020954682,not_significant
P15,Rod,Ercc2,-1.0742167,-0.107509054,0.28272555158063617,0.4760012111357603,0.11932479627473806,4510,0.17572023,12.749445676275108,3436,0.16408055,11.932479627473839,not_significant
P15,Rod,Zbtb11,-1.0749272,-0.08939832,0.2824073255834082,0.47561472352571477,0.14639115250291035,4510,0.22210868,15.543237250554395,3436,0.210069,14.639115250291077,not_significant
P15,Rod,Brwd3,-1.076298,-0.055521216,0.28179400270689525,0.4751785697955945,0.18364377182770664,4510,0.28198907,19.51219512195116,3436,0.27266923,18.364377182770717,not_significant
P15,Rod,Zfp692,-1.0763339,-0.082796834,0.28177794620533736,0.4751785697955945,0.15512223515715948,4510,0.23305823,16.430155210643058,3436,0.22139524,15.512223515715991,not_significant
P15,Rod,Vps35,-1.0778421,-0.096798874,0.28110420102080014,0.4746121920917759,0.1958672875436554,4510,0.28451473,20.48780487804869,3436,0.26831493,19.5867287543656,not_significant
P15,Rod,Ift74,-1.0782075,-0.06334312,0.2809411510736074,0.4745157690147395,0.37514551804423746,4510,0.59650016,38.625277161863536,3436,0.5770131,37.51455180442386,not_significant
P15,Rod,Rsbn1,-1.0825449,-0.07941348,0.27901044233510575,0.47196846820735006,0.29074505238649595,4510,0.4473775,30.22172949002241,3436,0.4278703,29.074505238649678,not_significant
P15,Rod,Ecsit,-1.0828658,-0.11790415,0.278867961130148,0.47187625977984665,0.11292200232828871,4510,0.16671924,12.062084257206369,3436,0.1545953,11.292200232828902,not_significant
P15,Rod,Seh1l,-1.0829126,-0.123467736,0.2788472464322038,0.47187625977984665,0.10186263096623982,4510,0.14914623,10.931263858093253,3436,0.13771653,10.186263096624009,not_significant
P15,Rod,Wdtc1,-1.0832781,-0.050544456,0.278685032017132,0.4718644292108258,0.47642607683352733,4510,0.7704728,48.80266075388221,3436,0.7518035,47.642607683352885,not_significant
P15,Rod,Chd2,-1.0862834,-0.053842176,0.27735361914103274,0.4706500515888957,0.449941792782305,4510,0.7715804,46.54101995565584,3436,0.75168425,44.99417927823064,not_significant
P15,Rod,Pik3ca,-1.0868871,-0.058087666,0.277086704182238,0.47034591178276103,0.479627473806752,4510,0.81363386,49.31263858093325,3436,0.79141605,47.96274738067535,not_significant
P15,Rod,Kifc1,-1.0869895,-0.08225124,0.2770414459265824,0.47034591178276103,0.12543655413271246,4510,0.18872027,13.436807095343822,3436,0.17914376,12.54365541327128,not_significant
P15,Rod,Scnm1,-1.0877604,-0.1390831,0.2767008602362788,0.4701372867619258,0.11292200232828871,4510,0.15837805,12.017738359201932,3436,0.1448252,11.292200232828902,not_significant
P15,Rod,Ddx24,-1.0881257,-0.05912317,0.2765395981959391,0.4700740321835491,0.30471478463329454,4510,0.46183175,31.86252771618664,3436,0.44686934,30.471478463329543,not_significant
P15,Rod,Pou6f1,-1.0897931,-0.06708539,0.2758042810586214,0.46920842486471465,0.17869615832363214,4510,0.2758653,18.957871396895744,3436,0.26485127,17.869615832363266,not_significant
P15,Rod,Ppp2r5c,-1.0913692,-0.03231295,0.27511048426285467,0.4681765982188935,0.7674621653084982,4510,1.541652,76.5410199556586,3436,1.5240918,76.74621653084498,not_significant
P15,Rod,Flcn,-1.0934553,-0.07380975,0.2741939590052934,0.4671286589697247,0.18684516880093133,4510,0.27735925,19.75609756097554,3436,0.26520538,18.684516880093184,not_significant
P15,Rod,Shprh,-1.0935919,-0.08759557,0.27413396715410543,0.4671286589697247,0.2508731082654249,4510,0.38725743,26.031042128602955,3436,0.36816114,25.087310826542563,not_significant
P15,Rod,Hnrnpl,-1.0952123,-0.05955167,0.27342360464101745,0.4663415628917067,0.48748544819557627,4510,0.79803246,50.11086474501315,3436,0.7755482,48.74854481955778,not_significant
P15,Rod,Prpf6,-1.0953698,-0.07069383,0.27335463362692425,0.4663415628917067,0.1859720605355064,4510,0.2721871,19.689578713968892,3436,0.2607264,18.597206053550693,not_significant
P15,Rod,Cmtr1,-1.0960393,-0.10608613,0.2730615844187919,0.4661687902044557,0.15715948777648428,4510,0.23069426,16.60753880266079,3436,0.21598098,15.715948777648473,not_significant
P15,Rod,Mical3,-1.0966346,-0.112055235,0.27280112928090494,0.4658724156201128,0.10739231664726426,4510,0.16482022,11.529933481153137,3436,0.15339963,10.739231664726455,not_significant
P15,Rod,Rprd1b,-1.0968021,-0.0582994,0.2727279122867452,0.4658724156201128,0.22438882421420256,4510,0.33519655,23.658536585365656,3436,0.32385305,22.438882421420324,not_significant
P15,Rod,Vbp1,-1.0986134,-0.08516687,0.27193673060860546,0.4652850472040062,0.2820139697322468,4510,0.41689318,29.068736141907003,3436,0.39715734,28.201396973224764,not_significant
P15,Rod,Msi1,-1.104241,-0.051533084,0.26948858891471117,0.46198043813950485,0.7863795110593713,4510,1.5731531,79.91130820399593,3436,1.5449485,78.63795110593192,not_significant
P15,Rod,Arcn1,-1.1060815,-0.07440619,0.26869126489264483,0.4607608519450598,0.20052386495925495,4510,0.28851625,21.152993348115185,3436,0.27583802,20.052386495925553,not_significant
P15,Rod,Dennd1a,-1.1077888,-0.041354466,0.2679530615795219,0.4600832977953123,0.6068102444703143,4510,1.1260529,60.84257206208731,3436,1.1067749,60.681024447029586,not_significant
P15,Rod,Utp11,-1.1137189,-0.10309293,0.26539983785208987,0.4565762444639545,0.12369033760186263,4510,0.17535561,13.25942350332609,3436,0.16420105,12.369033760186298,not_significant
P15,Rod,Kif21a,-1.1193753,-0.051894613,0.2629800483652095,0.45357716380417484,0.5340512223515715,4510,0.9278334,54.56762749445924,3436,0.9062407,53.405122235156675,not_significant
P15,Rod,Tdrd3,-1.1217606,-0.09371342,0.26196422749608983,0.45226138277728545,0.11554132712456344,4510,0.17636937,12.416851441241855,3436,0.1661481,11.554132712456376,not_significant
P15,Rod,Abca3,-1.1222616,-0.101534426,0.2617511906498251,0.45203908134116605,0.09545983701979045,4510,0.14085926,10.332594235033369,3436,0.13189015,9.54598370197907,not_significant
P15,Rod,Ccdc25,-1.1224036,-0.12513535,0.26169087896889753,0.45203908134116605,0.10011641443538999,4510,0.1428162,10.776053215077727,3436,0.13169764,10.011641443539025,not_significant
P15,Rod,Ireb2,-1.1225466,-0.072482854,0.2616301320810701,0.45203908134116605,0.19819557625145517,4510,0.29642028,20.953436807095237,3436,0.2837711,19.819557625145574,not_significant
P15,Rod,Taf1d,-1.1244085,-0.07886869,0.26083978289866605,0.450914112791612,0.1650174621653085,4510,0.2500923,17.51662971175167,3436,0.2382507,16.501746216530897,not_significant
P15,Rod,Dhx9,-1.1260079,-0.07285864,0.260162191346193,0.4503097755343593,0.30762514551804426,4510,0.4718267,32.01773835920218,3436,0.4531291,30.762514551804514,not_significant
P15,Rod,Prom1,-1.1274691,-0.024290157,0.2595442190987164,0.44938514888493053,0.9569266589057043,4510,2.4872375,95.49889135255613,3436,2.4718158,95.69266589056203,not_significant
P15,Rod,St3gal4,-1.1274817,-0.08555896,0.2595388943128544,0.44938514888493053,0.10622817229336438,4510,0.17253378,11.463414634146483,3436,0.16336706,10.622817229336466,not_significant
P15,Rod,Api5,-1.1283531,-0.07437687,0.25917084131104184,0.4491736325662128,0.1859720605355064,4510,0.2672183,19.733924611973325,3436,0.25536543,18.597206053550693,not_significant
P15,Rod,Ppp1r37,-1.1298199,-0.12904252,0.2585521110204505,0.4483910518957958,0.12543655413271246,4510,0.17836739,13.370288248337173,3436,0.16429096,12.54365541327128,not_significant
P15,Rod,Plekhf2,-1.1318609,-0.06622669,0.2576929518005342,0.4470455994366318,0.43044237485448195,4510,0.6853837,43.946784922396176,3436,0.6628732,43.04423748544833,not_significant
P15,Rod,Safb,-1.1346292,-0.077484086,0.2565306676100173,0.445461476549088,0.3012223515715949,4510,0.4626626,31.19733924612006,3436,0.44310436,30.122235157159576,not_significant
P15,Rod,Atg9a,-1.1365399,-0.11035605,0.25573066183389326,0.44421608486949593,0.09516880093131548,4510,0.14025865,10.31042128603115,3436,0.13057478,9.516880093131572,not_significant
P15,Rod,Scyl2,-1.1370525,-0.14481954,0.25551634857253047,0.4439875911056214,0.10157159487776485,4510,0.15106407,10.909090909091034,3436,0.13758269,10.15715948777651,not_significant
P15,Rod,Psap,-1.1374627,-0.07680425,0.2553448906234559,0.4438334391782947,0.16472642607683352,4510,0.24159062,17.472283813747236,3436,0.23040111,16.4726426076834,not_significant
P15,Rod,Rps12,-1.1383128,-0.085630834,0.25498986188294737,0.44364762216676285,0.3678696158323632,4510,0.65353376,37.87139689578808,3436,0.6254952,36.78696158323643,not_significant
P15,Rod,Usp12,-1.1402106,-0.061479613,0.2541985706472746,0.44270166654285087,0.3553550640279395,4510,0.5521996,37.22838137472372,3436,0.53433883,35.535506402794056,not_significant
P15,Rod,Tbk1,-1.1416353,-0.12660156,0.2536056337058321,0.4420996487481584,0.1530849825378347,4510,0.229017,16.141906873614243,3436,0.21167114,15.308498253783512,not_significant
P15,Rod,Odr4,-1.1445291,-0.1337052,0.2524042882641543,0.44029157796712964,0.0940046565774156,4510,0.13737261,10.155210643015625,3436,0.1259466,9.400465657741584,not_significant
P15,Rod,Mtmr3,-1.145772,-0.06174603,0.2518895102542933,0.4395365429421045,0.4339348079161816,4510,0.7294675,45.07760532150936,3436,0.707533,43.393480791618295,not_significant
P15,Rod,9930021J03Rik,-1.14735,-0.060454108,0.2512370114905059,0.43854062142371425,0.29743888242142025,4510,0.49919856,31.10864745011118,3436,0.48293972,29.743888242142113,not_significant
P15,Rod,Uimc1,-1.1478959,-0.07106917,0.25101150451735776,0.43838002526336023,0.2139115250291036,4510,0.32559934,22.59423503325926,3436,0.312151,21.391152502910423,not_significant
P15,Rod,Hipk2,-1.1484275,-0.06137101,0.25079211814484503,0.43819183118206806,0.3766006984866123,4510,0.63757807,39.06873614190792,3436,0.61774886,37.66006984866135,not_significant
P15,Rod,Acsl6,-1.1499537,-0.06392628,0.25016293319880745,0.43737743600990975,0.38038416763678695,4510,0.60475403,39.53436807095453,3436,0.58488953,38.03841676367881,not_significant
P15,Rod,Poc5,-1.1548867,-0.09493297,0.2481368391065606,0.4346851747118194,0.139988358556461,4510,0.20174478,14.966740576496765,3436,0.1900415,13.998835855646139,not_significant
P15,Rod,Pofut1,-1.1558465,-0.11290387,0.24774394220442486,0.43428055751128597,0.1469732246798603,4510,0.2222096,15.654101995565478,3436,0.20709716,14.697322467986071,not_significant
P15,Rod,Taf2,-1.1558838,-0.07597606,0.24772869525625718,0.43428055751128597,0.11263096623981374,4510,0.16771115,12.195121951219676,3436,0.1597588,11.263096623981404,not_significant
P15,Rod,Klhl2,-1.1560217,-0.08161209,0.24767227361337674,0.43428055751128597,0.15192083818393481,4510,0.23629071,16.252771618625324,3436,0.22464876,15.192083818393524,not_significant
P15,Rod,Atad1,-1.1572605,-0.07335427,0.24716591836877833,0.4339764275385031,0.2110011641443539,4510,0.31395513,22.350332594234878,3436,0.3005072,21.10011641443545,not_significant
P15,Rod,Drg1,-1.1579881,-0.07871184,0.24686890994794286,0.4337388905865593,0.2089639115250291,4510,0.31420732,22.01773835920163,3436,0.29978716,20.89639115250297,not_significant
P15,Rod,Ago3,-1.1600873,-0.070821345,0.24601323175678858,0.4326606475880046,0.33265424912689173,4510,0.5444488,34.43458980044408,3436,0.52413154,33.26542491268928,not_significant
P15,Rod,Slc25a28,-1.1607771,-0.09232567,0.24573255019723672,0.43230875672613245,0.11728754365541327,4510,0.17134328,12.638580931264027,3436,0.16153389,11.72875436554136,not_significant
P15,Rod,Cbx1,-1.1614027,-0.09396539,0.24547819089565937,0.43200295799354227,0.25669383003492435,4510,0.37995976,26.674057649667315,3436,0.3598258,25.669383003492506,not_significant
P15,Rod,Pank4,-1.1618627,-0.09292154,0.24529122741456255,0.43199974218606324,0.1958672875436554,4510,0.29175863,20.643015521064203,3436,0.2758477,19.5867287543656,not_significant
P15,Rod,Ankrd40,-1.1647474,-0.084433064,0.24412127285361163,0.4303142766503177,0.18451688009313155,4510,0.26178676,19.600886917960025,3436,0.24860749,18.45168800931321,not_significant
P15,Rod,Zscan29,-1.1669317,-0.065193504,0.24323792037007952,0.42904577601614813,0.13067520372526192,4510,0.1922093,14.10199556541032,3436,0.18445317,13.067520372526229,not_significant
P15,Rod,Smg5,-1.1677481,-0.12784019,0.24290837760572714,0.4286054399595791,0.1120488940628638,4510,0.16382454,12.03991130820415,3436,0.1509278,11.20488940628641,not_significant
P15,Rod,Taok1,-1.1706145,-0.06340769,0.2417537893931312,0.4268490211668057,0.3309080325960419,4510,0.51694155,34.54545454545518,3436,0.49943236,33.09080325960429,not_significant
P15,Rod,Setx,-1.1720622,-0.092359506,0.24117208507628984,0.42610245861304963,0.2011059371362049,4510,0.3151133,21.130820399112967,3436,0.29820985,20.11059371362055,not_significant
P15,Rod,Herc2,-1.1721339,-0.07362709,0.24114327588290063,0.42610245861304963,0.32072176949941794,4510,0.5059759,33.39246119733977,3436,0.4860221,32.07217694994189,not_significant
P15,Rod,Irf2bp1,-1.1723841,-0.10662431,0.24104286199246494,0.42610245861304963,0.09458672875436554,4510,0.12839712,10.288248337028932,3436,0.119775794,9.458672875436578,not_significant
P15,Rod,Yy1,-1.1734027,-0.07491515,0.24063436198003474,0.4257132973815654,0.25029103608847497,4510,0.37659508,26.4301552106429,3436,0.36058876,25.02910360884757,not_significant
P15,Rod,Kmt2b,-1.173751,-0.10912452,0.24049479814616725,0.4256067625391096,0.13940628637951105,4510,0.20256773,14.900221729490115,3436,0.18911925,13.940628637951145,not_significant
P15,Rod,Sos2,-1.1740258,-0.103252806,0.2403846885320221,0.42555230009431244,0.16996507566938301,4510,0.2695124,18.004434589800432,3436,0.2530605,16.996507566938348,not_significant
P15,Rod,Mob2,-1.1768221,-0.10973135,0.23926653117756413,0.4239257262378701,0.15832363213038417,4510,0.23601282,16.762749445676306,3436,0.22049592,15.83236321303846,not_significant
P15,Rod,Eps15l1,-1.1805673,-0.10440387,0.23777469376363547,0.42204614736867657,0.1888824214202561,4510,0.29126763,19.933481152993274,3436,0.27346992,18.888242142025664,not_significant
P15,Rod,Rfx7,-1.1815412,-0.088548474,0.23738778052495269,0.42167656307080187,0.23428405122235157,4510,0.37616622,24.41241685144102,3436,0.35732624,23.428405122235226,not_significant
P15,Rod,Ptpn12,-1.1817627,-0.08507559,0.23729989239835358,0.42167656307080187,0.14057043073341094,4510,0.22204155,15.077605321507848,3436,0.2105734,14.057043073341132,not_significant
P15,Rod,Arhgap26,-1.1825621,-0.070016734,0.2369827202646767,0.42133752452758566,0.43568102444703144,4510,0.7456298,44.434589800445,3436,0.72041696,43.56810244470328,not_significant
P15,Rod,Rab5c,-1.1855692,-0.14301437,0.23579246329697812,0.4202730426035448,0.10331781140861467,4510,0.14177154,11.130820399113214,3436,0.1292185,10.331781140861494,not_significant
P15,Rod,Carf,-1.1858227,-0.10395477,0.23569232978240462,0.4202730426035448,0.13009313154831198,4510,0.20397355,13.924611973392587,3436,0.19106266,13.009313154831235,not_significant
P15,Rod,Cadm1,-1.1860273,-0.019721868,0.23561154002075413,0.4202730426035448,0.9426658905704307,4510,2.4827673,93.90243902439633,3436,2.4702418,94.26658905703493,not_significant
P15,Rod,Luc7l3,-1.1900876,-0.050177943,0.23401200239655784,0.4178896473118858,0.6233993015133876,4510,1.1057029,63.10421286031368,3436,1.0825703,62.33993015133661,not_significant
P15,Rod,Lmbrd2,-1.190346,-0.113606565,0.2339104404737714,0.4178896473118858,0.13445867287543656,4510,0.20250036,14.390243902439135,3436,0.18852156,13.445867287543692,not_significant
P15,Rod,Dop1a,-1.1910108,-0.07953302,0.2336493511562746,0.417887754035663,0.38329452852153667,4510,0.63274074,39.88913525499004,3436,0.6072703,38.329452852153786,not_significant
P15,Rod,Zmat5,-1.1937609,-0.09496356,0.23257152130945968,0.41667122254640676,0.17578579743888242,4510,0.25561452,18.647450110864714,3436,0.24114113,17.57857974388829,not_significant
P15,Rod,Zfp36l2,-1.1956103,-0.07467963,0.2318486935376981,0.4157928425731236,0.2939464493597206,4510,0.4488082,30.687361419069013,3436,0.4303976,29.394644935972146,not_significant
P15,Rod,Fam222a,-1.1967407,-0.07784754,0.23140759883359951,0.41527947813430166,0.319848661233993,4510,0.50481457,33.17073170731758,3436,0.48377326,31.984866123399396,not_significant
P15,Rod,Clstn1,-1.1969719,-0.05880953,0.23131751185426708,0.41525673814802166,0.6210710128055879,4510,1.1489545,63.05986696230924,3436,1.1212939,62.10710128055668,not_significant
P15,Rod,Usp7,-1.1974472,-0.09392827,0.23113231841330328,0.4152021955689748,0.22875436554132714,4510,0.34421253,23.991130820398904,3436,0.32568526,22.87543655413278,not_significant
P15,Rod,Svip,-1.1979208,-0.087910764,0.23094785210994973,0.41507634613496786,0.13445867287543656,4510,0.19377403,14.501108647450216,3436,0.18330574,13.445867287543692,not_significant
P15,Rod,Ssh2,-1.2000706,-0.060264755,0.23011189830863266,0.414062469818016,0.32625145518044235,4510,0.55988044,34.368070953437424,3436,0.54218537,32.625145518044334,not_significant
P15,Rod,Rtf2,-1.2017472,-0.1503791,0.22946151739954124,0.413308119318717,0.1009895227008149,4510,0.13808644,10.909090909091034,3436,0.12523727,10.098952270081517,not_significant
P15,Rod,Ppp1cb,-1.2029017,-0.0810697,0.22901436976801148,0.41264127626322256,0.27473806752037255,4510,0.41778967,28.713968957871494,3436,0.39895245,27.473806752037333,not_significant
P15,Rod,Rncr4,-1.2042209,-0.12230689,0.22850422472506848,0.41213741137366083,0.11641443538998836,4510,0.16378391,12.527716186252944,3436,0.15142813,11.641443538998868,not_significant
P15,Rod,Rnf19a,-1.2044201,-0.06890953,0.22842725104266104,0.4121371592979595,0.23661233993015135,4510,0.3606719,25.144124168514182,3436,0.3464482,23.661233993015205,not_significant
P15,Rod,Pds5b,-1.20451,-0.11474336,0.2283925195284089,0.4121371592979595,0.23050058207217694,4510,0.36577052,24.01330376940112,3436,0.3420714,23.050058207217763,not_significant
P15,Rod,Nploc4,-1.207415,-0.121917434,0.22727238424572105,0.4108827330953986,0.10215366705471478,4510,0.1512585,11.06430155210656,3436,0.13981812,10.215366705471505,not_significant
P15,Rod,Cradd,-1.2084721,-0.12824409,0.22686571091968744,0.41042417314441937,0.15774155995343422,4510,0.26903632,16.762749445676306,3436,0.24876899,15.774155995343467,not_significant
P15,Rod,Mecp2,-1.2097409,-0.0703407,0.2263783439291588,0.4098189121957501,0.29540162980209544,4510,0.46818686,30.953436807095645,3436,0.45023635,29.540162980209633,not_significant
P15,Rod,Dnajc5,-1.2110497,-0.06203336,0.22587637423316653,0.40904823476931307,0.43247962747380675,4510,0.69530743,44.34589800443612,3436,0.6739925,43.24796274738081,not_significant
P15,Rod,Sfmbt1,-1.2115103,-0.104594514,0.2256998752548811,0.4088666433188728,0.22729918509895228,4510,0.37134436,23.81374722838117,3436,0.3494125,22.729918509895295,not_significant
P15,Rod,Casd1,-1.211746,-0.11721512,0.2256096166418713,0.40884121069831,0.10389988358556461,4510,0.15511617,11.263858093126522,3436,0.14384052,10.389988358556488,not_significant
P15,Rod,Meaf6,-1.2127435,-0.10735375,0.22522789745916472,0.4084254367717916,0.15046565774155995,4510,0.21902625,16.03104212860316,3436,0.20482036,15.046565774156036,not_significant
P15,Rod,Sp3os,-1.2129935,-0.08611135,0.22513229946822189,0.4083901435061015,0.19237485448195576,4510,0.2841042,20.35476718403539,3436,0.26967102,19.23748544819563,not_significant
P15,Rod,Gnl3l,-1.2143205,-0.12363558,0.22462535697442532,0.40777336006963244,0.12922002328288706,4510,0.18992901,13.880266075388153,3436,0.17562032,12.922002328288743,not_significant
P15,Rod,Dag1,-1.2148294,-0.1293442,0.22443115904055733,0.40766973826398567,0.1271827706635623,4510,0.18992253,13.636363636363772,3436,0.17497812,12.718277066356261,not_significant
P15,Rod,Fam168a,-1.2154263,-0.06329486,0.2242035462741344,0.4073942487176345,0.40250291036088476,4510,0.68340176,42.39467849224082,3436,0.66192156,40.2502910360886,not_significant
P15,Rod,Wdr31,-1.2164078,-0.06945302,0.22382963580500048,0.4069905649010246,0.49214202561117576,4510,0.8390248,50.64301552106642,3436,0.8119702,49.21420256111773,not_significant
P15,Rod,Ap3b1,-1.2167901,-0.10463458,0.22368409767318143,0.4068638521257868,0.2150756693830035,4510,0.33792794,22.549889135254826,3436,0.3176633,21.507566938300414,not_significant
P15,Rod,Esrrg,-1.2197683,-0.07428346,0.22255272249889324,0.40563126180226416,0.37077997671711294,4510,0.6315622,38.51441241685244,3436,0.6077828,37.0779976717114,not_significant
P15,Rod,Kpna1,-1.220229,-0.08331441,0.22237808384398272,0.40545072798746545,0.28579743888242143,4510,0.43413836,29.733924611973585,3436,0.41417912,28.579743888242227,not_significant
P15,Rod,Drosha,-1.2203745,-0.14760041,0.22232294778287076,0.40545072798746545,0.14930151338766007,4510,0.227708,15.764966740576561,3436,0.20770496,14.930151338766048,not_significant
P15,Rod,Mef2a,-1.2217736,-0.0711068,0.22179326449911685,0.40479723401608125,0.42520372526193245,4510,0.71071243,44.34589800443612,3436,0.6859436,42.52037252619338,not_significant
P15,Rod,Marcks,-1.222684,-0.119631425,0.221449079233617,0.40444428362585,0.11757857974388825,4510,0.17135073,12.638580931264027,3436,0.15874028,11.757857974388857,not_significant
P15,Rod,Cep104,-1.2280221,-0.092215076,0.21943865942956065,0.40173002361097726,0.129802095459837,4510,0.19385467,13.96895787139702,3436,0.18288323,12.980209545983737,not_significant
P15,Rod,Ubr3,-1.2286092,-0.06677189,0.21921837914274933,0.40146377115797455,0.5285215366705471,4510,0.9212859,54.63414634146589,3436,0.8936802,52.85215366705434,not_significant
P15,Rod,Efr3a,-1.2319776,-0.07014898,0.21795745659186627,0.399700443473084,0.31752037252619325,4510,0.5095937,33.215077605322016,3436,0.49046278,31.75203725261942,not_significant
P15,Rod,Fbxo36,-1.2351902,-0.1023162,0.2167597614308343,0.39832112378040263,0.2811408614668219,4510,0.4618811,29.20177383592032,3436,0.4362305,28.114086146682272,not_significant
P15,Rod,Snx25,-1.2359706,-0.07408339,0.21646946488472996,0.3979239923377969,0.26222351571594876,4510,0.42876783,27.583148558758307,3436,0.41116032,26.222351571594952,not_significant
P15,Rod,Dusp12,-1.2364577,-0.13344543,0.21628847553077923,0.39772759093147064,0.12485448195576251,4510,0.18271433,13.39246119733939,3436,0.1678507,12.485448195576286,not_significant
P15,Rod,Sez6l2,-1.2366124,-0.11569953,0.21623100537222728,0.39772759093147064,0.1670547147846333,4510,0.24349028,17.716186252771617,3436,0.22669521,16.705471478463377,not_significant
P15,Rod,Hnrnpul2,-1.2394944,-0.08359156,0.21516245924513067,0.3962002854070995,0.20925494761350408,4510,0.30308044,22.26164079822601,3436,0.28825232,20.925494761350468,not_significant
P15,Rod,Far1,-1.2395715,-0.05988915,0.21513393120668722,0.3962002854070995,0.26949941792782306,4510,0.4225629,28.647450110864835,3436,0.40845034,26.949941792782383,not_significant
P15,Rod,Ptpn2,-1.2400101,-0.07565559,0.21497162824116756,0.3961208567109662,0.3637951105937136,4510,0.58230793,37.627494456763664,3436,0.55949926,36.379511059371474,not_significant
P15,Rod,Mgat1,-1.2404951,-0.10206482,0.21479232154366845,0.39592646486606103,0.1850989522700815,4510,0.26884183,19.64523281596446,3436,0.2526099,18.5098952270082,not_significant
P15,Rod,Lats2,-1.2407631,-0.120564684,0.2146932710256232,0.3958799263600697,0.15715948777648428,4510,0.23063152,16.696230598669658,3436,0.21398064,15.715948777648473,not_significant
P15,Rod,Prdm2,-1.2407693,-0.07722298,0.2146910189902148,0.3958799263600697,0.2208963911525029,4510,0.33503777,23.414634146341275,3436,0.3200886,22.089639115250357,not_significant
P15,Rod,Neurl1a,-1.2415005,-0.10433227,0.21442093044922095,0.3956497664016585,0.15133876600698487,4510,0.23221724,16.23059866962311,3436,0.21765473,15.133876600698528,not_significant
P15,Rod,Tardbp,-1.242083,-0.07510174,0.2142059548841193,0.3953891059870667,0.35040745052386496,4510,0.54386663,36.6297117516638,3436,0.52235824,35.040745052386605,not_significant
P15,Rod,Atp6v0a1,-1.2457767,-0.07007011,0.2128463984409148,0.39315016571524347,0.379802095459837,4510,0.6071399,39.2682926829279,3436,0.5853284,37.98020954598382,not_significant
P15,Rod,Trappc8,-1.2480615,-0.0733125,0.2120085326961607,0.39214267909731243,0.39551804423748543,4510,0.65014994,40.997782705101,3436,0.62617964,39.55180442374866,not_significant
P15,Rod,Amd1,-1.2480742,-0.08467293,0.2120038928141511,0.39214267909731243,0.1871362048894063,4510,0.26986343,19.933481152993274,3436,0.25628978,18.713620488940684,not_significant
P15,Rod,Nr1d2,-1.2482338,-0.08581016,0.21194546641509182,0.39214267909731243,0.24330616996507567,4510,0.37394676,25.676274944567446,3436,0.3557668,24.33061699650764,not_significant
P15,Rod,Thoc5,-1.2487688,-0.071844764,0.21174965141840196,0.39214267909731243,0.380093131548312,4510,0.606897,39.35698447893677,3436,0.58454746,38.00931315483132,not_significant
P15,Rod,Bmp2k,-1.2497007,-0.18059719,0.21140892204100792,0.3918443185307417,0.1030267753201397,4510,0.16107129,11.086474501108778,3436,0.14341183,10.302677532013996,not_significant
P15,Rod,Acad8,-1.2508711,-0.085414924,0.21098152663199654,0.39118731726720685,0.13824214202561116,4510,0.20147222,14.900221729490115,3436,0.19092704,13.824214202561155,not_significant
P15,Rod,3300002I08Rik,-1.2509847,-0.10089596,0.21094008180548762,0.39118731726720685,0.12427240977881257,4510,0.18950686,13.414634146341605,3436,0.17777756,12.427240977881292,not_significant
P15,Rod,Add3,-1.2519418,-0.063374445,0.21059106865484234,0.39073348054810597,0.5078579743888242,4510,0.88823456,52.68292682927059,3436,0.86261016,50.785797438882426,not_significant
P15,Rod,Gm35721,-1.2520143,-0.08514477,0.21056465881871966,0.39073348054810597,0.13358556461001164,4510,0.19841217,14.390243902439135,3436,0.18804452,13.3585564610012,not_significant
P15,Rod,Gm16759,-1.2530571,-0.102341495,0.21018490574221516,0.3905202058888958,0.18771827706635622,4510,0.3234138,19.91130820399106,3436,0.3043099,18.771827706635676,not_significant
P15,Rod,Nolc1,-1.260064,-0.11524528,0.20764625468340359,0.3866069108371319,0.10389988358556461,4510,0.1475662,11.330376940133176,3436,0.13697729,10.389988358556488,not_significant
P15,Rod,Ilf3,-1.2602046,-0.10767441,0.20759559040785136,0.3866069108371319,0.13416763678696159,4510,0.19690067,14.412416851441352,3436,0.18396348,13.416763678696194,not_significant
P15,Rod,Capzb,-1.262043,-0.11478534,0.20693330224933404,0.38568110954323415,0.15046565774155995,4510,0.21580657,16.053215077605376,3436,0.20084973,15.046565774156036,not_significant
P15,Rod,Med28,-1.2630054,-0.13459167,0.206587243017039,0.385403504348597,0.09633294528521537,4510,0.12914234,10.509977827051111,3436,0.11829252,9.633294528521562,not_significant
P15,Rod,Atxn2,-1.2643135,-0.084513314,0.2061175529088668,0.3846953910240646,0.38766006984866125,4510,0.62749743,40.08869179601001,3436,0.6006204,38.766006984866245,not_significant
P15,Rod,Wac,-1.2650592,-0.06537953,0.2058500905214451,0.3843299288398996,0.45256111757857975,4510,0.75271857,47.228381374724634,3436,0.7290052,45.256111757858115,not_significant
P15,Rod,Mtcl1,-1.265828,-0.055211708,0.20557468286761327,0.38408310654889505,0.5966239813736903,4510,1.0744154,60.24390243902739,3436,1.0493789,59.662398137367376,not_significant
P15,Rod,Sec16a,-1.2681739,-0.1179898,0.20473582665284307,0.38278249360956784,0.13969732246798602,4510,0.21044503,14.988913525498981,3436,0.19542989,13.96973224679864,not_significant
P15,Rod,Oma1,-1.2695285,-0.09744371,0.20425261497867486,0.38214545753247714,0.11583236321303841,4510,0.17720008,12.572062084257377,3436,0.16653745,11.583236321303874,not_significant
P15,Rod,Taf15,-1.2698851,-0.07480544,0.20412555729229453,0.38204099417860005,0.3879511059371362,4510,0.62780803,40.44345898004552,3436,0.6039672,38.79511059371374,not_significant
P15,Rod,Rnf121,-1.2703624,-0.08727412,0.20395556934636883,0.38185608166629054,0.10331781140861467,4510,0.15181614,11.308203991130958,3436,0.14351353,10.331781140861494,not_significant
P15,Rod,Carnmt1,-1.2710619,-0.14179866,0.20370662741761414,0.3816564266392184,0.12165308498253784,4510,0.17976749,13.104212860310573,3436,0.16424516,12.165308498253816,not_significant
P15,Rod,Ankfy1,-1.27257,-0.09871873,0.2031706469009864,0.3811848023703711,0.14755529685681024,4510,0.2274001,15.853658536585428,3436,0.21385658,14.755529685681065,not_significant
P15,Rod,Cherp,-1.2735081,-0.09698454,0.20283779265061153,0.38082671325792095,0.10157159487776485,4510,0.1527802,11.108647450110997,3436,0.14352605,10.15715948777651,not_significant
P15,Rod,Prkcz,-1.2739544,-0.084999554,0.2026795833579812,0.3806629149622588,0.31431897555296856,4510,0.49900824,32.66075388026653,3436,0.47627383,31.43189755529695,not_significant
P15,Rod,Ddit4,-1.274427,-0.109894134,0.20251211338934882,0.380481602879323,0.18684516880093133,4510,0.27650705,19.800443458979974,3436,0.25863007,18.684516880093184,not_significant
P15,Rod,Plch1,-1.2745943,-0.10092259,0.20245285638446975,0.380481602879323,0.1629802095459837,4510,0.26432377,17.427937915742802,3436,0.24850602,16.298020954598417,not_significant
P15,Rod,Ifrd1,-1.2759035,-0.118869044,0.2019896571903792,0.3798992009709657,0.20954598370197905,4510,0.31151053,21.95121951219498,3436,0.2901139,20.954598370197967,not_significant
P15,Rod,Cops8,-1.2766414,-0.13512923,0.2017288802263577,0.3795418146384366,0.15454016298020953,4510,0.220817,16.40798226164084,3436,0.20294231,15.454016298020997,not_significant
P15,Rod,Sfi1,-1.2772238,-0.12729892,0.20152324775458996,0.3792879652475861,0.1839348079161816,4510,0.29526803,19.356984478935644,3436,0.27343875,18.393480791618213,not_significant
P15,Rod,Cdc42bpa,-1.2785888,-0.06992076,0.20104191576103314,0.3786477654993616,0.41443538998835855,4510,0.7136176,43.12638580931406,3436,0.68918717,41.44353899883598,not_significant
P15,Rod,Ilrun,-1.2801442,-0.099092126,0.20049440067782975,0.37774919748362445,0.13766006984866122,4510,0.2000835,14.855875831485681,3436,0.18797314,13.766006984866161,not_significant
P15,Rod,Cyfip2,-1.2822018,-0.11888027,0.1997718769487412,0.37665249488683583,0.10040745052386496,4510,0.14967602,10.975609756097688,3436,0.13861948,10.040745052386523,not_significant
P15,Rod,Kdm7a,-1.2841908,-0.08785354,0.19907522548593515,0.37573522501990014,0.21245634458672877,4510,0.32629916,22.439024390243745,3436,0.3097144,21.24563445867294,not_significant
P15,Rod,Sdccag8,-1.2853534,-0.081034765,0.19866880623643113,0.37510013257733776,0.2828870779976717,4510,0.4590365,29.57871396895805,3436,0.43872502,28.288707799767256,not_significant
P15,Rod,Cers4,-1.2870758,-0.056365017,0.19806790270600305,0.37446665802494894,0.6740395809080326,4510,1.2824633,68.47006651885076,3436,1.2543839,67.40395809080016,not_significant
P15,Rod,Dync1li2,-1.287094,-0.10894821,0.198061511250614,0.37446665802494894,0.2089639115250291,4510,0.31023848,22.03991130820385,3436,0.29064703,20.89639115250297,not_significant
P15,Rod,Rara,-1.2872475,-0.1229742,0.1980080269388298,0.37446665802494894,0.1621071012805588,4510,0.24244735,17.294900221729502,3436,0.22469938,16.210710128055926,not_significant
P15,Rod,Dnm1l,-1.2877121,-0.0935799,0.19784622110640226,0.37446665802494894,0.2991850989522701,4510,0.4606821,31.10864745011118,3436,0.43722457,29.918509895227096,not_significant
P15,Rod,Ankzf1,-1.2878172,-0.13002114,0.19780957368840102,0.37446665802494894,0.09225844004656578,4510,0.13979977,10.110864745011188,3436,0.12849213,9.2258440046566,not_significant
P15,Rod,Mafg,-1.2880821,-0.117791824,0.19771738995284371,0.37446665802494894,0.15075669383003493,4510,0.23539743,16.119733924612024,3436,0.21881624,15.075669383003534,not_significant
P15,Rod,Sema3f,-1.28817,-0.11374949,0.19768679497765884,0.37446665802494894,0.1839348079161816,4510,0.2735243,19.51219512195116,3436,0.2552143,18.393480791618213,not_significant
P15,Rod,Lrp6,-1.2886181,-0.082954325,0.19753089949617098,0.37440132328532194,0.30064027939464494,4510,0.46438465,31.52993348115335,3436,0.443409,30.064027939464584,not_significant
P15,Rod,Scamp2,-1.2931123,-0.12910025,0.1959722170653937,0.3719727432196645,0.1548311990686845,4510,0.236328,16.47450110864749,3436,0.21814701,15.483119906868495,not_significant
P15,Rod,Tpp2,-1.2931685,-0.10053529,0.195952780886964,0.3719727432196645,0.18830034924330616,4510,0.29216036,19.999999999999922,3436,0.27495933,18.830034924330672,not_significant
P15,Rod,Plcd3,-1.2945971,-0.08177517,0.19545922573705288,0.37126178712944463,0.35069848661233993,4510,0.5666206,36.54101995565492,3436,0.54249537,35.0698486612341,not_significant
P15,Rod,Sos1,-1.296473,-0.10575091,0.19481255109964501,0.3702957208003175,0.14988358556461,4510,0.23158066,16.141906873614243,3436,0.21686205,14.988358556461042,not_significant
P15,Rod,Ccser1,-1.2968742,-0.06406072,0.19467450656684937,0.3701644995478837,0.8431315483119907,4510,2.1921148,85.78713968958405,3436,2.1527684,84.31315483119279,not_significant
P15,Rod,Pcnx4,-1.2975147,-0.096312664,0.19445417181666613,0.3698766587321266,0.10186263096623982,4510,0.14894612,11.17516629711765,3436,0.1399691,10.186263096624009,not_significant
P15,Rod,Atm,-1.3002093,-0.1397193,0.19352924403036698,0.36864022193852575,0.09691501746216531,4510,0.1540433,10.598669623059983,3436,0.1407779,9.691501746216556,not_significant
P15,Rod,Usp15,-1.3003515,-0.07495325,0.1934805390750879,0.36864022193852575,0.3742724097788126,4510,0.613288,38.80266075388129,3436,0.5898054,37.42724097788137,not_significant
P15,Rod,Ahctf1,-1.3003721,-0.10462437,0.19347344358704655,0.36864022193852575,0.19674039580908032,4510,0.3030811,20.84257206208415,3436,0.28462172,19.67403958090809,not_significant
P15,Rod,Cebpz,-1.3008925,-0.080311865,0.19329525395903846,0.36864022193852575,0.16530849825378346,4510,0.24923685,17.804878048780484,3436,0.23721987,16.530849825378393,not_significant
P15,Rod,Dym,-1.3009174,-0.090707205,0.19328674553528158,0.36864022193852575,0.35244470314318976,4510,0.5915633,36.5188470066527,3436,0.56397516,35.24447031431908,not_significant
P15,Rod,Grtp1,-1.3030745,-0.06206082,0.1925493464143786,0.36834332887543747,0.5448195576251456,4510,0.92992496,56.16407982261903,3436,0.90410215,54.48195576251387,not_significant
P15,Rod,Slc9a8,-1.304727,-0.17222582,0.19198583384083423,0.3675274849115756,0.0960419091967404,4510,0.1467906,10.465631929046676,3436,0.13130856,9.604190919674064,not_significant
P15,Rod,Mgat5,-1.3055763,-0.11229175,0.19169667350804298,0.3671049470536032,0.18568102444703144,4510,0.2940901,19.689578713968892,3436,0.27482632,18.568102444703197,not_significant
P15,Rod,Nbas,-1.3069421,-0.09171444,0.19123236167981272,0.3664774519651717,0.27735739231664724,4510,0.44629627,29.046563192904785,3436,0.42387304,27.73573923166481,not_significant
P15,Rod,Atp11c,-1.3070638,-0.054054674,0.19119101919794346,0.3664774519651717,0.09662398137369034,4510,0.16066556,10.709534368071074,3436,0.15519242,9.66239813736906,not_significant
P15,Rod,Padi2,-1.3091804,-0.1573251,0.19047324272573296,0.36567590335749167,0.1009895227008149,4510,0.15436976,10.975609756097688,3436,0.13948084,10.098952270081517,not_significant
P15,Rod,Hspb6,-1.3114396,-0.11257599,0.18970926657889198,0.3644700952468397,0.11874272409778813,4510,0.16705304,12.882483370288409,3436,0.15543744,11.874272409778845,not_significant
P15,Rod,Rcor3,-1.3128545,-0.10681072,0.1892319729189046,0.3639441745202597,0.1318393480791618,4510,0.1941718,14.279379157428052,3436,0.18149783,13.183934807916216,not_significant
P15,Rod,Tub,-1.3129905,-0.039655447,0.18918613987118682,0.3639441745202597,0.7008149010477299,4510,1.325129,70.37694013304161,3436,1.3050195,70.08149010476939,not_significant
P15,Rod,Cdkal1,-1.3130659,-0.086902566,0.18916074027690766,0.3639441745202597,0.3268335273573923,4510,0.5442393,33.96895787139748,3436,0.5193974,32.68335273573933,not_significant
P15,Rod,Ptp4a2,-1.3136381,-0.075461656,0.18896801529449248,0.3638278657715928,0.42083818393480793,4510,0.68081385,43.259423503327376,3436,0.65532684,42.08381839348092,not_significant
P15,Rod,Reep6,-1.3145201,-0.060655683,0.18867124825013615,0.36338692122575594,0.6335855646100116,4510,1.2096138,64.14634146341798,3436,1.1802975,63.35855646099881,not_significant
P15,Rod,Gm37459,-1.3203195,-0.10982519,0.18672834824651663,0.36016212153697064,0.17869615832363214,4510,0.27981985,19.113082039911262,3436,0.2617667,17.869615832363266,not_significant
P15,Rod,Kpnb1,-1.3221834,-0.08654398,0.18610709848002982,0.359222193683656,0.12165308498253784,4510,0.1741426,13.281596452328307,3436,0.16479354,12.165308498253816,not_significant
P15,Rod,Esyt2,-1.322891,-0.09436206,0.18587163533897522,0.3588968509568981,0.2639697322467986,4510,0.4326562,27.694013303769406,3436,0.41016838,26.396973224679936,not_significant
P15,Rod,Patj,-1.3280832,-0.09196353,0.18415064790771019,0.35582999833463885,0.2651338766006985,4510,0.44155464,27.89356984478938,3436,0.4192638,26.513387660069927,not_significant
P15,Rod,Eftud2,-1.3287159,-0.114010505,0.18394169377628544,0.35555432267243064,0.13445867287543656,4510,0.20280461,14.567627494456866,3436,0.18875858,13.445867287543692,not_significant
P15,Rod,Cblb,-1.3313223,-0.11777721,0.18308299288207852,0.35422793537571795,0.1239813736903376,4510,0.19653213,13.414634146341605,3436,0.18244597,12.398137369033794,not_significant
P15,Rod,Cct5,-1.3333344,-0.08652687,0.18242208103717794,0.3532534450120659,0.34837019790454016,4510,0.5359928,35.875831485588336,3436,0.51154315,34.83701979045412,not_significant
P15,Rod,Dixdc1,-1.3339626,-0.06784129,0.18221614635733696,0.35310961309998395,0.5273573923166472,4510,0.9274426,54.47893569845036,3436,0.8992835,52.73573923166437,not_significant
P15,Rod,Fam184a,-1.3341706,-0.09027598,0.18214797430007112,0.3531050719716594,0.2779394644935972,4510,0.45755062,29.379157427938075,3436,0.43502685,27.7939464493598,not_significant
P15,Rod,Map3k3,-1.3349452,-0.09958318,0.18189427118898938,0.35274073414958024,0.27153667054714786,4510,0.4504267,28.603104212860398,3436,0.42594224,27.153667054714862,not_significant
P15,Rod,Upf1,-1.336573,-0.15519685,0.1813620567495211,0.35196312315645123,0.10739231664726426,4510,0.15506797,11.662971175166446,3436,0.14030948,10.739231664726455,not_significant
P15,Rod,Ppp2r1a,-1.3374376,-0.13163322,0.18107984067006633,0.35183044716598366,0.12776484284051223,4510,0.18425249,13.791574279379287,3436,0.16946988,12.776484284051257,not_significant
P15,Rod,Ubxn2a,-1.3380585,-0.09783598,0.18087738276900045,0.35183044716598366,0.25,4510,0.37370092,26.18625277161849,3436,0.35304433,25.00000000000007,not_significant
P15,Rod,Map2k7,-1.338427,-0.121269986,0.18075730190848727,0.35180775306136636,0.1490104772991851,4510,0.22486724,15.96452328159651,3436,0.20849857,14.90104772991855,not_significant
P15,Rod,Mak,-1.3419412,-0.065727785,0.179615058070976,0.34996555448336913,0.7657159487776485,4510,1.5838597,78.15964523282061,3436,1.5478208,76.57159487776002,not_significant
P15,Rod,Baz2b,-1.3426052,-0.037777927,0.17939984686425248,0.34967324803046884,0.8867869615832363,4510,2.09088,89.06873614191252,3436,2.0679693,88.67869615831654,not_significant
P15,Rod,Atp6v1e1,-1.3439261,-0.09225689,0.17897230524901098,0.3489667195040694,0.2581490104772992,4510,0.3910706,27.228381374722797,3436,0.37081695,25.814901047729993,not_significant
P15,Rod,Mrps5,-1.3447485,-0.15859957,0.17870647751681268,0.34857510741824843,0.1318393480791618,4510,0.19009656,14.168514412416968,3436,0.17190927,13.183934807916216,not_significant
P15,Rod,Odf2l,-1.3460319,-0.12084986,0.17829222064305517,0.34802018614605096,0.09225844004656578,4510,0.1417176,10.177383592017843,3436,0.13104324,9.2258440046566,not_significant
P15,Rod,Tbc1d15,-1.3490739,-0.103497215,0.17731324347595745,0.3467401523897323,0.1140861466821886,4510,0.16445185,12.483370288248508,3436,0.15389876,11.40861466821889,not_significant
P15,Rod,Tsc22d1,-1.3495578,-0.113745674,0.17715788231774432,0.3465626844465283,0.18684516880093133,4510,0.28650972,19.77827050997776,3436,0.26744217,18.684516880093184,not_significant
P15,Rod,Nlgn2,-1.3495761,-0.12570733,0.17715200173119694,0.3465626844465283,0.15279394644935973,4510,0.23716003,16.319290465631976,3436,0.21938457,15.279394644936014,not_significant
P15,Rod,Trp53bp1,-1.3542472,-0.09838519,0.17565751985467193,0.34425536591175016,0.21885913853317812,4510,0.34344837,23.259423503325756,3436,0.32410002,21.885913853317877,not_significant
P15,Rod,Ptk2,-1.3559315,-0.08252391,0.17512095628407975,0.3436474126845481,0.3256693830034924,4510,0.536545,34.05764966740635,3436,0.5131887,32.56693830034934,not_significant
P15,Rod,4930581F22Rik,-1.3565674,-0.12335326,0.1749187259751398,0.34343486315177524,0.17724097788125728,4510,0.27962616,18.91352549889131,3436,0.25943357,17.72409778812578,not_significant
P15,Rod,Poc1b,-1.3590497,-0.09675779,0.17413085803520212,0.34226380450744753,0.28143189755529685,4510,0.4561481,29.467849223946953,3436,0.43210155,28.143189755529768,not_significant
P15,Rod,Pabpn1,-1.3636261,-0.0759752,0.17268527319259086,0.34036382000610493,0.4470314318975553,4510,0.7211669,46.31929046563364,3436,0.6944556,44.703143189755664,not_significant
P15,Rod,Pacsin2,-1.3664237,-0.072265975,0.17180599393720075,0.33956055691936066,0.4956344586728754,4510,0.8368984,51.81818181818404,3436,0.8088077,49.5634458672877,not_significant
P15,Rod,Pitpnb,-1.366957,-0.12728865,0.17163879717055308,0.33948027581963375,0.19528521536670548,4510,0.28194213,20.643015521064203,3436,0.26097587,19.528521536670603,not_significant
P15,Rod,Sez6,-1.3673549,-0.16935313,0.17151409933471584,0.3393587712399173,0.09109429569266589,4510,0.13772073,10.0000000000001,3436,0.12336821,9.109429569266613,not_significant
P15,Rod,Dtnb,-1.3691369,-0.075678065,0.17095647497968924,0.3385051796940026,0.3786379511059371,4510,0.6502917,39.42350332594343,3436,0.62555426,37.86379511059383,not_significant
P15,Rod,Stim1,-1.3692478,-0.09354421,0.17092184290977086,0.3385051796940026,0.2319557625145518,4510,0.37454724,24.6563192904654,3436,0.35473928,23.19557625145525,not_significant
P15,Rod,Vcl,-1.3720051,-0.07230388,0.1700618422421386,0.33698253483074675,0.16065192083818394,4510,0.25637025,17.405764966740588,3436,0.24525417,16.065192083818438,not_significant
P15,Rod,Eipr1,-1.372089,-0.1624425,0.17003571587556088,0.33698253483074675,0.1408614668218859,4510,0.21298753,15.055432372505631,3436,0.19234774,14.08614668218863,not_significant
P15,Rod,Pxk,-1.3724855,-0.14788269,0.1699123312615226,0.33693521067904153,0.16559953434225844,4510,0.25644147,17.605321507760536,3436,0.23415723,16.55995343422589,not_significant
P15,Rod,Ap1g1,-1.3725427,-0.08404875,0.16989452794508975,0.33693521067904153,0.27182770663562283,4510,0.41572833,28.713968957871494,3436,0.39629093,27.182770663562362,not_significant
P15,Rod,Tnpo2,-1.3736546,-0.12174533,0.16954892413136902,0.33646334777679004,0.11263096623981374,4510,0.1659262,12.305986696230766,3436,0.15347621,11.263096623981404,not_significant
P15,Rod,Bptf,-1.3750947,-0.072620906,0.16910208752271738,0.33594948054513185,0.4481955762514552,4510,0.75435865,46.80709534368247,3436,0.7280117,44.819557625145656,not_significant
P15,Rod,Supt6,-1.3751374,-0.09298933,0.16908883376639694,0.33594948054513185,0.23573923166472643,4510,0.3530476,25.055432372505305,3436,0.33430514,23.573923166472714,not_significant
P15,Rod,Hip1,-1.3795036,-0.09954396,0.16773953063008118,0.33373695930999836,0.19033760186263096,4510,0.32054862,20.399113082039822,3436,0.30209467,19.03376018626315,not_significant
P15,Rod,Tug1,-1.3806031,-0.0937766,0.16740102969319992,0.33318705872887733,0.14260768335273574,4510,0.21052065,15.498891352549963,3436,0.1985015,14.260768335273614,not_significant
P15,Rod,Srrm3,-1.3819132,-0.07116515,0.1669983680170135,0.3327560349343464,0.5363795110593713,4510,0.9351752,54.833702882485866,3436,0.9055,53.63795110593661,not_significant
P15,Rod,Gpr107,-1.3821175,-0.1318791,0.166935628139248,0.33275463000331706,0.1318393480791618,4510,0.19778132,14.257206208425835,3436,0.18198058,13.183934807916216,not_significant
P15,Rod,Fbxl5,-1.3821533,-0.07566452,0.16692465396553224,0.33275463000331706,0.5494761350407451,4510,0.94854903,56.78492239468117,3436,0.91674256,54.947613504073736,not_significant
P15,Rod,Zc3h7a,-1.3831556,-0.09850498,0.16661715715191483,0.3326142281216491,0.2572759022118743,4510,0.41271174,26.89578713968951,3436,0.3901415,25.7275902211875,not_significant
P15,Rod,Dhx29,-1.3831663,-0.13550201,0.16661388620778783,0.3326142281216491,0.1120488940628638,4510,0.16851181,12.195121951219676,3436,0.15451184,11.20488940628641,not_significant
P15,Rod,Morc2a,-1.3856077,-0.14976664,0.1658667226461774,0.3317334452923548,0.10739231664726426,4510,0.16302575,11.70731707317088,3436,0.14808159,10.739231664726455,not_significant
P15,Rod,Numb,-1.3856611,-0.08348269,0.16585041221938834,0.3317334452923548,0.3192665890570431,4510,0.52845585,33.48115299334865,3436,0.5051062,31.926658905704404,not_significant
P15,Rod,Zfp521,-1.385892,-0.0844493,0.16577986901428599,0.3317334452923548,0.32275902211874274,4510,0.544255,33.81374722838194,3436,0.5201027,32.27590221187437,not_significant
P15,Rod,Brf1,-1.3865272,-0.1339884,0.1655859792084513,0.33166661406801073,0.17782305005820723,4510,0.2712773,18.80266075388023,3436,0.2499795,17.782305005820774,not_significant
P15,Rod,Gabpb2,-1.3877839,-0.10674489,0.1652028671639535,0.3311465543600324,0.14842840512223515,4510,0.2332035,16.03104212860316,3436,0.21825747,14.842840512223557,not_significant
P15,Rod,Stk39,-1.389093,-0.055280834,0.16480447260262243,0.3308425116169411,0.5849825378346915,4510,1.061054,59.09090909091198,3436,1.0361637,58.49825378346771,not_significant
P15,Rod,Lhfpl4,-1.3903518,-0.14001517,0.1644220713477016,0.33032209389852857,0.11583236321303841,4510,0.17400251,12.61640798226181,3436,0.15912117,11.583236321303874,not_significant
P15,Rod,Brd3,-1.3926827,-0.10173658,0.16371578613105275,0.3290264056976272,0.21332945285215366,4510,0.31891248,22.682926829268126,3436,0.30014497,21.33294528521543,not_significant
P15,Rod,Ube3b,-1.3938441,-0.18351364,0.16336469671080045,0.3285670165567055,0.09313154831199069,4510,0.136685,10.221729490022279,3436,0.121307716,9.313154831199093,not_significant
P15,Rod,Pcif1,-1.3941702,-0.10024401,0.16326624157953007,0.32849216797921954,0.1909196740395809,4510,0.27995798,20.46563192904647,3436,0.26343116,19.091967403958147,not_significant
P15,Rod,Acss2,-1.3969908,-0.09011119,0.16241634989086906,0.3272732159333665,0.11670547147846333,4510,0.18121721,12.815964523281759,3436,0.17113061,11.670547147846365,not_significant
P15,Rod,Nup85,-1.3971454,-0.12846074,0.162369841537378,0.3272732159333665,0.10942956926658906,4510,0.16315073,11.973392461197497,3436,0.15024306,10.942956926658935,not_significant
P15,Rod,Chd8,-1.3974065,-0.11069587,0.16229137216147638,0.32726726326096217,0.2249708963911525,4510,0.34764183,23.70288248337009,3436,0.3257145,22.497089639115316,not_significant
P15,Rod,Hipk1,-1.397615,-0.13642249,0.1622287296403193,0.32726726326096217,0.13591385331781142,4510,0.20038974,14.656319290465733,3436,0.18386964,13.591385331781177,not_significant
P15,Rod,Snrnp200,-1.3991549,-0.13525781,0.16176652506404166,0.32670016582963834,0.1638533178114086,4510,0.23924741,17.51662971175167,3436,0.22002159,16.38533178114091,not_significant
P15,Rod,Akap8l,-1.3993139,-0.07541071,0.16171885794020502,0.32670016582963834,0.35360884749708965,4510,0.5696815,37.29490022173037,3436,0.5473156,35.36088474970907,not_significant
P15,Rod,Bsn,-1.3999377,-0.121815234,0.16153196008956217,0.3265953388316666,0.12572759022118743,4510,0.19645181,13.702882483370422,3436,0.1819048,12.572759022118776,not_significant
P15,Rod,Smarcd1,-1.4007686,-0.1320462,0.16128325876430016,0.3262862810466614,0.14057043073341094,4510,0.20460553,15.166297117516713,3436,0.18828942,14.057043073341132,not_significant
P15,Rod,Gfpt1,-1.4037082,-0.09178712,0.1604057548516178,0.3250534450412081,0.360011641443539,4510,0.5736499,37.49445676275035,3436,0.5463729,36.00116414435401,not_significant
P15,Rod,Cpsf7,-1.4038577,-0.092231855,0.16036123057128848,0.3250534450412081,0.24621653084982537,4510,0.38142356,26.053215077605174,3436,0.36158985,24.62165308498261,not_significant
P15,Rod,Fbxw8,-1.4073418,-0.13123666,0.15932604804372907,0.3237215612524859,0.0919674039580908,4510,0.1427445,10.177383592017843,3436,0.13111031,9.196740395809105,not_significant
P15,Rod,Phc3,-1.407461,-0.084928945,0.1592907322619932,0.3237215612524859,0.19761350407450523,4510,0.3096023,21.263858093126267,3436,0.29426324,19.761350407450582,not_significant
P15,Rod,Hps3,-1.4094487,-0.10463705,0.15870250756435222,0.3228214829636653,0.1909196740395809,4510,0.29639223,20.46563192904647,3436,0.27828407,19.091967403958147,not_significant
P15,Rod,Mapk8ip3,-1.4105418,-0.13273121,0.15837977671759773,0.3223642847976955,0.1621071012805588,4510,0.24085009,17.31707317073172,3436,0.2218574,16.210710128055926,not_significant
P15,Rod,Ipo7,-1.4119596,-0.11041214,0.15796182680442938,0.32180297720431417,0.1670547147846333,4510,0.24325113,17.915742793791566,3436,0.22721452,16.705471478463377,not_significant
P15,Rod,Mrpl34,-1.4123147,-0.11340923,0.15785734697821419,0.32171231352246993,0.17374854481955762,4510,0.24791975,18.580931263858062,3436,0.23118038,17.37485448195581,not_significant
P15,Rod,Fbxw11,-1.4124143,-0.12823872,0.1578280049567773,0.32171231352246993,0.22118742724097787,4510,0.3514066,23.23725055432354,3436,0.325882,22.118742724097853,not_significant
P15,Rod,Ppa2,-1.4126611,-0.06976052,0.1577553979043279,0.32171231352246993,0.48573923166472643,4510,0.8278549,50.46563192904866,3436,0.80091864,48.573923166472795,not_significant
P15,Rod,Gm15283,-1.4133732,-0.08132591,0.15754599663709146,0.32144417115304624,0.4339348079161816,4510,0.74774915,44.78935698448051,3436,0.718463,43.393480791618295,not_significant
P15,Rod,Ssbp4,-1.4139887,-0.15149285,0.15736520793217323,0.3211974792040248,0.10942956926658906,4510,0.15725654,11.951219512195278,3436,0.14264512,10.942956926658935,not_significant
P15,Rod,Stk38,-1.4210333,-0.12338478,0.15530708247926853,0.31784326227348203,0.19674039580908032,4510,0.3116487,20.99778270509967,3436,0.2894561,19.67403958090809,not_significant
P15,Rod,Hbs1l,-1.4221877,-0.1275542,0.1549717625907585,0.3173992113542683,0.15774155995343422,4510,0.23979864,16.94013303769404,3436,0.2215921,15.774155995343467,not_significant
P15,Rod,Cep120,-1.4233282,-0.083109155,0.1546410369563352,0.31684282743841935,0.37252619324796277,4510,0.61981785,39.246119733925674,3436,0.59361804,37.252619324796385,not_significant
P15,Rod,Heg1,-1.4244751,-0.074349724,0.15430898220062758,0.31640419744807585,0.560244470314319,4510,1.0388013,57.028824833705585,3436,1.005809,56.024447031430924,not_significant
P15,Rod,Hdac4,-1.4253638,-0.10959478,0.15405207864309176,0.3161191085851355,0.18364377182770664,4510,0.2872948,19.64523281596446,3436,0.2688593,18.364377182770717,not_significant
P15,Rod,Tle5,-1.4272636,-0.107103005,0.1535039281763665,0.31535621246190343,0.2511641443538999,4510,0.3883918,26.541019955654,3436,0.36509454,25.116414435390062,not_significant
P15,Rod,Myo18a,-1.4274857,-0.13766693,0.15343995229530144,0.31535621246190343,0.1350407450523865,4510,0.20951658,14.6119733924613,3436,0.19216336,13.504074505238686,not_significant
P15,Rod,Spice1,-1.428442,-0.117060475,0.1531646847943121,0.3152629966372564,0.12369033760186263,4510,0.18593998,13.481152993348255,3436,0.17262797,12.369033760186298,not_significant
P15,Rod,Zzz3,-1.4314473,-0.1004986,0.15230207986247246,0.3139693913844359,0.28958090803259606,4510,0.45065558,30.332594235033504,3436,0.42594096,28.95809080325969,not_significant
P15,Rod,Rif1,-1.4315022,-0.08297236,0.1522863221079341,0.3139693913844359,0.31140861466821884,4510,0.5126137,32.77161862527763,3436,0.48994285,31.140861466821978,not_significant
P15,Rod,Ap2b1,-1.4323987,-0.11152109,0.1520297703211769,0.3138006817710597,0.26979045401629803,4510,0.42391205,28.53658536585374,3436,0.39787367,26.979045401629882,not_significant
P15,Rod,Rnf10,-1.4324392,-0.09000873,0.1520181697640279,0.3138006817710597,0.37834691501746215,4510,0.5940119,39.06873614190792,3436,0.5665487,37.834691501746335,not_significant
P15,Rod,Zfp949,-1.435371,-0.19009115,0.15118138022325348,0.3128614674064551,0.12194412107101281,4510,0.18745753,13.148558758315007,3436,0.16612978,12.194412107101314,not_significant
P15,Rod,Kif16b,-1.4359896,-0.13728398,0.1510052900971654,0.31273836914331865,0.1548311990686845,4510,0.2536246,16.651884700665224,3436,0.23308082,15.483119906868495,not_significant
P15,Rod,Fndc3a,-1.4384034,-0.08367566,0.15031963894759978,0.31167937507341525,0.31228172293364376,4510,0.5196652,33.01552106430204,3436,0.49656317,31.22817229336447,not_significant
P15,Rod,Haus8,-1.438885,-0.12647775,0.15018310863452816,0.311677828597196,0.09662398137369034,4510,0.14686249,10.687361419068855,3436,0.13533184,9.66239813736906,not_significant
P15,Rod,Pgk1,-1.4410733,-0.085411206,0.149563966259625,0.31071305771364394,0.45052386495925495,4510,0.78300494,46.80709534368247,3436,0.75129515,45.05238649592563,not_significant
P15,Rod,Frmpd1,-1.4429586,-0.08143633,0.1490321206175171,0.3098481763536286,0.5072759022118742,4510,0.8961416,53.17073170731942,3436,0.8631185,50.72759022118745,not_significant
P15,Rod,Mcmbp,-1.4455485,-0.15637703,0.14830387615595664,0.308693050718103,0.10972060535506403,4510,0.17122862,12.017738359201932,3436,0.15493074,10.972060535506433,not_significant
P15,Rod,Ankrd11,-1.4461079,-0.07032398,0.14814694481410398,0.308486107136201,0.4988358556461001,4510,0.8553314,51.8847006651907,3436,0.82760036,49.883585564610165,not_significant
P15,Rod,Rps29,-1.4466538,-0.10734833,0.14799391353453664,0.30840689673630717,0.5634458672875436,4510,1.2363169,56.363636363639,3436,1.1840982,56.344586728753335,not_significant
P15,Rod,Ankrd28,-1.4470265,-0.10584784,0.14788951356963626,0.30830911418092843,0.24330616996507567,4510,0.39732066,25.720620842571883,3436,0.3738527,24.33061699650764,not_significant
P15,Rod,Eml3,-1.4499559,-0.10024248,0.14707081357275625,0.30696025058531695,0.27823050058207216,4510,0.4290615,29.15742793791588,3436,0.4053648,27.8230500582073,not_significant
P15,Rod,Tnks,-1.4536773,-0.08346493,0.1460358067325697,0.3053048834120107,0.29656577415599533,4510,0.47107732,31.374722838137814,3436,0.4497343,29.65657741559962,not_significant
P15,Rod,Blzf1,-1.4548165,-0.17687503,0.145720082513476,0.30497172165520303,0.11845168800931316,4510,0.17666051,12.838137472283975,3436,0.15779914,11.845168800931347,not_significant
P15,Rod,Pnpla3,-1.455524,-0.11222127,0.14552427612452132,0.3047825277430354,0.21362048894062863,4510,0.34228894,22.749445676274778,3436,0.32035786,21.362048894062927,not_significant
P15,Rod,Tpd52,-1.4555719,-0.06488515,0.14551101294100346,0.3047825277430354,0.7054714784633295,4510,1.3237157,71.86252771619031,3436,1.2909067,70.54714784632925,not_significant
P15,Rod,Zfp407,-1.456711,-0.09081664,0.14519616445755906,0.30458827772794167,0.28579743888242143,4510,0.4814584,30.19955654102019,3436,0.45786986,28.579743888242227,not_significant
P15,Rod,Pdcd6ip,-1.4575473,-0.19466822,0.1449653537375357,0.30422306629426504,0.0989522700814901,4510,0.14670917,10.84257206208438,3436,0.12933488,9.895227008149037,not_significant
P15,Rod,C1ql3,-1.4576416,-0.11056135,0.1449393597655112,0.30422306629426504,0.27735739231664724,4510,0.4333008,29.113082039911443,3436,0.40701765,27.73573923166481,not_significant
P15,Rod,Zfr2,-1.4604979,-0.13736905,0.14415328408899794,0.303111805508971,0.10564610011641444,4510,0.1639561,11.640798226164227,3436,0.15012647,10.564610011641472,not_significant
P15,Rod,Fnip1,-1.4616106,-0.0693336,0.14384794597556172,0.3025883851815345,0.49243306169965073,4510,0.86344814,50.70953436807307,3436,0.83593833,49.24330616996523,not_significant
P15,Rod,Lrit2,-1.4617008,-0.09634698,0.14382322413073922,0.3025883851815345,0.3440046565774156,4510,0.53925246,35.631929046563926,3436,0.5119564,34.40046565774166,not_significant
P15,Rod,Smarcc2,-1.4632093,-0.08541156,0.14341013075506742,0.30190421560839154,0.2837601862630966,4510,0.44484222,30.066518847006872,3436,0.4239849,28.376018626309747,not_significant
P15,Rod,Wwp2,-1.4644598,-0.16032024,0.14306835114482366,0.3016582686874348,0.09371362048894064,4510,0.14835972,10.376940133037804,3436,0.13375235,9.371362048894087,not_significant
P15,Rod,Hnrnpa3,-1.464488,-0.070612684,0.14306064139382524,0.3016582686874348,0.5058207217694994,4510,0.84239364,52.08425720621067,3436,0.8148222,50.582072176949985,not_significant
P15,Rod,Zfp532,-1.4664061,-0.11793749,0.14253768212083268,0.3010895399217125,0.23282887077997672,4510,0.36911327,24.58980044345875,3436,0.3445867,23.282887077997742,not_significant
P15,Rod,Nt5e,-1.4674842,-0.07957516,0.14224435954115533,0.30086701284651307,0.5925494761350407,4510,1.0962492,61.574279379160544,3436,1.0598613,59.254947613502495,not_significant
P15,Rod,Cs,-1.4681233,-0.09674881,0.1420707416521963,0.3006183267149432,0.1839348079161816,4510,0.28389338,19.77827050997776,3436,0.26773268,18.393480791618213,not_significant
P15,Rod,Bloc1s2,-1.4702668,-0.12890317,0.14148949664313887,0.29962481642076466,0.1210710128055879,4510,0.17035837,13.237250554323873,3436,0.15687968,12.107101280558823,not_significant
P15,Rod,Rffl,-1.4720424,-0.10432248,0.14100940207111035,0.29888743281141217,0.23544819557625146,4510,0.38429582,25.09977827050974,3436,0.36178684,23.544819557625214,not_significant
P15,Rod,Tigar,-1.473462,-0.14244442,0.1406265208960163,0.2986225883160061,0.09371362048894064,4510,0.13864835,10.399113082040023,3436,0.12640166,9.371362048894087,not_significant
P15,Rod,Ubtd1,-1.4743997,-0.08654678,0.1403740018869617,0.29820441430560896,0.4269499417927823,4510,0.7117565,44.057649667407276,3436,0.6816579,42.69499417927836,not_significant
P15,Rod,Fbxl17,-1.477064,-0.09571186,0.13965849046662257,0.29680195834507267,0.3338183934807916,4510,0.5918411,34.83370288248403,3436,0.5627488,33.38183934807926,not_significant
P15,Rod,Zfp346,-1.4807305,-0.12397651,0.13867838317419393,0.29533731493343696,0.11117578579743888,4510,0.17135692,12.239467849224111,3436,0.15830442,11.117578579743919,not_significant
P15,Rod,Pip4k2c,-1.4820564,-0.098844655,0.13832528453485965,0.2950206068568538,0.27502910360884747,4510,0.41778043,29.046563192904785,3436,0.39490753,27.50291036088483,not_significant
P15,Rod,Pnisr,-1.4827172,-0.0666415,0.13814958831940413,0.29476308343090046,0.6708381839348079,4510,1.2566824,68.44789356984855,3436,1.2238575,67.08381839347774,not_significant
P15,Rod,Xpr1,-1.4841272,-0.108186804,0.13777520259301973,0.29408125217228726,0.1880093131548312,4510,0.2986828,20.133037694013222,3436,0.279852,18.800931315483176,not_significant
P15,Rod,Ralgapa2,-1.4843359,-0.10634576,0.13771983068178656,0.29408125217228726,0.2229336437718277,4510,0.37454495,23.769401330376738,3436,0.35209566,22.293364377182836,not_significant
P15,Rod,Ppp1r7,-1.4879273,-0.15140182,0.13677007601538574,0.2925178180807532,0.15395809080325962,4510,0.22507712,16.563192904656358,3436,0.20479392,15.395809080326003,not_significant
P15,Rod,Xrn1,-1.4914107,-0.09913535,0.13585369087509735,0.2910220438714146,0.35448195576251457,4510,0.59070045,36.696230598670454,3436,0.5606311,35.448195576251564,not_significant
P15,Rod,Zfp292,-1.4915031,-0.073677205,0.13582944871103506,0.2910220438714146,0.5212456344586729,4510,0.9037132,54.146341463417066,3436,0.8736445,52.12456344586705,not_significant
P15,Rod,Aamdc,-1.493062,-0.14758733,0.1354209527814406,0.2903269347400669,0.11903376018626309,4510,0.17088519,12.993348115299492,3436,0.15549256,11.903376018626343,not_significant
P15,Rod,Dnajb2,-1.4934187,-0.10672335,0.13532763595880995,0.29024287856179787,0.16559953434225844,4510,0.23626095,17.937915742793784,3436,0.22114278,16.55995343422589,not_significant
P15,Rod,Fem1c,-1.4937345,-0.09849014,0.13524502105040537,0.29018171716574975,0.17840512223515717,4510,0.26294044,19.290465631928992,3436,0.24756491,17.840512223515766,not_significant
P15,Rod,Acvr1b,-1.4940679,-0.1317683,0.13515786210022246,0.29011075322352675,0.09691501746216531,4510,0.14520323,10.776053215077727,3436,0.13333571,9.691501746216556,not_significant
P15,Rod,Glg1,-1.4941483,-0.08659735,0.13513687011832062,0.29011075322352675,0.3189755529685681,4510,0.51306564,33.52549889135309,3436,0.48940578,31.897555296856904,not_significant
P15,Rod,Nup214,-1.4950601,-0.1200364,0.13489875430735324,0.2899026114201293,0.15395809080325962,4510,0.23778722,16.718403547671873,3436,0.22074726,15.395809080326003,not_significant
P15,Rod,Paxbp1,-1.4956923,-0.11128917,0.13473387793780256,0.28966433717770457,0.24039580908032596,4510,0.3742935,25.52106430155191,3436,0.35084155,24.03958090803267,not_significant
P15,Rod,Ist1,-1.4961756,-0.116968766,0.13460789144427815,0.2895095147181668,0.22555296856810245,4510,0.3438915,23.902439024390038,3436,0.3209691,22.555296856810312,not_significant
P15,Rod,Cipc,-1.4969357,-0.11772026,0.13440997866646656,0.28931586098191275,0.14871944121071012,4510,0.22395386,16.23059866962311,3436,0.20810683,14.871944121071055,not_significant
P15,Rod,Smim14,-1.5016803,-0.15199749,0.13317971817504912,0.28704096860116146,0.10128055878928988,4510,0.15933192,11.197339246119869,3436,0.14449412,10.128055878929015,not_significant
P15,Rod,Ntm,-1.5024712,-0.043446008,0.13297546050993178,0.28680352640742823,0.9417927823050058,4510,2.6016214,94.27937915743406,3436,2.5737703,94.17927823049246,not_significant
P15,Rod,Pter,-1.5049385,-0.19071005,0.13233989353831493,0.28566245027747333,0.0919674039580908,4510,0.14867303,10.177383592017843,3436,0.13141859,9.196740395809105,not_significant
P15,Rod,Polr3k,-1.5065757,-0.13579631,0.13191944296721814,0.28498424972861786,0.1379511059371362,4510,0.20192663,14.966740576496765,3436,0.1853648,13.795110593713659,not_significant
P15,Rod,Ikzf5,-1.5083545,-0.13824089,0.13146380743279454,0.2842947704867743,0.1108847497089639,4510,0.15671687,12.195121951219676,3436,0.14337415,11.08847497089642,not_significant
P15,Rod,Icmt,-1.5094297,-0.0820821,0.13118901322096302,0.28386360101542785,0.46420256111757857,4510,0.7651308,48.42572062084448,3436,0.7351102,46.420256111758,not_significant
P15,Rod,Rbm5,-1.5095915,-0.0874193,0.13114768957483294,0.28386360101542785,0.4732246798603027,4510,0.7946627,49.046563192906625,3436,0.76189697,47.32246798603042,not_significant
P15,Rod,Nptn,-1.5123852,-0.067534775,0.1304358954910628,0.2824619069091889,0.6830616996507567,4510,1.3190526,69.62305986696616,3436,1.284974,68.3061699650724,not_significant
P15,Rod,Ift80,-1.5124037,-0.12025208,0.13043120175292308,0.2824619069091889,0.2127473806752037,4510,0.33050993,22.66075388026591,3436,0.30774483,21.274738067520435,not_significant
P15,Rod,Ccdc191,-1.5175024,-0.116398506,0.12913989450569538,0.2803344371220356,0.24563445867287545,4510,0.40170097,25.92017738359186,3436,0.375724,24.563445867287616,not_significant
P15,Rod,Rragc,-1.5178964,-0.16690549,0.12904052227128335,0.2802321301470299,0.0989522700814901,4510,0.14662808,10.953436807095471,3436,0.13161604,9.895227008149037,not_significant
P15,Rod,Gns,-1.5221488,-0.10257054,0.12797178961127528,0.2787010472898419,0.1970314318975553,4510,0.29765064,21.19733924611962,3436,0.27982512,19.703143189755586,not_significant
P15,Rod,Sec11c,-1.523037,-0.14361052,0.1277494523400382,0.2784429347224563,0.10157159487776485,4510,0.14143355,11.263858093126522,3436,0.12885858,10.15715948777651,not_significant
P15,Rod,Npc1,-1.52839,-0.16214933,0.12641572803934828,0.27600772615887803,0.10360884749708964,4510,0.15184994,11.419068736142048,3436,0.13675973,10.360884749708992,not_significant
P15,Rod,Slc20a1,-1.5294789,-0.13092199,0.12614575602854647,0.2757840596422317,0.09167636786961583,4510,0.13472664,10.221729490022279,3436,0.12373172,9.167636786961607,not_significant
P15,Rod,Utp6,-1.5318683,-0.111356005,0.12555493718176886,0.27488844205837065,0.14318975552968569,4510,0.21461849,15.654101995565478,3436,0.20016685,14.318975552968608,not_significant
P15,Rod,Lrrc2,-1.5333253,-0.10545413,0.12519572659294406,0.27447316544331224,0.12339930151338765,4510,0.18699473,13.636363636363772,3436,0.17489995,12.3399301513388,not_significant
P15,Rod,Smarca2,-1.5362802,-0.078347676,0.12446967832739837,0.2731814052979398,0.4871944121071013,4510,0.8392312,50.28824833703091,3436,0.8087483,48.71944121071028,not_significant
P15,Rod,Camsap1,-1.5376495,-0.073972076,0.12413433159477964,0.27270433817537426,0.5506402793946449,4510,0.97254324,56.89578713969227,3436,0.940968,55.0640279394637,not_significant
P15,Rod,Zfp236,-1.5400748,-0.15443778,0.12354211529184476,0.271590125584203,0.19644935972060534,4510,0.3092919,20.776053215077503,3436,0.28191328,19.644935972060594,not_significant
P15,Rod,Eif5b,-1.5412147,-0.10130916,0.12326452853705183,0.2711592879959042,0.33032596041909196,4510,0.54178005,34.478935698448524,3436,0.5130048,33.032596041909294,not_significant
P15,Rod,Ppp1cc,-1.5418252,-0.09299543,0.12311608458748825,0.2709867368597813,0.3562281722933644,4510,0.56425506,37.33924611973482,3436,0.53696686,35.62281722933655,not_significant
P15,Rod,Eloa,-1.542005,-0.14961296,0.12307239818616686,0.2709867368597813,0.09953434225844005,4510,0.14273612,11.042128603104343,3436,0.12954628,9.953434225844031,not_significant
P15,Rod,Suco,-1.543961,-0.10426713,0.12259775703716036,0.2701784588115564,0.1810244470314319,4510,0.28093666,19.556541019955592,3436,0.26371235,18.10244470314324,not_significant
P15,Rod,Pbx1,-1.5449513,-0.06490499,0.1223580363818644,0.2700921542977007,0.6955762514551804,4510,1.4037362,70.26607538803053,3436,1.3699925,69.55762514551454,not_significant
P15,Rod,Canx,-1.5454307,-0.11066301,0.12224213436313092,0.26999537815965624,0.2590221187427241,4510,0.40705103,27.317073170731675,3436,0.38205105,25.902211874272485,not_significant
P15,Rod,Snhg6,-1.5462908,-0.13920645,0.12203435132172721,0.26979502755641566,0.15424912689173456,4510,0.22910227,16.762749445676306,3436,0.21008906,15.424912689173501,not_significant
P15,Rod,Setd2,-1.5477054,-0.09475545,0.1216932373645375,0.26918042277252746,0.31257275902211873,4510,0.49292266,32.993348115299824,3436,0.46787283,31.257275902211966,not_significant
P15,Rod,Set,-1.549363,-0.087699056,0.1212944931293682,0.2686307436605826,0.36321303841676367,4510,0.59886825,38.27050997782803,3436,0.57193553,36.321303841676475,not_significant
P15,Rod,Csnk1d,-1.5494577,-0.11842081,0.12127173208606055,0.2686307436605826,0.1522118742724098,4510,0.22609942,16.585365853658573,3436,0.21002397,15.22118742724102,not_significant
P15,Rod,Lmln,-1.5495514,-0.11453873,0.12124924241124585,0.2686307436605826,0.20518044237485447,4510,0.32718366,22.12860310421271,3436,0.30565578,20.51804423748551,not_significant
P15,Rod,Abce1,-1.5504495,-0.1399351,0.12103367665375737,0.2684965432467968,0.1420256111757858,4510,0.21500708,15.476718403547746,3436,0.19696124,14.202561117578618,not_significant
P15,Rod,Lrrc28,-1.5514262,-0.14319555,0.12079959857095895,0.2680881451115531,0.12543655413271246,4510,0.20320334,13.747228381374853,3436,0.18567511,12.54365541327128,not_significant
P15,Rod,Hmgb1,-1.5528194,-0.08496834,0.12046628352381297,0.26756983222431996,0.4959254947613504,4510,0.90107787,50.84257206208639,3436,0.86652076,49.5925494761352,not_significant
P15,Rod,Pdcd11,-1.5549123,-0.18720238,0.11996694527667973,0.26668159737426855,0.10273573923166472,4510,0.15809423,11.330376940133176,3436,0.14013879,10.2735739231665,not_significant
P15,Rod,Pitpnm1,-1.5571833,-0.072246745,0.11942698992110475,0.2659221145441286,0.5465657741559954,4510,0.93541914,56.252771618627904,3436,0.9052932,54.65657741559882,not_significant
P15,Rod,Ipo9,-1.5580367,-0.109155156,0.119224545216706,0.2655815866039913,0.20023282887077998,4510,0.3099737,21.529933481152867,3436,0.29036018,20.023282887078057,not_significant
P15,Rod,Alms1,-1.5615631,-0.12512511,0.11839093931002698,0.2640536376128835,0.20838183934807916,4510,0.34952602,22.195121951219363,3436,0.32471514,20.838183934807976,not_significant
P15,Rod,Kat6a,-1.5618988,-0.11241819,0.11831181965670216,0.26398693870156004,0.3277066356228172,4510,0.5177933,33.9911308203997,3436,0.48702714,32.77066356228182,not_significant
P15,Rod,Ern1,-1.5674893,-0.1613768,0.11700038319078418,0.2618231353505909,0.13853317811408614,4510,0.22162586,15.055432372505631,3436,0.2003644,13.853317811408653,not_significant
P15,Rod,Aggf1,-1.5682459,-0.098099284,0.1168237455405124,0.2615369662267565,0.16996507566938301,4510,0.24886318,18.558758314855847,3436,0.23427439,16.996507566938348,not_significant
P15,Rod,Arhgap32,-1.5691097,-0.08748632,0.11662238679272027,0.2611951911299171,0.37077997671711294,4510,0.6233455,39.42350332594343,3436,0.59567493,37.0779976717114,not_significant
P15,Rod,Fam53b,-1.5693067,-0.08950001,0.11657649670676334,0.2611951911299171,0.4790454016298021,4510,0.8053308,50.24390243902646,3436,0.7714968,47.90454016298036,not_significant
P15,Rod,Ppargc1a,-1.5734069,-0.111316964,0.11562461487798838,0.259502273726163,0.3018044237485448,4510,0.5034757,31.707317073171104,3436,0.47366104,30.18044237485457,not_significant
P15,Rod,Abcg4,-1.5749136,-0.123140484,0.1152763877588851,0.2589374137096565,0.16880093131548313,4510,0.2555737,18.292682926829247,3436,0.23695035,16.88009313154836,not_significant
P15,Rod,Wdr43,-1.5783271,-0.15379721,0.11449047985331967,0.25781987150848307,0.1548311990686845,4510,0.2364301,16.696230598669658,3436,0.21490854,15.483119906868495,not_significant
P15,Rod,Nr6a1,-1.5795785,-0.118787505,0.11420342854220014,0.25749776826412846,0.23661233993015135,4510,0.41557404,25.254988913525278,3436,0.3883299,23.661233993015205,not_significant
P15,Rod,Agap3,-1.5798681,-0.11466315,0.11413708558484642,0.2574564033124963,0.17316647264260768,4510,0.26236236,18.780487804878014,3436,0.24457388,17.31664726426082,not_significant
P15,Rod,Raph1,-1.580977,-0.10542166,0.11388331508165181,0.25710021132069877,0.28637951105937137,4510,0.48206457,30.376940133037944,3436,0.45474154,28.63795110593722,not_significant
P15,Rod,Nhs,-1.581598,-0.13523567,0.11374135870835483,0.2569960607041345,0.09138533178114086,4510,0.16472706,10.243902439024497,3436,0.15104431,9.138533178114109,not_significant
P15,Rod,Phactr4,-1.5839852,-0.14020295,0.11319707222837283,0.25608987576254405,0.11263096623981374,4510,0.17689924,12.483370288248508,3436,0.16177012,11.263096623981404,not_significant
P15,Rod,Sorbs1,-1.5846885,-0.13194577,0.11303710686636442,0.25593815192230174,0.19150174621653085,4510,0.31095272,20.509977827050903,3436,0.28731757,19.15017462165314,not_significant
P15,Rod,Cdk19,-1.5855693,-0.08115626,0.11283706598722867,0.25559882683931356,0.5352153667054714,4510,0.97643375,55.80931263858352,3436,0.94174045,53.521536670546645,not_significant
P15,Rod,Pdzd8,-1.5861098,-0.1078354,0.11271440141753117,0.25550760067249817,0.19150174621653085,4510,0.29137585,20.73170731707307,3436,0.27300343,19.15017462165314,not_significant
P15,Rod,Nsun4,-1.5861694,-0.14335248,0.11270089527164875,0.25550760067249817,0.1379511059371362,4510,0.21476285,15.099778270510065,3436,0.1963131,13.795110593713659,not_significant
P15,Rod,Gapvd1,-1.5868183,-0.10253921,0.11255379693614215,0.2553931152972004,0.349825378346915,4510,0.5767957,36.65188470066602,3436,0.5462635,34.982537834691605,not_significant
P15,Rod,Uap1,-1.5874597,-0.11804382,0.11240857961453234,0.2552750300814358,0.17782305005820723,4510,0.26417896,19.223946784922344,3436,0.24577078,17.782305005820774,not_significant
P15,Rod,Trip11,-1.5877179,-0.1049102,0.11235014965555215,0.25525040353764583,0.27386495925494764,4510,0.44283235,29.113082039911443,3436,0.41741818,27.38649592549484,not_significant
P15,Rod,Yme1l1,-1.5890232,-0.10362349,0.11205515721418585,0.25479604209279055,0.29336437718277064,4510,0.45479158,30.997782705100086,3436,0.4291391,29.336437718277153,not_significant
P15,Rod,Nbeal1,-1.5893308,-0.11456549,0.11198573057011946,0.2547461657243939,0.2811408614668219,4510,0.46078873,29.623059866962485,3436,0.4321982,28.114086146682272,not_significant
P15,Rod,Mdn1,-1.5938598,-0.19830136,0.11096744001116841,0.2530737024744504,0.12514551804423749,4510,0.20297933,13.636363636363772,3436,0.17910445,12.514551804423782,not_significant
P15,Rod,Prxl2c,-1.5978054,-0.14205782,0.11008628387898141,0.2515989888056482,0.12485448195576251,4510,0.1849111,13.747228381374853,3436,0.16895327,12.485448195576286,not_significant
P15,Rod,Cep89,-1.598978,-0.13304019,0.1098254774646168,0.2511099152260036,0.18044237485448195,4510,0.2766074,19.423503325942292,3436,0.25509024,18.044237485448246,not_significant
P15,Rod,Sh3gl2,-1.6006033,-0.08004131,0.10946480591151499,0.25060572723404456,0.6667636786961583,4510,1.3374095,69.11308203991511,3436,1.2967954,66.67636786961286,not_significant
P15,Rod,Ppwd1,-1.6062794,-0.14005381,0.10821255244495719,0.24826866181127047,0.12281722933643772,4510,0.19184014,13.547671840354905,3436,0.1755588,12.281722933643806,not_significant
P15,Rod,Ro60,-1.6098785,-0.09942509,0.10742437006702503,0.2468827425190755,0.2779394644935972,4510,0.44272643,29.600886917960267,3436,0.41861546,27.7939464493598,not_significant
P15,Rod,Rpa1,-1.6103102,-0.18940014,0.10733014648308947,0.2468764670813925,0.09313154831199069,4510,0.14161073,10.399113082040023,3436,0.12523237,9.313154831199093,not_significant
P15,Rod,Tmem41b,-1.611172,-0.12920454,0.10714224872329776,0.2467605349712175,0.13911525029103608,4510,0.20937265,15.25498891352558,3436,0.19305764,13.911525029103647,not_significant
P15,Rod,Wbp2,-1.6114476,-0.13077475,0.10708219766529861,0.2467605349712175,0.22235157159487776,4510,0.3285022,23.725055432372304,3436,0.3039385,22.23515715948784,not_significant
P15,Rod,Gatad2a,-1.6122613,-0.12763679,0.10690510216319898,0.24667364478940318,0.17316647264260768,4510,0.26013452,18.758314855875796,3436,0.24055001,17.31664726426082,not_significant
P15,Rod,Cep57l1,-1.6144509,-0.11478444,0.10642966368869139,0.24586077348240337,0.15861466821885914,4510,0.2552235,17.339246119733936,3436,0.2378457,15.861466821885958,not_significant
P15,Rod,Pdzd2,-1.6153944,-0.038186666,0.10622531472800437,0.24558822658631438,0.8649592549476135,4510,1.9511807,86.67405764967283,3436,1.9285175,86.49592549475467,not_significant
P15,Rod,Arhgef10l,-1.6159307,-0.13601851,0.10610930309990092,0.2454378188132249,0.1970314318975553,4510,0.30913195,21.086474501108533,3436,0.28491586,19.703143189755586,not_significant
P15,Rod,Gm17021,-1.6171322,-0.16411592,0.10584975703412036,0.24504881170954754,0.09458672875436554,4510,0.14638765,10.598669623059983,3436,0.13163696,9.458672875436578,not_significant
P15,Rod,Xrn2,-1.6179183,-0.12122348,0.10568022017681028,0.24476196072038442,0.2889988358556461,4510,0.4569255,30.376940133037944,3436,0.42692086,28.899883585564694,not_significant
P15,Rod,Ddx17,-1.619013,-0.0586996,0.10544448499126811,0.24432147623894693,0.6885913853317811,4510,1.2685732,69.15742793791956,3436,1.2394972,68.85913853317473,not_significant
P15,Rod,Rab3gap2,-1.6199228,-0.13689785,0.10524886188959653,0.24397359342082794,0.17171129220023282,4510,0.27021104,18.558758314855847,3436,0.24854286,17.17112922002333,not_significant
P15,Rod,Fer,-1.6202278,-0.11263088,0.10518334260469928,0.24396543311224672,0.26979045401629803,4510,0.44497827,28.58093126385818,3436,0.41763437,26.979045401629882,not_significant
P15,Rod,Glyr1,-1.6209385,-0.12349137,0.10503082089610394,0.243784216047902,0.210128055878929,4510,0.3200361,22.572062084257045,3436,0.29731175,21.01280558789296,not_significant
P15,Rod,Ap1ar,-1.6217699,-0.144426,0.10485261962364742,0.24347595310010595,0.10535506402793947,4510,0.15329398,11.751662971175318,3436,0.1396628,10.535506402793974,not_significant
P15,Rod,Epm2a,-1.6232389,-0.11241044,0.10453833434608281,0.24285128862381472,0.1330034924330617,4510,0.21575509,14.722838137472383,3436,0.20110095,13.300349243306206,not_significant
P15,Rod,Wdr59,-1.6253488,-0.11249867,0.10408825171653954,0.24212028716718045,0.24534342258440048,4510,0.39544132,26.075388026607392,3436,0.37063494,24.53434225844012,not_significant
P15,Rod,Mknk1,-1.6260003,-0.14628753,0.10394958722024712,0.24200190195164273,0.13329452852153667,4510,0.20441307,14.6119733924613,3436,0.18642516,13.329452852153704,not_significant
P15,Rod,Evi5l,-1.6260782,-0.1419784,0.10393301509183098,0.24200190195164273,0.11263096623981374,4510,0.17569152,12.505543237250727,3436,0.16047521,11.263096623981404,not_significant
P15,Rod,Orc2,-1.626162,-0.123847224,0.10391519873233408,0.24200190195164273,0.18917345750873107,4510,0.2998977,20.443458980044255,3436,0.27835214,18.917345750873164,not_significant
P15,Rod,Nf1,-1.6283263,-0.08408191,0.10345570851632238,0.24158761593452316,0.5093131548311991,4510,0.91133046,52.68292682927059,3436,0.8768861,50.93131548311989,not_significant
P15,Rod,Fmc1,-1.6322899,-0.17495674,0.10261842433061848,0.24005461321824575,0.1548311990686845,4510,0.22581658,16.718403547671873,3436,0.20246072,15.483119906868495,not_significant
P15,Rod,Pgm1,-1.6353251,-0.13379586,0.10198090936714081,0.2389451826733867,0.23166472642607683,4510,0.36115298,24.501108647449886,3436,0.33393788,23.16647264260775,not_significant
P15,Rod,Edrf1,-1.6363679,-0.15906733,0.10176260413246661,0.23867713535922644,0.12165308498253784,4510,0.18682732,13.414634146341605,3436,0.1688767,12.165308498253816,not_significant
P15,Rod,Maml3,-1.6378005,-0.19085936,0.10146331486426302,0.2380792742484282,0.11932479627473806,4510,0.21541904,13.082039911308357,3436,0.19111153,11.932479627473839,not_significant
P15,Rod,Dicer1,-1.6392261,-0.108980425,0.10116617461761954,0.23758991271843746,0.24970896391152503,4510,0.3868425,26.696230598669533,3436,0.36322528,24.97089639115258,not_significant
P15,Rod,Ube2h,-1.6399378,-0.08985117,0.10101810122730966,0.23745008544403548,0.42840512223515714,4510,0.7411933,44.61197339246276,3436,0.7090763,42.840512223515844,not_significant
P15,Rod,Zfp609,-1.6404755,-0.11034465,0.10090632944440757,0.23729134201657265,0.290454016298021,4510,0.48537937,30.50997782705126,3436,0.4566563,29.045401629802182,not_significant
P15,Rod,Rbbp6,-1.6407328,-0.08983097,0.1008528892429179,0.23729134201657265,0.3850407450523865,4510,0.62363595,40.731707317074374,3436,0.59522545,38.50407450523877,not_significant
P15,Rod,Pdlim5,-1.6417087,-0.18002848,0.1006503785712872,0.2370011548096508,0.09429569266589057,4510,0.15609601,10.554323725055548,3436,0.13899599,9.429569266589082,not_significant
P15,Rod,Fam53c,-1.6429746,-0.1627953,0.10038818426675108,0.23648758032799858,0.1318393480791618,4510,0.19565162,14.456762749445783,3436,0.17650741,13.183934807916216,not_significant
P15,Rod,Trak1,-1.645145,-0.11377683,0.09993989722945189,0.23563850933572744,0.2671711292200233,4510,0.4120689,28.51441241685152,3436,0.38612473,26.717112922002407,not_significant
P15,Rod,Slc1a2,-1.6471995,-0.070785835,0.0995170367288968,0.2350547710320574,0.7159487776484285,4510,1.418662,73.23725055432791,3436,1.3816954,71.59487776483896,not_significant
P15,Rod,Osbpl9,-1.6499575,-0.09539232,0.09895161600156901,0.23413165779991893,0.34720605355064027,4510,0.5775956,36.47450110864826,3436,0.5491217,34.72060535506413,not_significant
P15,Rod,Gpam,-1.6503456,-0.1186015,0.09887227381589772,0.23413165779991893,0.18771827706635622,4510,0.28912082,20.376940133037603,3436,0.2691065,18.771827706635676,not_significant
P15,Rod,Epb41l3,-1.6600444,-0.12930742,0.09690551809453914,0.23030624681396009,0.23050058207217694,4510,0.3746566,24.611973392460968,3436,0.34750327,23.050058207217763,not_significant
P15,Rod,Os9,-1.6609688,-0.17685713,0.09671970783046874,0.23017059130551656,0.11117578579743888,4510,0.15993507,12.305986696230766,3436,0.14273587,11.117578579743919,not_significant
P15,Rod,Mapk1ip1,-1.6631298,-0.13857296,0.09628644616320407,0.22942713670568016,0.11932479627473806,4510,0.18298243,13.25942350332609,3436,0.16754963,11.932479627473839,not_significant
P15,Rod,Vapb,-1.6647708,-0.13267006,0.09595847155180695,0.22886671471938305,0.15395809080325962,4510,0.22582732,16.851441241685173,3436,0.20790769,15.395809080326003,not_significant
P15,Rod,Hsp90b1,-1.6655705,-0.09476274,0.09579898921316275,0.22858797959937943,0.4688591385331781,4510,0.8345261,48.15964523281785,3436,0.7978829,46.88591385331796,not_significant
P15,Rod,Mest,-1.6661918,-0.1723034,0.09567521767176071,0.22839424458892943,0.14348079161816066,4510,0.21870245,15.631929046563261,3436,0.19634013,14.348079161816104,not_significant
P15,Rod,Prpf18,-1.6687236,-0.12876895,0.09517217179443946,0.22780166421480288,0.18946449359720605,4510,0.28982067,20.532150776053122,3436,0.26810256,18.94644935972066,not_significant
P15,Rod,Nucb2,-1.6721691,-0.12859936,0.09449097512454048,0.22657558809478548,0.1720023282887078,4510,0.25521347,18.713968957871362,3436,0.2358173,17.200232828870828,not_significant
P15,Rod,Abi1,-1.6721735,-0.11155161,0.09449011171366437,0.22657558809478548,0.2511641443538999,4510,0.39273798,26.85144124168507,3436,0.3682737,25.116414435390062,not_significant
P15,Rod,Tmem131,-1.6723821,-0.12657903,0.09444898759148757,0.22657558809478548,0.19965075669383003,4510,0.3095785,21.507760532150648,3436,0.28696033,19.96507566938306,not_significant
P15,Rod,Tex10,-1.6740602,-0.14224716,0.09411877355181827,0.22598616890418677,0.1362048894062864,4510,0.21362731,15.033259423503415,3436,0.19540162,13.620488940628675,not_significant
P15,Rod,Ndufc1,-1.674487,-0.10941714,0.09403492405749886,0.22588595281881949,0.2776484284051222,4510,0.47810104,29.55654101995583,3436,0.44995156,27.764842840512305,not_significant
P15,Rod,Nhlrc2,-1.6782639,-0.115938626,0.09329559512809413,0.22451214547649032,0.21623981373690337,4510,0.34828404,23.30376940133019,3436,0.325312,21.623981373690402,not_significant
P15,Rod,Acot13,-1.6791975,-0.13962792,0.09311354044686183,0.22417460994477867,0.10128055878928988,4510,0.14331141,11.374722838137611,3436,0.13091858,10.128055878929015,not_significant
P15,Rod,Cse1l,-1.6852566,-0.12900509,0.09193907072310663,0.22170618728420002,0.18480791618160652,4510,0.28972724,20.044345898004355,3436,0.26797664,18.480791618160705,not_significant
P15,Rod,Tnrc6a,-1.6852733,-0.08465049,0.09193585667031161,0.22170618728420002,0.47497089639115253,4510,0.8161344,49.66740576496876,3436,0.78382635,47.497089639115394,not_significant
P15,Rod,Cep63,-1.6866798,-0.13672929,0.09166492171006432,0.22148227029404732,0.11845168800931316,4510,0.17898037,13.170731707317223,3436,0.16405149,11.845168800931347,not_significant
P15,Rod,Ttc4,-1.6869972,-0.1386245,0.09160388674063577,0.22143454190030207,0.12543655413271246,4510,0.19015014,13.90243902439037,3436,0.17415835,12.54365541327128,not_significant
P15,Rod,Rnf187,-1.6870934,-0.14016268,0.09158538955093402,0.22143454190030207,0.10942956926658906,4510,0.15965857,12.239467849224111,3436,0.14590232,10.942956926658935,not_significant
P15,Rod,Ccdc138,-1.6896352,-0.17878501,0.09109777604651184,0.22050923768659275,0.10128055878928988,4510,0.1670181,11.308203991130958,3436,0.14892763,10.128055878929015,not_significant
P15,Rod,Plch2,-1.6914037,-0.086047485,0.09075972432506102,0.21993937676358963,0.4851571594877765,4510,0.822611,50.909090909093045,3436,0.7896066,48.515715948777796,not_significant
P15,Rod,Nemf,-1.6936126,-0.10089606,0.09033891774437344,0.21923868813394007,0.300058207217695,4510,0.48914126,32.12860310421327,3436,0.4626638,30.005820721769588,not_significant
P15,Rod,Nckap1,-1.6965104,-0.11548735,0.08978925752400321,0.2183156525025874,0.29336437718277064,4510,0.48004627,31.152993348115622,3436,0.45027834,29.336437718277153,not_significant
P15,Rod,Fam107b,-1.6976862,-0.0993576,0.08956700946770128,0.2180832677189059,0.38154831199068684,4510,0.6263082,39.51219512195231,3436,0.594843,38.1548311990688,not_significant
P15,Rod,Fsd1l,-1.6990548,-0.090870366,0.08930885478294452,0.217553450070715,0.5055296856810244,4510,0.86762136,51.7738359201796,3436,0.83157057,50.5529685681025,not_significant
P15,Rod,Ap4e1,-1.7027742,-0.18918613,0.08861032844771716,0.21614634006073435,0.10564610011641444,4510,0.16934852,11.729490022173099,3436,0.15001683,10.564610011641472,not_significant
P15,Rod,Add1,-1.7056814,-0.082828075,0.08806740291780488,0.21501754631365744,0.5779976717112922,4510,1.0228748,59.800443458983,3436,0.98648673,57.79976717112791,not_significant
P15,Rod,Dip2c,-1.7069438,-0.092605524,0.08783251635353954,0.21463946137603013,0.41850989522700816,4510,0.77575135,44.190687361420586,3436,0.7416243,41.85098952270094,not_significant
P15,Rod,Eps15,-1.7096564,-0.1998535,0.08732944601202469,0.21360471883652551,0.09545983701979045,4510,0.15013568,10.687361419068855,3436,0.13193703,9.54598370197907,not_significant
P15,Rod,Snx14,-1.7101887,-0.15515052,0.08723096884098193,0.21346118470028608,0.11874272409778813,4510,0.18282038,13.19290465631944,3436,0.16563769,11.874272409778845,not_significant
P15,Rod,Ralbp1,-1.7106478,-0.09513871,0.0871461373120061,0.21335092676476528,0.17229336437718276,4510,0.2641176,18.957871396895744,3436,0.24919331,17.229336437718327,not_significant
P15,Rod,Hnrnph1,-1.7149335,-0.09881151,0.08635742609096429,0.2117098873637717,0.31752037252619325,4510,0.49740902,33.791574279379724,3436,0.4711238,31.75203725261942,not_significant
P15,Rod,A930007I19Rik,-1.7164967,-0.14309622,0.08607118062410517,0.21120119527342185,0.18742724097788127,4510,0.30518615,20.243902439024307,3436,0.28003716,18.74272409778818,not_significant
P15,Rod,Micu2,-1.7194359,-0.13797152,0.08553502280640461,0.2102703310419589,0.17520372526193248,4510,0.2839826,18.980044345897962,3436,0.26117718,17.5203725261933,not_significant
P15,Rod,Apc,-1.7204483,-0.08836007,0.08535099998738946,0.21010682144669898,0.5640279394644936,4510,1.0334611,58.60310421286316,3436,0.99443597,56.40279394644831,not_significant
P15,Rod,Pum2,-1.7244846,-0.096187755,0.08462041104434402,0.2088285862604325,0.37514551804423746,4510,0.6089521,39.71175166297228,3436,0.57909405,37.51455180442386,not_significant
P15,Rod,Sod1,-1.7260201,-0.17225945,0.0843437959004113,0.20848853511972634,0.09167636786961583,4510,0.13056457,10.354767184035586,3436,0.116692886,9.167636786961607,not_significant
P15,Rod,Naf1,-1.7294415,-0.18047458,0.08373009894496249,0.2070669666854674,0.10273573923166472,4510,0.1543332,11.50776053215092,3436,0.13737358,10.2735739231665,not_significant
P15,Rod,Gm12353,-1.7295923,-0.12851955,0.08370313222699768,0.2070669666854674,0.20925494761350408,4510,0.3614702,22.505543237250393,3436,0.33527547,20.925494761350468,not_significant
P15,Rod,Zfyve26,-1.731213,-0.19875205,0.08341379603799463,0.2064751278024011,0.12834691501746218,4510,0.20445707,14.10199556541032,3436,0.1803721,12.834691501746251,not_significant
P15,Rod,Foxk2,-1.7316606,-0.16999227,0.08333399918470435,0.2063874516641839,0.12456344586728754,4510,0.19544904,13.76940133037707,3436,0.17551826,12.45634458672879,not_significant
P15,Rod,Usp49,-1.7325425,-0.16059561,0.08317700509240873,0.20626974355787353,0.1318393480791618,4510,0.20793271,14.567627494456866,3436,0.18795724,13.183934807916216,not_significant
P15,Rod,Cog4,-1.7360343,-0.16104439,0.08255777217255132,0.2050184675618358,0.14930151338766007,4510,0.2376086,16.34146341463419,3436,0.2150173,14.930151338766048,not_significant
P15,Rod,Lrch3,-1.7384663,-0.10276885,0.08212869399589268,0.20436474851108508,0.3477881257275902,4510,0.5857892,36.89578713969043,3436,0.5548335,34.77881257275913,not_significant
P15,Rod,Pou2f1,-1.7427096,-0.10138817,0.08138435131386751,0.20289915519559049,0.3690337601862631,4510,0.6291488,38.980044345899046,3436,0.5969466,36.903376018626425,not_significant
P15,Rod,Farp2,-1.7427945,-0.12438122,0.08136950745177647,0.20289915519559049,0.19965075669383003,4510,0.31090015,21.5742793791573,3436,0.28858042,19.96507566938306,not_significant
P15,Rod,Hnrnph3,-1.7447064,-0.088230446,0.08103598175928452,0.20255219299012214,0.4828288707799767,4510,0.7964606,50.06651884700871,3436,0.76334345,48.28288707799782,not_significant
P15,Rod,Lcmt1,-1.7449578,-0.16979328,0.08099220810466648,0.2025371581694317,0.10535506402793947,4510,0.15361807,11.796008869179753,3436,0.13768107,10.535506402793974,not_significant
P15,Rod,Mgrn1,-1.7457013,-0.19764404,0.08086285906845259,0.2023080112141696,0.09167636786961583,4510,0.13962899,10.354767184035586,3436,0.12280398,9.167636786961607,not_significant
P15,Rod,Rnf216,-1.7482218,-0.14432134,0.08042563560719132,0.20140201185666398,0.25378346915017463,4510,0.41485953,26.85144124168507,3436,0.38200024,25.378346915017534,not_significant
P15,Rod,Samm50,-1.7489933,-0.1875512,0.08029218112144725,0.20125572875487993,0.089930151338766,4510,0.13171697,10.177383592017843,3436,0.11655823,8.993015133876623,not_significant
P15,Rod,Susd6,-1.750393,-0.15034778,0.08005051022684151,0.2009041350096928,0.1522118742724098,4510,0.25044852,16.718403547671873,3436,0.22827853,15.22118742724102,not_significant
P15,Rod,Mapkapk2,-1.7512404,-0.20122533,0.07990451941957431,0.20081730016305555,0.10128055878928988,4510,0.15982755,11.330376940133176,3436,0.14041026,10.128055878929015,not_significant
P15,Rod,Sae1,-1.7513344,-0.17365186,0.0798883249576846,0.20081730016305555,0.11961583236321303,4510,0.18570624,13.32594235033274,3436,0.16629906,11.961583236321337,not_significant
P15,Rod,Pdpk1,-1.7525535,-0.11178891,0.07967868872609339,0.20046739508760084,0.24912689173457508,4510,0.38877288,26.718403547671755,3436,0.36446348,24.912689173457583,not_significant
P15,Rod,Vps41,-1.7557253,-0.15535843,0.07913532458658666,0.19947456817784343,0.16734575087310827,4510,0.26109454,18.20399113082038,3436,0.23735505,16.734575087310873,not_significant
P15,Rod,Pign,-1.7571158,-0.14424202,0.07889807011788984,0.1989700273212793,0.1239813736903376,4510,0.2065342,13.83592017738372,3436,0.1886204,12.398137369033794,not_significant
P15,Rod,Gsk3a,-1.7571306,-0.1951852,0.07889554661163346,0.1989700273212793,0.09022118742724097,4510,0.1304812,10.19955654102006,3436,0.11488088,9.022118742724121,not_significant
P15,Rod,Mfn2,-1.757956,-0.16463158,0.0787549963231727,0.19879614130705806,0.10273573923166472,4510,0.14927028,11.552106430155355,3436,0.13420334,10.2735739231665,not_significant
P15,Rod,Iars2,-1.7598499,-0.15368243,0.07843326290049657,0.19819684548397415,0.13038416763678695,4510,0.20768823,14.434589800443568,3436,0.1885558,13.03841676367873,not_significant
P15,Rod,Arsg,-1.7605344,-0.19580097,0.0783172409029806,0.19806396992154077,0.12892898719441212,4510,0.21150324,14.190687361419185,3436,0.18701196,12.892898719441245,not_significant
P15,Rod,Ston2,-1.760986,-0.14827822,0.07824077428505738,0.1979704281602539,0.17956926658905703,4510,0.29513285,19.401330376940077,3436,0.26985407,17.956926658905754,not_significant
P15,Rod,Arhgap21,-1.7613192,-0.17595318,0.07818438895025118,0.1979704281602539,0.13474970896391153,4510,0.21939975,14.81152993348125,3436,0.19652103,13.47497089639119,not_significant
P15,Rod,Gtf3c1,-1.7639208,-0.12953314,0.0777453110532766,0.19717534207554405,0.2121653084982538,4510,0.32306632,22.949002217294726,3436,0.29907337,21.21653084982544,not_significant
P15,Rod,Zfp207,-1.764336,-0.100320786,0.07767542097972384,0.19709127631752066,0.46420256111757857,4510,0.7805191,48.603104212862235,3436,0.7434428,46.420256111758,not_significant
P15,Rod,Foxo1,-1.7651638,-0.22147459,0.07753623561665779,0.19683121999420367,0.10564610011641444,4510,0.17326152,11.751662971175318,3436,0.15036207,10.564610011641472,not_significant
P15,Rod,Bzw2,-1.7697525,-0.08614773,0.07676837496225596,0.19515903473817106,0.5293946449359721,4510,0.9420239,54.700665188472556,3436,0.9060149,52.93946449359681,not_significant
P15,Rod,Eif2ak3,-1.7809087,-0.20782267,0.07492736976583843,0.19202599685807803,0.13213038416763678,4510,0.21198685,14.478935698448,3436,0.1860253,13.213038416763714,not_significant
P15,Rod,Crnkl1,-1.7827548,-0.115930445,0.07462622468191954,0.1916034613545389,0.1210710128055879,4510,0.17694864,13.592017738359338,3436,0.16434748,12.107101280558823,not_significant
P15,Rod,Pcca,-1.7846112,-0.10898484,0.07432440536787643,0.19111989951739655,0.3233410942956927,4510,0.5588918,34.23503325942411,3436,0.5272437,32.33410942956937,not_significant
P15,Rod,Tctn2,-1.7859637,-0.18127799,0.07410514584578386,0.19087747027265742,0.12689173457508732,4510,0.19700928,14.057649667405887,3436,0.17566873,12.689173457508765,not_significant
P15,Rod,Usp54,-1.7870053,-0.15783769,0.0739366328975571,0.19067120137620014,0.17665890570430734,4510,0.28380272,19.223946784922344,3436,0.257863,17.665890570430783,not_significant
P15,Rod,Setd1b,-1.7875113,-0.1772766,0.07385488603343214,0.19064370004010106,0.10331781140861467,4510,0.15644908,11.618625277162009,3436,0.1395613,10.331781140861494,not_significant
P15,Rod,Tmem9b,-1.7930434,-0.22209172,0.07296598397269315,0.18907707151184833,0.09516880093131548,4510,0.14193228,10.709534368071074,3436,0.12287271,9.516880093131572,not_significant
P15,Rod,Abca13,-1.7964919,-0.20372991,0.07241633334587401,0.18819826166049816,0.09371362048894064,4510,0.17788446,10.554323725055548,3436,0.15618922,9.371362048894087,not_significant
P15,Rod,Smarca4,-1.7991182,-0.104480006,0.07199998243015315,0.1874795659006512,0.2421420256111758,4510,0.37189284,26.363636363636246,3436,0.34995764,24.214202561117652,not_significant
P15,Rod,Acaca,-1.7992501,-0.10329288,0.0719791192734249,0.1874795659006512,0.41443538998835855,4510,0.7163836,43.21507760532294,3436,0.6804043,41.44353899883598,not_significant
P15,Rod,Mad1l1,-1.7999091,-0.16688421,0.07187499088857995,0.18733598208277105,0.1490104772991851,4510,0.2408204,16.34146341463419,3436,0.21716453,14.90104772991855,not_significant
P15,Rod,Denr,-1.800145,-0.1497326,0.07183774971010165,0.18732994139279788,0.12223515715948778,4510,0.17777729,13.658536585365988,3436,0.16159062,12.223515715948812,not_significant
P15,Rod,Exosc10,-1.8031344,-0.17870848,0.0713671125085327,0.1864652661937503,0.14027939464493597,4510,0.2192539,15.432372505543313,3436,0.19604869,14.027939464493636,not_significant
P15,Rod,Cplx4,-1.8034968,-0.048906013,0.07131021273144124,0.18640739819271482,0.8713620488940629,4510,2.0008087,87.64966740577049,3436,1.9715636,87.13620488939948,not_significant
P15,Rod,Nek4,-1.804314,-0.16373973,0.07118208459303621,0.1862540008570957,0.09051222351571594,4510,0.13890034,10.31042128603115,3436,0.12488846,9.051222351571617,not_significant
P15,Rod,Kif3a,-1.8048497,-0.14418706,0.0710981947001998,0.186216170103453,0.1559953434225844,4510,0.23681669,17.139689578713988,3436,0.2165573,15.599534342258483,not_significant
P15,Rod,Hibadh,-1.8063185,-0.114130795,0.0708686083049916,0.1858531663210758,0.32537834691501744,4510,0.5215158,34.368070953437424,3436,0.49011862,32.53783469150184,not_significant
P15,Rod,Rb1,-1.8067383,-0.12804551,0.07080310399148622,0.1858531663210758,0.29220023282887075,4510,0.48259866,31.064301552106745,3436,0.4495452,29.220023282887166,not_significant
P15,Rod,Rpap3,-1.8088809,-0.17137407,0.07046950377663483,0.18535112824262615,0.11961583236321303,4510,0.1790869,13.370288248337173,3436,0.16055135,11.961583236321337,not_significant
P15,Rod,Serinc4,-1.8097334,-0.11775509,0.07033714408242257,0.18512681101968337,0.25756693830034927,4510,0.41103208,27.782705099778283,3436,0.38426045,25.756693830034997,not_significant
P15,Rod,Slc9a5,-1.8136796,-0.2102749,0.06972706948525247,0.18403172767827683,0.10826542491268917,4510,0.17558202,12.084257206208585,3436,0.15349956,10.826542491268947,not_significant
P15,Rod,Ftx,-1.8146611,-0.22086173,0.0695760079674024,0.18393284320833236,0.09837019790454016,4510,0.16307375,11.042128603104343,3436,0.14148329,9.837019790454042,not_significant
P15,Rod,Srp54a,-1.815731,-0.13688251,0.06941163416240151,0.18368229188313848,0.15162980209545984,4510,0.22423568,16.762749445676306,3436,0.20588562,15.162980209546026,not_significant
P15,Rod,Stag2,-1.8181988,-0.09696758,0.06903375186913514,0.18295308548717434,0.5413271245634459,4510,0.9550086,56.43015521064566,3436,0.91419667,54.13271245634397,not_significant
P15,Rod,Tbc1d20,-1.818239,-0.20795347,0.06902760996602593,0.18295308548717434,0.10884749708963912,4510,0.1647625,12.150776053215239,3436,0.14416066,10.884749708963941,not_significant
P15,Rod,Parp2,-1.8191509,-0.1376269,0.06888840016647256,0.18276235054751888,0.1120488940628638,4510,0.17377701,12.638580931264027,3436,0.15915696,11.20488940628641,not_significant
P15,Rod,Spg7,-1.8217813,-0.10234732,0.0684881748886225,0.18195669643515158,0.3859138533178114,4510,0.6283559,41.24168514412542,3436,0.59588486,38.59138533178126,not_significant
P15,Rod,Tcerg1,-1.826424,-0.14350575,0.06778642096215315,0.180270878552796,0.19528521536670548,4510,0.31144688,21.24168514412405,3436,0.28578153,19.528521536670603,not_significant
P15,Rod,Fbrsl1,-1.8287324,-0.14411192,0.06743970370816187,0.179526834089618,0.18422584400465658,4510,0.29315624,20.066518847006574,3436,0.26870453,18.42258440046571,not_significant
P15,Rod,Gripap1,-1.8289938,-0.11366143,0.06740054262965692,0.1795116736174179,0.31752037252619325,4510,0.513829,33.8802660753886,3436,0.48291594,31.75203725261942,not_significant
P15,Rod,2810030D12Rik,-1.8294653,-0.15456094,0.06732994215213677,0.1794321241353315,0.1330034924330617,4510,0.20825925,14.81152993348125,3436,0.18897429,13.300349243306206,not_significant
P15,Rod,Cnst,-1.8307314,-0.16367032,0.06714065308068144,0.17908625714807322,0.1760768335273574,4510,0.2722044,19.17960088691791,3436,0.24631439,17.60768335273579,not_significant
P15,Rod,Stxbp3,-1.8307412,-0.13488474,0.06713918437221704,0.17908625714807322,0.1490104772991851,4510,0.2278758,16.563192904656358,3436,0.20951968,14.90104772991855,not_significant
P15,Rod,Usp10,-1.8327131,-0.1406574,0.06684524317600773,0.17856468346419596,0.18538998835855647,4510,0.28174824,20.133037694013222,3436,0.2586751,18.5389988358557,not_significant
P15,Rod,Tasor,-1.8358321,-0.11135562,0.06638249467892683,0.17759386606372246,0.38038416763678695,4510,0.64083415,39.86696230598782,3436,0.60505486,38.03841676367881,not_significant
P15,Rod,4930419G24Rik,-1.8390772,-0.12062988,0.06590383375077509,0.17648934809743264,0.3818393480791618,4510,0.6572874,39.71175166297228,3436,0.6178778,38.183934807916295,not_significant
P15,Rod,Picalm,-1.8409127,-0.12922543,0.0656343567572474,0.17585548933360393,0.239813736903376,4510,0.3746871,25.831485587582982,3436,0.34754798,23.981373690337673,not_significant
P15,Rod,Gm17106,-1.8419086,-0.14318176,0.06548851963733084,0.1756985635139222,0.19935972060535506,4510,0.31806567,21.662971175166167,3436,0.291988,19.935972060535565,not_significant
P15,Rod,Znrf1,-1.8458905,-0.11848476,0.06490810365271132,0.17434505157393268,0.2630966239813737,4510,0.42919457,28.403547671840425,3436,0.40129402,26.309662398137444,not_significant
P15,Rod,Tbl1xr1,-1.8476236,-0.12940167,0.06465681840851209,0.17384419746529264,0.22235157159487776,4510,0.35707188,24.101995565409986,3436,0.3309737,22.23515715948784,not_significant
P15,Rod,Rapgef6,-1.8479986,-0.13392814,0.06460254771847197,0.173785389148387,0.26979045401629803,4510,0.45864227,28.86917960088703,3436,0.42548668,26.979045401629882,not_significant
P15,Rod,Mef2d,-1.8508282,-0.07256623,0.06419426959362474,0.17294097351842788,0.6123399301513388,4510,1.0911608,62.52771618625598,3436,1.058036,61.23399301513193,not_significant
P15,Rod,Senp3,-1.8541119,-0.16155623,0.06372314861088696,0.17193710721770505,0.15570430733410942,4510,0.250872,17.117516629711773,3436,0.22708553,15.570430733410987,not_significant
P15,Rod,Rxra,-1.8554813,-0.24615882,0.06352753919806907,0.17149558140837567,0.08818393480791618,4510,0.13477254,10.0000000000001,3436,0.11479642,8.81839348079164,not_significant
P15,Rod,Zfc3h1,-1.8569989,-0.100479126,0.06331131150091288,0.17108406795511166,0.47147846332945287,4510,0.8216358,48.824833702884426,3436,0.78321224,47.147846332945434,not_significant
P15,Rod,Plekha6,-1.8578558,-0.12509483,0.0631894902293854,0.17084094031775368,0.3245052386495926,4510,0.5441423,33.9911308203997,3436,0.50866497,32.45052386495935,not_significant
P15,Rod,Mindy4,-1.8581548,-0.17524351,0.063147046073395,0.1708122819655526,0.14173457508731083,4510,0.22850351,15.631929046563261,3436,0.20486057,14.173457508731122,not_significant
P15,Rod,Ndufaf2,-1.8659221,-0.18178214,0.06205227163646672,0.16844553899696735,0.17869615832363214,4510,0.27960718,19.37915742793786,3436,0.25030494,17.869615832363266,not_significant
P15,Rod,Carm1,-1.8662392,-0.2033384,0.062007913502680236,0.16842072990766713,0.09545983701979045,4510,0.15083891,10.820399113082162,3436,0.13226095,9.54598370197907,not_significant
P15,Rod,Jag1,-1.8710456,-0.14428684,0.06133876096983443,0.167185525326317,0.24825378346915017,4510,0.3866201,26.541019955654,3436,0.35562783,24.82537834691509,not_significant
P15,Rod,Ankrd26,-1.871419,-0.22673453,0.06128702982822039,0.16712944992301684,0.09429569266589057,4510,0.15436955,10.665188470066637,3436,0.13334656,9.429569266589082,not_significant
P15,Rod,Msh2,-1.8757526,-0.15244642,0.06068926529992122,0.16575214820202516,0.14318975552968569,4510,0.21838719,15.875831485587643,3436,0.19851835,14.318975552968608,not_significant
P15,Rod,Plekhg3,-1.8758285,-0.18040642,0.06067882947322152,0.16575214820202516,0.1239813736903376,4510,0.19801523,13.83592017738372,3436,0.17667268,12.398137369033794,not_significant
P15,Rod,Alkbh5,-1.8773584,-0.15755941,0.06046898554703763,0.1654031812719581,0.2150756693830035,4510,0.32370585,23.12638580931246,3436,0.29467848,21.507566938300414,not_significant
P15,Rod,Casc3,-1.8799083,-0.13877413,0.06012057034935681,0.1647004921778883,0.21623981373690337,4510,0.33070338,23.481152993347923,3436,0.30454051,21.623981373690402,not_significant
P15,Rod,Rttn,-1.8811048,-0.19755842,0.059957659833517946,0.16441420571189055,0.09022118742724097,4510,0.15248601,10.288248337028932,3436,0.13422075,9.022118742724121,not_significant
P15,Rod,Gm16055,-1.8818805,-0.11406134,0.0598522396069121,0.16421862570408005,0.23050058207217694,4510,0.3688662,25.011086474500864,3436,0.34513733,23.050058207217763,not_significant
P15,Rod,3010001F23Rik,-1.884265,-0.11570668,0.0595291483246573,0.16341573777556895,0.25261932479627475,4510,0.41207618,27.47228381374721,3436,0.3857032,25.261932479627546,not_significant
P15,Rod,Xpo6,-1.890703,-0.14827093,0.05866400844340261,0.161453946275224,0.1949941792782305,4510,0.31854013,21.152993348115185,3436,0.29153556,19.499417927823107,not_significant
P15,Rod,Btrc,-1.8934997,-0.09112956,0.05829144772874689,0.1606382693664462,0.5448195576251456,4510,0.98775417,56.38580931264122,3436,0.9485798,54.48195576251387,not_significant
P15,Rod,Itsn1,-1.8941513,-0.1341886,0.058204920826487413,0.16051989476261105,0.2884167636786962,4510,0.47461927,30.576496674057918,3436,0.44048095,28.841676367869702,not_significant
P15,Rod,Mre11a,-1.8978479,-0.19663094,0.057716117686145395,0.1594518426168182,0.10448195576251455,4510,0.16862833,11.840354767184188,3436,0.14865842,10.448195576251482,not_significant
P15,Rod,Azi2,-1.901003,-0.15999308,0.05730161865167687,0.15876336903284854,0.2389406286379511,4510,0.3779761,25.52106430155191,3436,0.3443777,23.89406286379518,not_significant
P15,Rod,A930033H14Rik,-1.9036272,-0.13240547,0.05695875864249738,0.15789497744617878,0.11903376018626309,4510,0.18172923,13.503325942350472,3436,0.16705032,11.903376018626343,not_significant
P15,Rod,Ubap2l,-1.9037055,-0.1319148,0.05694855022284139,0.15789497744617878,0.32945285215366704,4510,0.51776814,34.76718403547737,3436,0.4818147,32.9452852153668,not_significant
P15,Rod,Pan2,-1.9054506,-0.14720714,0.056721531382412975,0.15748151880707206,0.15628637951105936,4510,0.24806838,17.339246119733936,3436,0.22652704,15.628637951105981,not_significant
P15,Rod,Pi4kb,-1.9076647,-0.1805718,0.056434565874009725,0.1569422101783482,0.17840512223515717,4510,0.28319034,19.356984478935644,3436,0.25374657,17.840512223515766,not_significant
P15,Rod,Trpm7,-1.9118484,-0.11628859,0.055895632841286964,0.1556719494084441,0.3585564610011641,4510,0.59606755,37.7827050997792,3436,0.56067485,35.85564610011652,not_significant
P15,Rod,Ppara,-1.912348,-0.10959961,0.05583156791439683,0.15557430145081796,0.32828870779976715,4510,0.58818924,35.055432372506225,3436,0.5551188,32.82887077997682,not_significant
P15,Rod,Ttc3,-1.9139439,-0.12275217,0.055627327115975185,0.15508574981813456,0.2820139697322468,4510,0.47283763,30.243902439024627,3436,0.44162455,28.201396973224764,not_significant
P15,Rod,Mon2,-1.9182303,-0.14694808,0.05508182336509934,0.1539647667834151,0.2377764842840512,4510,0.39131364,25.49889135254969,3436,0.3594513,23.777648428405193,not_significant
P15,Rod,6530402F18Rik,-1.9187868,-0.20409852,0.05501132309979917,0.15392839703042396,0.1050640279394645,4510,0.15429462,11.840354767184188,3436,0.13525261,10.506402793946478,not_significant
P15,Rod,Gm48677,-1.9201024,-0.12596743,0.054844967033771945,0.15370344993163673,0.27735739231664724,4510,0.4448632,29.623059866962485,3436,0.4143799,27.73573923166481,not_significant
P15,Rod,Iqcg,-1.9224375,-0.20171961,0.05455072188889284,0.1530387406966638,0.10215366705471478,4510,0.15063746,11.552106430155355,3436,0.13222152,10.215366705471505,not_significant
P15,Rod,Dnpep,-1.9235355,-0.26484704,0.05441284285370005,0.15281177438075763,0.09516880093131548,4510,0.14158139,10.753880266075509,3436,0.1191919,9.516880093131572,not_significant
P15,Rod,Lgr4,-1.9319259,-0.17708057,0.05336865077331771,0.15050969650266888,0.13038416763678695,4510,0.21313559,14.54545454545465,3436,0.19071376,13.03841676367873,not_significant
P15,Rod,Rpl38,-1.9321178,-0.12397075,0.05334496418636971,0.15050969650266888,0.41938300349243307,4510,0.7826621,43.015521064302966,3436,0.73693585,41.938300349243434,not_significant
P15,Rod,Ltn1,-1.9328308,-0.21207246,0.05325704045105263,0.1503530341997086,0.14493597206053552,4510,0.22902142,15.942350332594293,3436,0.20064066,14.493597206053591,not_significant
P15,Rod,Fam149a,-1.9330354,-0.111273654,0.05323183627810972,0.1503530341997086,0.35797438882421423,4510,0.60030067,38.00443458980139,3436,0.5662229,35.79743888242153,not_significant
P15,Rod,Tusc3,-1.9330828,-0.1070979,0.053225992735733536,0.1503530341997086,0.4930151338766007,4510,0.8665874,52.549889135257274,3436,0.8242339,49.30151338766022,not_significant
P15,Rod,Slco4a1,-1.9333891,-0.12547396,0.053188292330115426,0.1503530341997086,0.2572759022118743,4510,0.40807194,27.76053215077606,3436,0.3797646,25.7275902211875,not_significant
P15,Rod,Rab6b,-1.9352164,-0.17570017,0.05296374602634216,0.14999338528431047,0.15337601862630967,4510,0.23040436,16.94013303769404,3436,0.20652537,15.33760186263101,not_significant
P15,Rod,Wdr89,-1.9352552,-0.13647754,0.0529589895995576,0.14999338528431047,0.2467986030267753,4510,0.3972672,26.585365853658438,3436,0.36722827,24.679860302677607,not_significant
P15,Rod,Brd4,-1.9366093,-0.1261314,0.05279312310146846,0.1499301980001815,0.3268335273573923,4510,0.53512436,34.87804878048847,3436,0.49981642,32.68335273573933,not_significant
P15,Rod,Pptc7,-1.9394733,-0.15433596,0.05244373233006885,0.14947299692799645,0.1720023282887078,4510,0.26364064,18.891352549889096,3436,0.23984785,17.200232828870828,not_significant
P15,Rod,Ubr5,-1.9398774,-0.11217986,0.05239459828017364,0.14941234724872482,0.49534342258440045,4510,0.8799396,51.241685144126336,3436,0.8351733,49.5343422584402,not_significant
P15,Rod,Clasp2,-1.9400725,-0.10944301,0.052370876639924326,0.14941234724872482,0.4927240977881257,4510,0.893126,51.707317073172945,3436,0.8490195,49.27240977881272,not_significant
P15,Rod,Rmnd1,-1.9473076,-0.17773764,0.05149787017023503,0.1476400724709464,0.1108847497089639,4510,0.17484313,12.572062084257377,3436,0.15607451,11.08847497089642,not_significant
P15,Rod,Ubtf,-1.9497218,-0.16411524,0.05120928704070033,0.14696983182788476,0.14988358556461,4510,0.22500102,16.60753880266079,3436,0.2030984,14.988358556461042,not_significant
P15,Rod,Mrtfa,-1.9525112,-0.14849432,0.05087754138411661,0.14625248230675322,0.16763678696158324,4510,0.2748029,18.514412416851414,3436,0.25102085,16.763678696158372,not_significant
P15,Rod,Vps54,-1.952973,-0.12797838,0.05082279851569624,0.14617345374702123,0.22875436554132714,4510,0.37671986,25.011086474500864,3436,0.34971336,22.87543655413278,not_significant
P15,Rod,Uqcc2,-1.95383,-0.18549232,0.05072132593703252,0.14595986712781248,0.13271245634458673,4510,0.19707707,14.81152993348125,3436,0.17525959,13.271245634458708,not_significant
P15,Rod,Kat2b,-1.9589016,-0.14078169,0.05012431071413177,0.14462980240484283,0.24825378346915017,4510,0.39616126,26.78492239467841,3436,0.36527756,24.82537834691509,not_significant
P15,Rod,Arg2,-1.9627509,-0.189629,0.04967512450254469,0.1438754685916035,0.12543655413271246,4510,0.19597965,14.10199556541032,3436,0.17381524,12.54365541327128,not_significant
P15,Rod,Mdc1,-1.9709973,-0.15912446,0.04872417860048859,0.14150324526963767,0.1079743888242142,4510,0.16867305,12.305986696230766,3436,0.15233077,10.79743888242145,not_significant
P15,Rod,Fam227a,-1.9728103,-0.16535105,0.04851718780475182,0.14116201327932365,0.22846332945285217,4510,0.37742072,24.5232815964521,3436,0.34278515,22.846332945285283,not_significant
P15,Rod,Nfatc3,-1.973422,-0.14036824,0.048447503014943466,0.14115828689416446,0.2351571594877765,4510,0.38075873,25.410199556540814,3436,0.35096103,23.515715948777718,not_significant
P15,Rod,Usp24,-1.9791952,-0.18892872,0.047794027880215195,0.13955752071283303,0.15570430733410942,4510,0.25480747,17.139689578713988,3436,0.2268099,15.570430733410987,not_significant
P15,Rod,Bbs9,-1.9809214,-0.07030102,0.047600087531025355,0.13914270818333516,0.9010477299185099,4510,2.3342996,90.55432372506121,3436,2.2903938,90.10477299184363,not_significant
P15,Rod,Vti1a,-1.9822208,-0.1245043,0.04745453524829895,0.1388685908739092,0.3585564610011641,4510,0.6522669,37.91574279379252,3436,0.6118459,35.85564610011652,not_significant
P15,Rod,Smug1,-1.9855442,-0.20950821,0.047083953227410984,0.13801001372231286,0.11612339930151339,4510,0.18378639,13.05986696230614,3436,0.160832,11.61233993015137,not_significant
P15,Rod,Ezh1,-1.987816,-0.12844594,0.04683205109618909,0.13752419303802446,0.16880093131548313,4510,0.26331657,18.824833702882447,3436,0.24339922,16.88009313154836,not_significant
P15,Rod,Mtr,-1.9906999,-0.16917813,0.04651389659503512,0.1367875774867151,0.19150174621653085,4510,0.30957654,20.886917960088585,3436,0.27967408,19.15017462165314,not_significant
P15,Rod,Slf1,-1.9921769,-0.14750578,0.04635165409689462,0.13661003987678175,0.23370197904540163,4510,0.40288886,25.23281596452306,3436,0.3701283,23.370197904540234,not_significant
P15,Rod,Amz2,-1.993793,-0.1446133,0.046174683956988864,0.13616327913429813,0.2561117578579744,4510,0.40172517,27.49445676274943,3436,0.3696621,25.611175785797514,not_significant
P15,Rod,Ncbp1,-1.9942455,-0.1807576,0.046125229182906576,0.13613389791268302,0.13736903376018628,4510,0.21085799,15.343680709534446,3436,0.18821578,13.736903376018663,not_significant
P15,Rod,Suz12,-1.9972775,-0.119395904,0.04579504748436974,0.13541600590196212,0.32043073341094297,4510,0.5134871,34.50110864745074,3436,0.48107028,32.04307334109439,not_significant
P15,Rod,Aagab,-1.9979341,-0.16875477,0.045723810284636186,0.13527993291052867,0.14057043073341094,4510,0.2132524,15.698447893569911,3436,0.19182432,14.057043073341132,not_significant
P15,Rod,Fbxw7,-2.0007768,-0.1630154,0.045416463267523806,0.13459331987126943,0.18975552968568102,4510,0.3061841,20.753880266075285,3436,0.27759957,18.975552968568156,not_significant
P15,Rod,Ncor1,-2.000904,-0.096343435,0.04540273200171138,0.13459331987126943,0.5966239813736903,4510,1.0701474,61.52993348115611,3436,1.0267761,59.662398137367376,not_significant
P15,Rod,Traf3,-2.001129,-0.20715499,0.045378496488272635,0.13459331987126943,0.15454016298020953,4510,0.25891927,17.006651884700688,3436,0.2279321,15.454016298020997,not_significant
P15,Rod,Cox7a2,-2.0043948,-0.10666875,0.04502778305037884,0.13377310362740702,0.3786379511059371,4510,0.6959403,40.842572062085466,3436,0.6595519,37.86379511059383,not_significant
P15,Rod,Cog7,-2.0077307,-0.22748539,0.04467191851282856,0.13312231716822912,0.09866123399301513,4510,0.15405302,11.241685144124304,3436,0.13300571,9.86612339930154,not_significant
P15,Rod,Klhl36,-2.0082824,-0.14093912,0.04461327791882271,0.1330214690142107,0.2467986030267753,4510,0.39206964,26.718403547671755,3436,0.3614176,24.679860302677607,not_significant
P15,Rod,Tmem201,-2.0088952,-0.17763135,0.04454826607378591,0.13290150123458713,0.10448195576251455,4510,0.16107053,11.973392461197497,3436,0.14368609,10.448195576251482,not_significant
P15,Rod,Tet2,-2.010496,-0.11608199,0.04437874060075836,0.1324694293725475,0.2939464493597206,4510,0.47995093,31.685144124168886,3436,0.45003834,29.394644935972146,not_significant
P15,Rod,Ranbp2,-2.0175219,-0.11739332,0.043641093854904174,0.13063104209693413,0.40919674039580906,4510,0.67720455,43.08203991130962,3436,0.6379999,40.91967403958103,not_significant
P15,Rod,Pacrg,-2.0183144,-0.10378921,0.043558526621344455,0.13047955787112217,0.6009895227008148,4510,1.2231326,62.572062084260416,3436,1.1729074,60.09895227007975,not_significant
P15,Rod,Cdc14a,-2.0206816,-0.14264616,0.043312721506741134,0.12993816452022341,0.22526193247962747,4510,0.3757032,24.5232815964521,3436,0.34577414,22.526193247962816,not_significant
P15,Rod,Dgcr2,-2.0297086,-0.20932022,0.04238616821035642,0.1278736818224701,0.09313154831199069,4510,0.14783062,10.73170731707329,3436,0.12909642,9.313154831199093,not_significant
P15,Rod,Zfp260,-2.0308986,-0.16988848,0.042265282020253495,0.12758073874881246,0.08847497089639116,4510,0.13735491,10.288248337028932,3436,0.12299525,8.847497089639138,not_significant
P15,Rod,Top2b,-2.0310526,-0.087628156,0.042249663799800996,0.12758073874881246,0.6487194412107101,4510,1.208875,66.58536585366211,3436,1.1666584,64.87194412106838,not_significant
P15,Rod,Dlgap4,-2.038051,-0.18757801,0.04154485091457283,0.12583093184967173,0.13387660069848661,4510,0.20839816,15.011086474501198,3436,0.18519562,13.387660069848698,not_significant
P15,Rod,Ssr1,-2.0482411,-0.17365116,0.04053638093123621,0.12347367820281148,0.17549476135040745,4510,0.26116684,19.334811529933425,3436,0.2347553,17.549476135040795,not_significant
P15,Rod,Cds2,-2.0500975,-0.17986734,0.04035491260687902,0.12320076905139389,0.17549476135040745,4510,0.26867902,19.24611973392456,3436,0.24067326,17.549476135040795,not_significant
P15,Rod,Kctd1,-2.050638,-0.21074632,0.040302218672833436,0.1231383534548879,0.10011641443538999,4510,0.165003,11.463414634146483,3436,0.14411318,10.011641443539025,not_significant
P15,Rod,Tmem150c,-2.0554135,-0.11995527,0.039839084352984076,0.1219035073984065,0.34516880093131547,4510,0.58212435,36.82926829268377,3436,0.5462815,34.516880093131654,not_significant
P15,Rod,Kif13b,-2.055814,-0.18141405,0.039800446308835176,0.12185479109622825,0.1690919674039581,4510,0.27726698,18.625277161862495,3436,0.24823688,16.909196740395856,not_significant
P15,Rod,Scn8a,-2.0571146,-0.13622293,0.039675194989342896,0.12154068870521718,0.23428405122235157,4510,0.38952658,25.58758314855857,3436,0.36002678,23.428405122235226,not_significant
P15,Rod,Herc4,-2.059162,-0.13421343,0.03947872414707792,0.12100792932852912,0.34313154831199066,4510,0.5730063,36.230598669623845,3436,0.5334894,34.31315483119917,not_significant
P15,Rod,Arf3,-2.0602334,-0.1859997,0.039376246764639106,0.12090108050688275,0.10011641443538999,4510,0.15244514,11.485587583148702,3436,0.13519414,10.011641443539025,not_significant
P15,Rod,Agfg1,-2.0608382,-0.15550189,0.039318480832422675,0.120792858639814,0.20430733410942956,4510,0.321116,22.41685144124153,3436,0.2926498,20.430733410943017,not_significant
P15,Rod,Hpcal1,-2.0617654,-0.15169825,0.039230079247600115,0.1206004030063366,0.33643771827706637,4510,0.57506406,35.21064301552176,3436,0.53043294,33.643771827706736,not_significant
P15,Rod,Gas7,-2.0624397,-0.15233518,0.039165885834796715,0.12053115984959814,0.19237485448195576,4510,0.29821643,21.1751662971174,3436,0.27203742,19.23748544819563,not_significant
P15,Rod,Faxc,-2.06317,-0.19495699,0.0390964779753935,0.12038662908152166,0.13562281722933645,4510,0.22094674,15.18847006651893,3436,0.19556972,13.562281722933681,not_significant
P15,Rod,Nfyc,-2.063192,-0.15549786,0.03909439922513124,0.12038662908152166,0.259895227008149,4510,0.41768032,27.782705099778283,3436,0.38217098,25.989522700814977,not_significant
P15,Rod,Smg6,-2.0648794,-0.12812787,0.038934416888969155,0.12009442909282952,0.3469150174621653,4510,0.5929072,36.85144124168599,3436,0.5541545,34.69150174621664,not_significant
P15,Rod,Clk1,-2.073269,-0.11044751,0.03814727291722525,0.11793773598155402,0.46420256111757857,4510,0.79413223,49.179600886919935,3436,0.7529041,46.420256111758,not_significant
P15,Rod,Psme4,-2.0739713,-0.11396892,0.03808198377396027,0.11780378371598783,0.39726426076833526,4510,0.68330824,42.03991130820531,3436,0.6449804,39.72642607683365,not_significant
P15,Rod,Ccni,-2.07612,-0.19792926,0.03788287352947635,0.1172579021360837,0.13940628637951105,4510,0.20531268,15.587583148558828,3436,0.18123046,13.940628637951145,not_significant
P15,Rod,Ylpm1,-2.0794034,-0.12988038,0.03758028534239445,0.1165173541492911,0.24330616996507567,4510,0.38787428,26.541019955654,3436,0.3598053,24.33061699650764,not_significant
P15,Rod,Prpf8,-2.0807796,-0.10852156,0.03745409880588226,0.11626376504325953,0.19441210710128057,4510,0.29112172,21.662971175166167,3436,0.27265015,19.44121071012811,not_significant
P15,Rod,Map2k1,-2.0833185,-0.18651974,0.037222194595271325,0.1157448416284263,0.15162980209545984,4510,0.24193919,16.873614190687388,3436,0.21553157,15.162980209546026,not_significant
P15,Rod,Sms,-2.085896,-0.14717221,0.03698803384673152,0.11521708104173511,0.16356228172293363,4510,0.24673541,18.2261640798226,3436,0.22530223,16.35622817229341,not_significant
P15,Rod,Usp47,-2.0885355,-0.10871892,0.03674955734871235,0.11467401141273592,0.46740395809080326,4510,0.80630845,49.60088691796211,3436,0.76530164,46.74039580908047,not_significant
P15,Rod,Srsf5,-2.0900917,-0.09680749,0.03660956543726056,0.11430367229654577,0.5777066356228172,4510,1.0030553,59.97782705100075,3436,0.9610883,57.77066356228042,not_significant
P15,Rod,Cfdp1,-2.0910268,-0.14337905,0.036525671032373974,0.1141081534173873,0.279976717112922,4510,0.44757825,30.066518847006872,3436,0.41284648,27.997671711292284,not_significant
P15,Rod,Ppp1r42,-2.091121,-0.124182425,0.036517218766467525,0.1141081534173873,0.3466239813736903,4510,0.5801041,36.80709534368155,3436,0.54312605,34.66239813736914,not_significant
P15,Rod,Nucks1,-2.0932195,-0.12862812,0.03632956744996498,0.11372540979046408,0.30064027939464494,4510,0.47377744,32.46119733924656,3436,0.44105983,30.064027939464584,not_significant
P15,Rod,Slf2,-2.0935917,-0.1313971,0.03629637209165545,0.113722978913341,0.22846332945285217,4510,0.3685213,25.09977827050974,3436,0.34132114,22.846332945285283,not_significant
P15,Rod,Armh3,-2.0950346,-0.16310106,0.036167909234703734,0.1133867125277328,0.20547147846332944,4510,0.34931445,22.549889135254826,3436,0.31729102,20.547147846333004,not_significant
P15,Rod,Hnrnpm,-2.0954242,-0.11830751,0.03613331026655234,0.11334448904665892,0.41734575087310827,4510,0.6749028,43.59201773836067,3436,0.635495,41.73457508731096,not_significant
P15,Rod,Hdgfl2,-2.0960722,-0.20103404,0.03607578884954579,0.11323026997598808,0.10710128055878929,4510,0.1644216,12.26164079822633,3436,0.14450343,10.710128055878958,not_significant
P15,Rod,Gpr89,-2.096804,-0.20708147,0.036010929990308235,0.11318347768105465,0.10622817229336438,4510,0.17009988,12.128603104213022,3436,0.14896291,10.622817229336466,not_significant
P15,Rod,Anks1,-2.0970056,-0.13842754,0.03599307036511629,0.11318347768105465,0.24359720605355065,4510,0.39830095,26.607538802660656,3436,0.3677817,24.359720605355136,not_significant
P15,Rod,Emc1,-2.0981724,-0.19244115,0.03588990981814418,0.11298212993785986,0.08760186263096624,4510,0.13317364,10.19955654102006,3436,0.11748074,8.760186263096646,not_significant
P15,Rod,Tnrc6c,-2.099977,-0.09170436,0.03573085790340093,0.11262227375432451,0.5890570430733411,4510,1.0485703,59.911308203994096,3436,1.0077434,58.9057043073326,not_significant
P15,Rod,Gm12992,-2.1022205,-0.20280573,0.035533953268483694,0.11218606552804386,0.09254947613504075,4510,0.15273169,10.73170731707329,3436,0.13398224,9.254947613504099,not_significant
P15,Rod,Ncam1,-2.103192,-0.09060451,0.03544898466490794,0.11198371834073391,0.8832945285215367,4510,2.1480856,90.26607538803236,3436,2.0928187,88.32945285214664,not_significant
P15,Rod,Stk38l,-2.1043172,-0.19823138,0.03535078561850237,0.11173931293909647,0.10826542491268917,4510,0.1706139,12.394678492239636,3436,0.15027122,10.826542491268947,not_significant
P15,Rod,Lrrfip2,-2.1099021,-0.16370858,0.034866776909896056,0.1104698117806748,0.17549476135040745,4510,0.27507406,19.467849223946725,3436,0.24893798,17.549476135040795,not_significant
P15,Rod,Anapc1,-2.1103785,-0.18894294,0.034825766144869895,0.1104050884167152,0.16414435389988358,4510,0.26540026,18.15964523281595,3436,0.23636912,16.414435389988405,not_significant
P15,Rod,Sv2a,-2.1119573,-0.21560669,0.03469010277065875,0.11004004214181759,0.10739231664726426,4510,0.16514696,12.283813747228548,3436,0.14378831,10.739231664726455,not_significant
P15,Rod,Ap3d1,-2.1206667,-0.16033985,0.03394985949729295,0.10820383026944703,0.1510477299185099,4510,0.23155272,16.91796008869182,3436,0.20957106,15.104772991851032,not_significant
P15,Rod,Ext2,-2.1220396,-0.18908443,0.03383440743127528,0.1079641650573234,0.14289871944121071,4510,0.22627857,16.03104212860316,3436,0.20108874,14.28987194412111,not_significant
P15,Rod,Rpgrip1l,-2.12289,-0.18289645,0.033763063302328374,0.10786484309332305,0.1370779976717113,4510,0.22205597,15.432372505543313,3436,0.19806044,13.707799767171167,not_significant
P15,Rod,Myo6,-2.1258104,-0.20172513,0.03351904626729546,0.10714908473049632,0.15948777648428406,4510,0.263115,17.64966740576497,3436,0.23246156,15.94877764842845,not_significant
P15,Rod,Spred1,-2.1285102,-0.20734234,0.03329480303816257,0.106559262229537,0.10215366705471478,4510,0.16465521,11.751662971175318,3436,0.14412272,10.215366705471505,not_significant
P15,Rod,Ncapd3,-2.1309,-0.15931444,0.03309739887220722,0.10605403079481454,0.24970896391152503,4510,0.40880495,26.962305986696165,3436,0.37309253,24.97089639115258,not_significant
P15,Rod,Eif3j1,-2.1352634,-0.16023225,0.032739489214250225,0.10522146204028653,0.20285215366705472,4510,0.31339443,22.28381374722823,3436,0.28470585,20.28521536670553,not_significant
P15,Rod,Daam1,-2.1392407,-0.13154212,0.03241617199126071,0.10451159700163035,0.3020954598370198,4510,0.50433415,32.48337028824878,3436,0.46920666,30.209545983702068,not_significant
P15,Rod,Zbtb37,-2.1499434,-0.19224548,0.03155970513045212,0.10210268897451459,0.12310826542491268,4510,0.19638003,14.013303769401453,3436,0.1738845,12.310826542491302,not_significant
P15,Rod,Micu1,-2.1519642,-0.166245,0.03140018437522126,0.1018322787114189,0.18364377182770664,4510,0.28978193,20.28824833702874,3436,0.26201853,18.364377182770717,not_significant
P15,Rod,Aldoc,-2.1526387,-0.1771333,0.03134708935955932,0.10172158942811628,0.16559953434225844,4510,0.25243238,18.425720620842547,3436,0.22631809,16.55995343422589,not_significant
P15,Rod,Kcnc3,-2.1556714,-0.20303461,0.03110933599782653,0.10107236722734192,0.12834691501746218,4510,0.20643988,14.54545454545465,3436,0.18164833,12.834691501746251,not_significant
P15,Rod,Lrit3,-2.156008,-0.16181253,0.031083035929223405,0.10104812407536627,0.18131548311990686,4510,0.28544772,20.199556541019874,3436,0.2587478,18.131548311990738,not_significant
P15,Rod,Rora,-2.1633482,-0.10277896,0.030514417290851383,0.09958985546108864,0.7264260768335273,4510,1.456208,75.29933481153431,3436,1.4020348,72.64260768334864,not_significant
P15,Rod,Klhl18,-2.1703892,-0.10256239,0.029977369476009298,0.09828765884432387,0.6591967403958091,4510,1.2487689,68.24833702882856,3436,1.1985929,65.91967403957808,not_significant
P15,Rod,Inpp5a,-2.173783,-0.19444928,0.029721426226242634,0.09792735275034735,0.13766006984866122,4510,0.22529891,15.52106430155218,3436,0.1995337,13.766006984866161,not_significant
P15,Rod,Hspa12a,-2.1753285,-0.164718,0.029605507191922825,0.09766540010914761,0.17142025611175785,4510,0.28622493,19.135254988913477,3436,0.25900126,17.142025611175836,not_significant
P15,Rod,Rasal2,-2.1771035,-0.11600679,0.029472836292754132,0.09740745155535006,0.4729336437718277,4510,0.8935724,49.889135254990954,3436,0.84684974,47.29336437718292,not_significant
P15,Rod,Epn2,-2.1778882,-0.15456304,0.02941436965826831,0.09727415465286758,0.18451688009313155,4510,0.2925484,20.576496674057555,3436,0.26644206,18.45168800931321,not_significant
P15,Rod,Impact,-2.1796653,-0.19233333,0.029282286211211313,0.09695690323267746,0.16821885913853318,4510,0.26524118,18.66962305986693,3436,0.23573157,16.821885913853365,not_significant
P15,Rod,Crlf3,-2.1802218,-0.11938549,0.0292410268941358,0.09688009157513554,0.4487776484284051,4510,0.79982513,46.984478935700224,3436,0.75511295,44.87776484284065,not_significant
P15,Rod,Trpc4ap,-2.181432,-0.17627673,0.029151476205989953,0.09664308922678004,0.19761350407450523,4510,0.3103054,21.729490022172815,3436,0.279141,19.761350407450582,not_significant
P15,Rod,Phyhd1,-2.1835272,-0.17892319,0.02899700433780704,0.0962499574678199,0.19121071012805588,4510,0.2953665,21.06430155210632,3436,0.26508325,19.121071012805643,not_significant
P15,Rod,Bace1,-2.1876407,-0.16951214,0.02869579112046738,0.09536816825909977,0.21187427240977882,4510,0.3293093,23.259423503325756,3436,0.29771116,21.187427240977943,not_significant
P15,Rod,Zc3h4,-2.1900272,-0.1729071,0.028522270105296847,0.09508605148838552,0.18655413271245636,4510,0.28997767,20.62084257206199,3436,0.26113465,18.65541327124569,not_significant
P15,Rod,Romo1,-2.1917453,-0.17791562,0.028397911826484466,0.09478929622729475,0.22438882421420256,4510,0.37787277,24.3902439024388,3436,0.34068036,22.438882421420324,not_significant
P15,Rod,Tbc1d32,-2.1945345,-0.13310738,0.02819700315439961,0.09423596568236729,0.3681606519208382,4510,0.6510807,39.40133037694121,3436,0.60799146,36.81606519208393,not_significant
P15,Rod,Papola,-2.1976357,-0.11758361,0.027975072090090643,0.09377316958882424,0.4327706635622817,4510,0.7156552,45.343680709535995,3436,0.6748263,43.2770663562283,not_significant
P15,Rod,Dyrk1b,-2.2002766,-0.19612071,0.02778727321326038,0.09339030922050669,0.10128055878928988,4510,0.15413669,11.751662971175318,3436,0.13581344,10.128055878929015,not_significant
P15,Rod,Usp34,-2.2010045,-0.099938996,0.02773570484714628,0.09333395282314469,0.7191501746216531,4510,1.4159272,73.7915742793834,3436,1.3639126,71.91501746216136,not_significant
P15,Rod,Ppfia1,-2.201755,-0.18150704,0.02768261003742766,0.09325728826343621,0.18830034924330616,4510,0.30681682,20.776053215077503,3436,0.27508348,18.830034924330672,not_significant
P15,Rod,Whrn,-2.2036715,-0.12966809,0.027547457382090433,0.09293368641354283,0.36146682188591384,4510,0.61017424,38.33702882483468,3436,0.5701223,36.1466821885915,not_significant
P15,Rod,Rev1,-2.205247,-0.20329115,0.02743677212805072,0.09261853095963754,0.15512223515715948,4510,0.2554945,17.361419068736154,3436,0.22541276,15.512223515715991,not_significant
P15,Rod,Ptma,-2.2052727,-0.10960759,0.027434960357077893,0.09261853095963754,0.5174621653084982,4510,0.98529285,52.68292682927059,3436,0.9383624,51.74621653084965,not_significant
P15,Rod,Xiap,-2.2059503,-0.10378998,0.02738747535797091,0.09256863126663892,0.6888824214202561,4510,1.3872043,71.1529933481193,3436,1.3337244,68.88824214202222,not_significant
P15,Rod,Ints10,-2.2070794,-0.2763662,0.027308516151433856,0.09235994995983052,0.09342258440046566,4510,0.14888713,10.798226164079946,3436,0.124475546,9.34225844004659,not_significant
P15,Rod,Gabarapl1,-2.2070825,-0.16583033,0.027308287747809457,0.09235994995983052,0.2069266589057043,4510,0.3137354,22.771618625276993,3436,0.28405854,20.692665890570492,not_significant
P15,Rod,Cdyl,-2.20971,-0.17906108,0.027125310758316083,0.09208871323266296,0.13969732246798602,4510,0.22419934,15.853658536585428,3436,0.20047703,13.96973224679864,not_significant
P15,Rod,Lpin1,-2.2112577,-0.17617811,0.027017990790395185,0.09184062268674258,0.15861466821885914,4510,0.24883462,17.76053215077605,3436,0.2231847,15.861466821885958,not_significant
P15,Rod,Ipo8,-2.2126374,-0.16545905,0.02692264802901587,0.09163266753022914,0.23050058207217694,4510,0.38247067,25.055432372505305,3436,0.3474258,23.050058207217763,not_significant
P15,Rod,Casz1,-2.220185,-0.07114009,0.02640621719379639,0.09029084108262433,0.8847497089639115,4510,2.096641,88.95787139690142,3436,2.0535245,88.4749708963841,not_significant
P15,Rod,Prpf39,-2.2221375,-0.12563471,0.0262740127592031,0.09014093006595039,0.4339348079161816,4510,0.74266344,45.74279379157594,3436,0.69796497,43.393480791618295,not_significant
P15,Rod,Firre,-2.2229583,-0.18416308,0.026218609300809603,0.0900939271553765,0.17549476135040745,4510,0.28822312,19.51219512195116,3436,0.25775477,17.549476135040795,not_significant
P15,Rod,Selenow,-2.224033,-0.14133146,0.0261462108616241,0.08996040735198954,0.3489522700814901,4510,0.59696525,36.940133037694864,3436,0.5541118,34.895227008149114,not_significant
P15,Rod,Clk4,-2.2285793,-0.1413095,0.025841912712078932,0.08921719346664886,0.33352735739231665,4510,0.54316455,35.69844789357058,3436,0.50327706,33.35273573923176,not_significant
P15,Rod,Tnpo1,-2.228908,-0.08842016,0.025820026773077744,0.08921719346664886,0.8460419091967404,4510,1.883573,86.09756097561512,3436,1.8318486,84.60419091966772,not_significant
P15,Rod,Ift122,-2.2290204,-0.16733332,0.02581255306640408,0.08921719346664886,0.24650756693830034,4510,0.3954766,26.807095343680633,3436,0.35905018,24.650756693830107,not_significant
P15,Rod,Ubap2,-2.2332861,-0.19694607,0.025530075772886126,0.08835053319081367,0.14639115250291035,4510,0.2264268,16.452328159645273,3436,0.20023106,14.639115250291077,not_significant
P15,Rod,Slc6a9,-2.2410016,-0.18989368,0.025025963633553173,0.08677392949604346,0.15745052386495925,4510,0.24957351,17.62749445676275,3436,0.22195612,15.745052386495969,not_significant
P15,Rod,Kdm3b,-2.2434125,-0.115900174,0.024870220054246304,0.08640318110291471,0.5029103608847497,4510,0.87800235,52.08425720621067,3436,0.8318414,50.291036088475074,not_significant
P15,Rod,Chd4,-2.246019,-0.14912766,0.024702798855878935,0.08604273575515234,0.33556461001164145,4510,0.5489345,35.85365853658612,3436,0.5065643,33.556461001164244,not_significant
P15,Rod,Kcnj14,-2.2462234,-0.14398326,0.02468969958719618,0.08604273575515234,0.3480791618160652,4510,0.56098104,36.940133037694864,3436,0.5193453,34.80791618160662,not_significant
P15,Rod,Sncb,-2.2462437,-0.13593023,0.02468840604649313,0.08604273575515234,0.3073341094295693,4510,0.49126568,33.34811529933533,3436,0.4557406,30.73341094295702,not_significant
P15,Rod,Twsg1,-2.246502,-0.23001635,0.024671878642579418,0.08604273575515234,0.09167636786961583,4510,0.1417668,10.73170731707329,3436,0.12209506,9.167636786961607,not_significant
P15,Rod,Sp4,-2.2477758,-0.12065971,0.024590490384262063,0.08587460313879017,0.41647264260768335,4510,0.7270628,44.323725055433904,3436,0.68472457,41.647264260768466,not_significant
P15,Rod,Coro7,-2.2483106,-0.22954148,0.024556393025011503,0.0858113955610174,0.11059371362048893,4510,0.18549253,12.68292682926846,3436,0.1602734,11.059371362048925,not_significant
P15,Rod,Tsc1,-2.2556489,-0.21666853,0.02409262459082697,0.08446590738901692,0.1350407450523865,4510,0.22139722,15.277161862527796,3436,0.1933114,13.504074505238686,not_significant
P15,Rod,Unc13a,-2.2592413,-0.19458921,0.023868380317776435,0.0837892617961733,0.10768335273573923,4510,0.17440228,12.505543237250727,3436,0.15400185,10.768335273573951,not_significant
P15,Rod,Mink1,-2.2621655,-0.24292861,0.023687177679127414,0.08327164187762277,0.09167636786961583,4510,0.14717343,10.709534368071074,3436,0.12573646,9.167636786961607,not_significant
P15,Rod,E130304I02Rik,-2.2630284,-0.24381034,0.023633943586452634,0.08323865620336962,0.13358556461001164,4510,0.23197927,15.055432372505631,3436,0.19925778,13.3585564610012,not_significant
P15,Rod,Ppp6r2,-2.2636414,-0.177722,0.023596184213939265,0.08316027077764142,0.21449359720605354,4510,0.34811595,23.503325942350138,3436,0.31344822,21.44935972060542,not_significant
P15,Rod,Nsmaf,-2.2639325,-0.22892645,0.02357826921872951,0.08316027077764142,0.09662398137369034,4510,0.16045506,11.241685144124304,3436,0.1384631,9.66239813736906,not_significant
P15,Rod,Ip6k1,-2.2645445,-0.12424965,0.023540642134604387,0.08312837683345485,0.43538998835855647,4510,0.71982646,45.72062084257372,3436,0.6765577,43.53899883585578,not_significant
P15,Rod,Smg1,-2.2669039,-0.1441548,0.023396099474280934,0.08285605391078288,0.3460419091967404,4510,0.5880213,36.940133037694864,3436,0.54482657,34.604190919674146,not_significant
P15,Rod,Kdm4b,-2.2672565,-0.24205615,0.023374560506611238,0.08285605391078288,0.1388242142025611,4510,0.22519416,15.609756097561045,3436,0.19355358,13.882421420256149,not_significant
P15,Rod,Rufy1,-2.2674448,-0.16430949,0.023363066646001903,0.08285605391078288,0.26018626309662396,4510,0.42659754,27.982261640798257,3436,0.38849887,26.018626309662473,not_significant
P15,Rod,Cdc23,-2.270572,-0.22258167,0.023172900748996632,0.08226303085216276,0.15337601862630967,4510,0.24447769,17.095343680709554,3436,0.21297857,15.33760186263101,not_significant
P15,Rod,Slit2,-2.27082,-0.1780962,0.02315788958103451,0.08226303085216276,0.09254947613504075,4510,0.16371948,10.886917960088818,3436,0.14602567,9.254947613504099,not_significant
P15,Rod,Galnt7,-2.2715936,-0.12073868,0.02311106571402819,0.08215225744867279,0.60011641443539,4510,1.1617389,63.0155210643048,3436,1.1049995,60.01164144353728,not_significant
P15,Rod,Samd4b,-2.275517,-0.23020905,0.02287493314858086,0.08163748596739037,0.10360884749708964,4510,0.16047215,12.03991130820415,3436,0.13836296,10.360884749708992,not_significant
P15,Rod,Mfhas1,-2.2800357,-0.19262877,0.02260556422799003,0.08082014906810749,0.1859720605355064,4510,0.31292677,20.643015521064203,3436,0.2787655,18.597206053550693,not_significant
P15,Rod,Maz,-2.2844594,-0.21838251,0.022344547081944416,0.08017133815889621,0.10244470314318975,4510,0.15488704,11.906873614190843,3436,0.13452516,10.244470314319003,not_significant
P15,Rod,Hnrnpr,-2.2856014,-0.12763694,0.02227758849450193,0.08003816790656955,0.4394644935972061,4510,0.7409932,46.20842572062255,3436,0.6956684,43.94644935972074,not_significant
P15,Rod,Stam2,-2.2896872,-0.13707897,0.022039459007858395,0.07950212381852888,0.35942956926658903,4510,0.5964319,38.292682926830246,3436,0.5548611,35.942956926659015,not_significant
P15,Rod,Ccdc24,-2.2917504,-0.19138455,0.021920049827682694,0.07917787695332658,0.2110011641443539,4510,0.34871086,23.281596452327975,3436,0.31145012,21.10011641443545,not_significant
P15,Rod,Atrip,-2.2928908,-0.21663177,0.02185429231359973,0.07907525064676386,0.1839348079161816,4510,0.28780597,20.199556541019874,3436,0.2523135,18.393480791618213,not_significant
P15,Rod,Khdrbs1,-2.2939465,-0.17197223,0.021793570312485692,0.07893363346129187,0.229918509895227,4510,0.3566831,25.121951219511963,3436,0.32238972,22.99185098952277,not_significant
P15,Rod,Kpna2,-2.2940955,-0.15221821,0.021785011241367985,0.07893363346129187,0.35564610011641445,4510,0.5742456,37.64966740576588,3436,0.52951425,35.56461001164155,not_significant
P15,Rod,Hsf2,-2.294585,-0.18870021,0.021756914696981794,0.07891430369500975,0.1530849825378347,4510,0.24452676,17.361419068736154,3436,0.21757056,15.308498253783512,not_significant
P15,Rod,Adcy1,-2.2997503,-0.11679223,0.02146237401574181,0.07817394190784631,0.47176949941792784,4510,0.81866175,49.55654101995767,3436,0.7742199,47.17694994179293,not_significant
P15,Rod,Srp54c,-2.3006375,-0.20514417,0.021412127659780806,0.07813197424092067,0.15162980209545984,4510,0.24065408,17.095343680709554,3436,0.21189423,15.162980209546026,not_significant
P15,Rod,Rfc1,-2.3011525,-0.17768458,0.021383019706968254,0.0780793177046819,0.16472642607683352,4510,0.26385993,18.514412416851414,3436,0.23661745,16.4726426076834,not_significant
P15,Rod,Uba6,-2.3039072,-0.22669598,0.021227855601002498,0.0776184167987576,0.11146682188591385,4510,0.1892255,12.860310421286192,3436,0.16383716,11.146682188591415,not_significant
P15,Rod,Prrc2c,-2.3085914,-0.099073485,0.02096626898727571,0.07687154261636836,0.6091385331781141,4510,1.0998819,62.350332594238225,3436,1.0545992,60.91385331780952,not_significant
P15,Rod,Sntb2,-2.3136039,-0.1030353,0.020689457931050783,0.07606460064575489,0.6169965075669382,4510,1.1710926,63.68070953437138,3436,1.122366,61.699650756691796,not_significant
P15,Rod,Cdc42bpb,-2.3136053,-0.18508205,0.020689378968783423,0.07606460064575489,0.14668218859138532,4510,0.23192571,16.629711751663006,3436,0.2066874,14.668218859138573,not_significant
P15,Rod,Shroom2,-2.3143618,-0.1917577,0.02064788122022655,0.07601594705922801,0.14959254947613504,4510,0.24422349,16.94013303769404,3436,0.21688385,14.959254947613546,not_significant
P15,Rod,Nxf1,-2.3178484,-0.20787907,0.02045755472318975,0.07541877906198613,0.10244470314318975,4510,0.16407019,11.973392461197497,3436,0.14355585,10.244470314319003,not_significant
P15,Rod,Lrrc8b,-2.31888,-0.16031419,0.020401535066329836,0.07531578396131675,0.3140279394644936,4510,0.5187107,33.436807095344214,3436,0.47521454,31.402793946449453,not_significant
P15,Rod,Clasp1,-2.3226542,-0.11600919,0.020197737068198298,0.07466620374487641,0.7162398137369034,4510,1.4592309,74.83370288248771,3436,1.3980919,71.62398137368643,not_significant
P15,Rod,Pafah1b2,-2.3251839,-0.17253621,0.020062125797989536,0.07447283237399022,0.2171129220023283,4510,0.3362468,23.991130820398904,3436,0.30353063,21.711292200232894,not_significant
P15,Rod,Ago2,-2.3261573,-0.15172711,0.020010160640797258,0.07443446718254958,0.279685681024447,4510,0.44715708,30.243902439024627,3436,0.41050017,27.968568102444785,not_significant
P15,Rod,Eps8,-2.327419,-0.13003556,0.019942969119157408,0.07428755996886134,0.4551804423748545,4510,0.8266191,48.248337028826725,3436,0.7769237,45.51804423748559,not_significant
P15,Rod,Smarcb1,-2.3276927,-0.17090698,0.019928424754501718,0.0742849689945429,0.16356228172293363,4510,0.24973829,18.47006651884698,3436,0.22473963,16.35622817229341,not_significant
P15,Rod,Ank,-2.3282447,-0.21405728,0.019899110011054922,0.07422727823317009,0.1452270081490105,4510,0.24773647,16.40798226164084,3436,0.21701117,14.522700814901087,not_significant
P15,Rod,Tbc1d24,-2.328408,-0.14833531,0.01989044523792645,0.07422727823317009,0.3265424912689173,4510,0.5395273,35.09977827051066,3436,0.4979317,32.654249126891834,not_significant
P15,Rod,Pkp4,-2.3313742,-0.18811528,0.019733643879110918,0.07381538756454042,0.1478463329452852,4510,0.24978821,16.78492239467852,3436,0.2223952,14.784633294528563,not_significant
P15,Rod,Arid1a,-2.3318555,-0.16898634,0.019708288591105447,0.07377198883648961,0.270081490104773,4510,0.4358118,29.534368070953608,3436,0.3959826,27.00814901047738,not_significant
P15,Rod,Pds5a,-2.332516,-0.1776426,0.019673568559412033,0.07369345094461323,0.24708963911525028,4510,0.4134944,26.85144124168507,3436,0.3734684,24.708963911525103,not_significant
P15,Rod,Polr2l,-2.3331914,-0.24188003,0.019638105378392834,0.07362808012544314,0.119906868451688,4510,0.17795995,13.747228381374853,3436,0.15247387,11.990686845168835,not_significant
P15,Rod,Pola1,-2.3339508,-0.13737412,0.019598295779613674,0.07361712784443118,0.24155995343422584,4510,0.4516905,26.762749445676192,3436,0.41812202,24.155995343422656,not_significant
P15,Rod,Tspan5,-2.3388417,-0.110333316,0.019343634283910765,0.07296712679247351,0.569848661233993,4510,1.0769494,59.467849223949706,3436,1.0271842,56.98486612339815,not_significant
P15,Rod,Phyh,-2.3395386,-0.2585201,0.019307574719405005,0.0728823580541087,0.09429569266589057,4510,0.143608,11.019955654102125,3436,0.12141752,9.429569266589082,not_significant
P15,Rod,Vps13c,-2.349298,-0.22313479,0.018808844364499,0.07130080648139407,0.119906868451688,4510,0.19988227,13.791574279379287,3436,0.1735775,11.990686845168835,not_significant
P15,Rod,Elmod1,-2.3498142,-0.16844915,0.018782780029303094,0.07125235649022757,0.20343422584400467,4510,0.33019596,22.572062084257045,3436,0.29871503,20.343422584400525,not_significant
P15,Rod,Fam193a,-2.350442,-0.12601057,0.018751129707726424,0.07118263252105063,0.490104772991851,4510,0.8695397,51.55210643015741,3436,0.8197379,49.010477299185254,not_significant
P15,Rod,Scarb1,-2.3511062,-0.12057565,0.018717693816209087,0.07110602665024471,0.4627473806752037,4510,0.80216587,48.86917960088887,3436,0.75692695,46.274738067520516,not_significant
P15,Rod,Map3k4,-2.3531675,-0.16165535,0.01861424535638015,0.07076315527400646,0.2069266589057043,4510,0.3315431,23.10421286031024,3436,0.3011745,20.692665890570492,not_significant
P15,Rod,Stag1,-2.3557272,-0.11519998,0.018486488700252802,0.07032732297032342,0.639406286379511,4510,1.2382894,67.07317073171095,3436,1.1822498,63.94062863794865,not_significant
P15,Rod,Ntng2,-2.3586454,-0.14021027,0.018341776339403863,0.06994495130443111,0.37456344586728757,4510,0.6785026,40.376940133038865,3436,0.6318051,37.45634458672887,not_significant
P15,Rod,Usp4,-2.3594148,-0.21031553,0.01830378176087862,0.06988006075825831,0.1638533178114086,4510,0.25830004,18.3592017738359,3436,0.22693376,16.38533178114091,not_significant
P15,Rod,Eno2,-2.3628428,-0.17289099,0.018135362450094103,0.06933576919622578,0.27153667054714786,4510,0.43055117,29.290465631929198,3436,0.3902386,27.153667054714862,not_significant
P15,Rod,Farp1,-2.3697555,-0.27734995,0.01779985481930572,0.06824762062241306,0.10913853317811409,4510,0.19243222,12.594235033259594,3436,0.16133857,10.913853317811437,not_significant
P15,Rod,Gm48678,-2.3726084,-0.19670436,0.017662979939516658,0.0678683555842173,0.1888824214202561,4510,0.31169856,20.97560975609745,3436,0.27696934,18.888242142025664,not_significant
P15,Rod,Ep400,-2.3737059,-0.17225263,0.01761057647333568,0.06771550695553591,0.29743888242142025,4510,0.4894248,31.951219512195518,3436,0.44489095,29.743888242142113,not_significant
P15,Rod,Gm19951,-2.3749435,-0.13850532,0.017551631389092354,0.06768292650689531,0.45139697322467986,4510,0.8152921,47.27272727272908,3436,0.7629118,45.13969732246812,not_significant
P15,Rod,Rptor,-2.3765736,-0.16384995,0.017474273539189403,0.06743309587353379,0.2977299185098952,4510,0.495904,32.23946784922437,3436,0.45302176,29.772991850989612,not_significant
P15,Rod,Peak1,-2.3791463,-0.24953617,0.01735278339607075,0.06720601453900614,0.10622817229336438,4510,0.15758051,12.328159645232983,3436,0.13415152,10.622817229336466,not_significant
P15,Rod,Srpk2,-2.3814662,-0.10060915,0.01724388065162725,0.06683249697639347,0.6644353899883586,4510,1.2788064,68.27050997783078,3436,1.2289757,66.44353899883293,not_significant
P15,Rod,Edem3,-2.3819394,-0.19046263,0.017221735808831965,0.06679493194401638,0.15948777648428406,4510,0.25857896,18.070953436807084,3436,0.22999455,15.94877764842845,not_significant
P15,Rod,Cnnm4,-2.3860903,-0.20860364,0.017028566240468085,0.06609350891018148,0.17869615832363214,4510,0.27827623,19.999999999999922,3436,0.24502723,17.869615832363266,not_significant
P15,Rod,Ddx46,-2.3867216,-0.16567497,0.01699936050754512,0.06602792886493267,0.28463329452852154,4510,0.45254582,30.77605321507789,3436,0.4122557,28.463329452852236,not_significant
P15,Rod,Mta2,-2.3907647,-0.18496722,0.01681332078414866,0.06535409538396016,0.17840512223515717,4510,0.27705425,19.999999999999922,3436,0.24750368,17.840512223515766,not_significant
P15,Rod,Ash1l,-2.3919718,-0.11359802,0.016758125608914886,0.06524152005840583,0.4959254947613504,4510,0.8818866,52.3503325942373,3436,0.8365007,49.5925494761352,not_significant
P15,Rod,Negr1,-2.3953168,-0.14384273,0.016606006883224143,0.06482869062708464,0.7584400465657741,4510,1.9144781,80.00000000000482,3436,1.8301133,75.84400465657272,not_significant
P15,Rod,Tcp11,-2.3953645,-0.29242072,0.016603844092140264,0.06482869062708464,0.09575087310826542,4510,0.15383784,11.17516629711765,3436,0.12732889,9.575087310826568,not_significant
P15,Rod,Sympk,-2.3968832,-0.18029469,0.01653519125959702,0.06478799555622966,0.17171129220023282,4510,0.26925534,19.334811529933425,3436,0.24113272,17.17112922002333,not_significant
P15,Rod,Slx1b,-2.3972921,-0.28652626,0.01651674596647364,0.06476303023696242,0.10564610011641444,4510,0.1731917,12.195121951219676,3436,0.14412916,10.564610011641472,not_significant
P15,Rod,Lbh,-2.400199,-0.19097593,0.016386163407018466,0.06429801061832265,0.2191501746216531,4510,0.3399798,23.94678492239447,3436,0.30359092,21.915017462165373,not_significant
P15,Rod,Smad4,-2.4029648,-0.16176336,0.01626275345241569,0.06390725972070165,0.2636786961583236,4510,0.41709733,28.736141906873712,3436,0.38025314,26.36786961583244,not_significant
P15,Rod,Mthfsl,-2.4161937,-0.24329351,0.01568371198553214,0.06204087838524661,0.12194412107101281,4510,0.18531075,14.013303769401453,3436,0.15870981,12.194412107101314,not_significant
P15,Rod,Myo9b,-2.4205358,-0.22536872,0.015497652953659378,0.061577341069206586,0.12863795110593715,4510,0.21199095,14.789356984479033,3436,0.18397494,12.863795110593749,not_significant
P15,Rod,Ppp1r12b,-2.422724,-0.14839578,0.015404622180591174,0.061298511407040845,0.3428405122235157,4510,0.60497224,36.98447893569931,3436,0.5595894,34.28405122235168,not_significant
P15,Rod,Sptbn1,-2.4370265,-0.1560177,0.014808593771492443,0.059411590867827574,0.3416763678696158,4510,0.556168,36.585365853659354,3436,0.5114556,34.16763678696169,not_significant
P15,Rod,Rps6ka5,-2.4406464,-0.19046679,0.01466100017133861,0.05904024393322846,0.15919674039580908,4510,0.28386557,18.048780487804866,3436,0.252824,15.919674039580952,not_significant
P15,Rod,Eif4g1,-2.4421332,-0.1720451,0.014600758445963877,0.05888606639409793,0.23864959254947612,4510,0.3895606,26.319290465631806,3436,0.35261592,23.864959254947685,not_significant
P15,Rod,Fam162a,-2.445511,-0.18154897,0.014464699837108966,0.05851331065328242,0.2159487776484284,4510,0.3350129,23.902439024390038,3436,0.30077267,21.594877764842906,not_significant
P15,Rod,Ncbp3,-2.4472067,-0.16992271,0.014396823738005845,0.05832670886001764,0.22264260768335273,4510,0.35848072,24.700665188469834,3436,0.32443467,22.26426076833534,not_significant
P15,Rod,Cacna2d4,-2.4476392,-0.087108634,0.014379551552647262,0.058300766839304546,0.7782305005820722,4510,1.6376929,78.98004434590273,3436,1.5893426,77.82305005820216,not_significant
P15,Rod,Aplp2,-2.449141,-0.12879586,0.014319739404574665,0.05814616363825777,0.4639115250291036,4510,0.8170314,49.2461197339266,3436,0.7681781,46.3911525029105,not_significant
P15,Rod,Pdia5,-2.4491885,-0.17836854,0.01431785384499815,0.05814616363825777,0.26542491268917345,4510,0.42722735,28.86917960088703,3436,0.38595223,26.542491268917423,not_significant
P15,Rod,Nup188,-2.4516473,-0.24322386,0.014220399634108061,0.0578991167203352,0.11612339930151339,4510,0.18561582,13.458980044346038,3436,0.15898153,11.61233993015137,not_significant
P15,Rod,Foxk1,-2.4525013,-0.1934412,0.014186690224385977,0.057849123146699606,0.139988358556461,4510,0.22570737,16.07538802660759,3436,0.20002683,13.998835855646139,not_significant
P15,Rod,Derl1,-2.4547741,-0.32133037,0.014097308996514553,0.05763165030006721,0.08672875436554132,4510,0.13483426,10.243902439024497,3436,0.10932567,8.672875436554154,not_significant
P15,Rod,Iqgap1,-2.4563522,-0.18127678,0.014035547104039292,0.0575586197752804,0.2450523864959255,4510,0.4160553,26.984478935698387,3436,0.37503704,24.505238649592624,not_significant
P15,Rod,Trap1,-2.4570174,-0.27905267,0.014009589246730866,0.0574961260286644,0.08789289871944121,4510,0.14075689,10.443458980044458,3436,0.117394745,8.789289871944144,not_significant
P15,Rod,Lpin2,-2.4630358,-0.1302752,0.013776619513948455,0.056757132928432805,0.430151338766007,4510,0.75649834,45.942350332595915,3436,0.70959353,43.01513387660083,not_significant
P15,Rod,Lifr,-2.4637432,-0.14454956,0.013749461865229146,0.05668878819760887,0.35244470314318976,4510,0.5841788,38.00443458980139,3436,0.5410828,35.24447031431908,not_significant
P15,Rod,Ndufaf5,-2.4652534,-0.18420763,0.01369163778359852,0.05649380390094036,0.259604190919674,4510,0.4197751,28.070953436807134,3436,0.37781602,25.96041909196748,not_significant
P15,Rod,Emsy,-2.4660935,-0.17256048,0.013659564671797922,0.05644751207528609,0.27648428405122233,4510,0.45653138,30.19955654102019,3436,0.4143341,27.648428405122317,not_significant
P15,Rod,Ogdh,-2.466941,-0.13595422,0.01362727983424829,0.05635831074086956,0.38358556461001164,4510,0.64161974,41.37472283813873,3436,0.59809756,38.35855646100128,not_significant
P15,Rod,Mphosph9,-2.4759686,-0.19250105,0.013287529634345907,0.05520860492535356,0.22788125727590222,4510,0.39563394,25.077605321507523,3436,0.35396257,22.788125727590288,not_significant
P15,Rod,Fndc3b,-2.478826,-0.21684214,0.013181555869900056,0.054810748593910004,0.14551804423748546,4510,0.24805383,16.60753880266079,3436,0.21691683,14.551804423748585,not_significant
P15,Rod,Aqr,-2.4791026,-0.18255854,0.013171338783912408,0.054810748593910004,0.24359720605355065,4510,0.39405948,26.740576496673974,3436,0.35457912,24.359720605355136,not_significant
P15,Rod,Clec16a,-2.4829314,-0.19413714,0.013030621930933234,0.054309445250602856,0.20576251455180442,4510,0.34447095,22.882483370288075,3436,0.30709192,20.576251455180504,not_significant
P15,Rod,Crxos,-2.4890308,-0.11581377,0.012809185688972586,0.053594751977885303,0.590512223515716,4510,1.1197325,61.77383592018052,3436,1.0663706,59.051222351570054,not_significant
P15,Rod,Snx27,-2.4906523,-0.21511738,0.012750881367261156,0.05339244937860175,0.1740395809080326,4510,0.28303957,19.556541019955592,3436,0.24829544,17.40395809080331,not_significant
P15,Rod,5830408C22Rik,-2.4943273,-0.22483715,0.012619613619010957,0.05292541630365502,0.12485448195576251,4510,0.20372638,14.478935698448,3436,0.17676811,12.485448195576286,not_significant
P15,Rod,Rhbdl3,-2.50131,-0.18162699,0.012373481250403448,0.05217150823451357,0.25785797438882424,4510,0.44762787,28.292682926829325,3436,0.40400365,25.785797438882497,not_significant
P15,Rod,Smad2,-2.5074623,-0.16870075,0.012160155239470885,0.05144090907296674,0.24330616996507567,4510,0.3975295,26.91796008869173,3436,0.36065847,24.33061699650764,not_significant
P15,Rod,Mxi1,-2.509067,-0.16928262,0.012105047728047423,0.051248205219610404,0.2889988358556461,4510,0.47628567,31.59645232816001,3436,0.43342912,28.899883585564694,not_significant
P15,Rod,Sucla2,-2.510377,-0.18097287,0.012060234025215685,0.05109881146228826,0.19150174621653085,4510,0.29828086,21.55210643015508,3436,0.26740375,19.15017462165314,not_significant
P15,Rod,Celf4,-2.512263,-0.17058654,0.011995965909448103,0.05086668864686136,0.2692083818393481,4510,0.4807942,29.534368070953608,3436,0.4372942,26.920838183934887,not_significant
P15,Rod,Chuk,-2.5127964,-0.18480054,0.011977847246486026,0.050830041637777726,0.24010477299185098,4510,0.39322418,26.49667405764956,3436,0.35335058,24.01047729918517,not_significant
P15,Rod,Atp8a2,-2.5144353,-0.07331415,0.011922316469597705,0.05079888542697534,0.9045401629802096,4510,2.3087666,90.9977827051056,3436,2.26312,90.45401629801353,not_significant
P15,Rod,Thra,-2.5203505,-0.23855951,0.011723807902385336,0.05018875146719468,0.14639115250291035,4510,0.22973038,16.67405764966744,3436,0.19794834,14.639115250291077,not_significant
P15,Rod,Peg13,-2.521126,-0.20651002,0.01169799645470068,0.050140205960691575,0.13358556461001164,4510,0.20291358,15.410199556541096,3436,0.17811531,13.3585564610012,not_significant
P15,Rod,Depdc5,-2.521297,-0.22162384,0.011692310177826038,0.050140205960691575,0.14610011641443538,4510,0.24272378,16.67405764966744,3436,0.21155402,14.61001164144358,not_significant
P15,Rod,Slc25a19,-2.5234036,-0.29157054,0.01162249442543457,0.04999407363915722,0.09022118742724097,4510,0.15428546,10.709534368071074,3436,0.12777491,9.022118742724121,down_in_KO
P15,Rod,Trrap,-2.5248222,-0.18057667,0.01157568342527148,0.049913155862665766,0.2479627473806752,4510,0.4110977,27.339246119733897,3436,0.37063283,24.796274738067595,not_significant
P15,Rod,Nudcd3,-2.5268114,-0.1987462,0.011510333167403904,0.04971129396936759,0.2360302677532014,4510,0.37598172,25.831485587582982,3436,0.33481514,23.60302677532021,not_significant
P15,Rod,Camkmt,-2.5275764,-0.18814455,0.011485278528511982,0.049667504444273994,0.19121071012805588,4510,0.35726827,21.485587583148433,3436,0.31984574,19.121071012805643,not_significant
P15,Rod,Mia2,-2.5281615,-0.16957134,0.01146615561261428,0.049640402506911215,0.2828870779976717,4510,0.46204957,31.019955654102304,3436,0.4201531,28.288707799767256,not_significant
P15,Rod,Rps27,-2.528865,-0.16611035,0.011443199295817958,0.04962111642907641,0.4563445867287544,4510,0.9135142,47.40576496674239,3436,0.84616286,45.634458672875574,not_significant
P15,Rod,Usp29,-2.529372,-0.2673018,0.011426688036026393,0.04958960730197862,0.0870197904540163,4510,0.1726296,10.443458980044458,3436,0.14544809,8.701979045401652,down_in_KO
P15,Rod,Hectd4,-2.5318036,-0.17444293,0.011347751871782372,0.0492869158220572,0.24708963911525028,4510,0.40633157,27.25055432372502,3436,0.36756057,24.708963911525103,not_significant
P15,Rod,Gm13944,-2.532698,-0.21676771,0.01131884416462249,0.04924110308113142,0.14057043073341094,4510,0.23027539,16.164079822616458,3436,0.20116058,14.057043073341132,not_significant
P15,Rod,Cerk,-2.5371857,-0.15355636,0.011174764297430013,0.04873287454586552,0.34313154831199066,4510,0.56115794,37.18403547671928,3436,0.51682913,34.31315483119917,not_significant
P15,Rod,Myh10,-2.5404022,-0.20217103,0.011072502968121163,0.04832620498047349,0.12660069848661235,4510,0.2052285,14.789356984479033,3436,0.18066853,12.660069848661267,not_significant
P15,Rod,Uvrag,-2.5420675,-0.16082281,0.011019885748579678,0.04813572243923566,0.33847497089639117,4510,0.56198955,36.230598669623845,3436,0.5155783,33.84749708963922,not_significant
P15,Rod,Dek,-2.5444496,-0.16393736,0.010945014046475602,0.04784764086821119,0.37485448195576254,4510,0.6248338,39.75609756097672,3436,0.57363534,37.48544819557637,not_significant
P15,Rod,Ric1,-2.546057,-0.14510885,0.01089474045017414,0.04776379847987827,0.38445867287543656,4510,0.6427567,41.308203991132075,3436,0.59632325,38.44586728754377,not_significant
P15,Rod,Stx3,-2.5480423,-0.10401121,0.010832932674373467,0.04762938595519613,0.8384749708963911,4510,1.82896,86.03104212860848,3436,1.7687984,83.84749708963292,not_significant
P15,Rod,Lmnb1,-2.5577657,-0.15823242,0.010534707229697933,0.04647053419416095,0.2532013969732247,4510,0.40841565,28.15964523281601,3436,0.37296447,25.320139697322542,not_significant
P15,Rod,Gucd1,-2.5580192,-0.17721112,0.010527025933842363,0.04647053419416095,0.31140861466821884,4510,0.51776445,33.54767184035531,3436,0.46992263,31.140861466821978,not_significant
P15,Rod,Strbp,-2.558387,-0.09011755,0.010515894583793907,0.04646396914948148,0.8006402793946449,4510,1.7039826,81.15299334812022,3436,1.6531776,80.06402793945901,not_significant
P15,Rod,Arhgap39,-2.5590863,-0.21545984,0.01049477115900178,0.04640886438325272,0.2060535506402794,4510,0.3437791,22.815964523281426,3436,0.30258423,20.605355064028,not_significant
P15,Rod,Grk4,-2.5593948,-0.28660217,0.010485457344351292,0.04640886438325272,0.11379511059371362,4510,0.20504875,13.19290465631944,3436,0.17107622,11.379511059371392,down_in_KO
P15,Rod,Agl,-2.5614839,-0.2679652,0.010422611083312872,0.04639575589285498,0.1079743888242142,4510,0.18377604,12.660753880266244,3436,0.15490623,10.79743888242145,down_in_KO
P15,Rod,Eefsec,-2.56436,-0.20872276,0.010336627916764655,0.046051222712230576,0.1769499417927823,4510,0.30202883,19.88913525498884,3436,0.26628405,17.694994179278282,not_significant
P15,Rod,Cpsf3,-2.5675225,-0.23393132,0.01024281399482732,0.045747255843675054,0.09749708963911526,4510,0.15601073,11.618625277162009,3436,0.13415149,9.74970896391155,not_significant
P15,Rod,Phactr2,-2.5679362,-0.2446751,0.010230598108137756,0.04573077354337577,0.1330034924330617,4510,0.22931562,15.343680709534446,3436,0.19682679,13.300349243306206,not_significant
P15,Rod,Kdm5a,-2.5699453,-0.17144555,0.01017145947490452,0.045504344139606204,0.23166472642607683,4510,0.37189674,25.831485587582982,3436,0.3364777,23.16647264260775,not_significant
P15,Rod,Gm15857,-2.570311,-0.27045214,0.010160725238804052,0.04549426559344318,0.1260186263096624,4510,0.20749986,14.501108647450216,3436,0.17494363,12.601862630966274,down_in_KO
P15,Rod,Ppp2r5a,-2.5718715,-0.18877219,0.010115039890780475,0.04532754717973807,0.20663562281722933,4510,0.32867935,23.10421286031024,3436,0.2937181,20.663562281722996,not_significant
P15,Rod,Sec63,-2.5726244,-0.1710389,0.01009306718600905,0.04526689998808741,0.3233410942956927,4510,0.5370109,34.722838137472934,3436,0.48944426,32.33410942956937,not_significant
P15,Rod,Tsga10,-2.5803668,-0.23589517,0.00986954095646098,0.04442534998038316,0.1469732246798603,4510,0.24255991,16.829268292682954,3436,0.20953156,14.697322467986071,not_significant
P15,Rod,Zbtb4,-2.580474,-0.19980092,0.009866478449920729,0.04442534998038316,0.16559953434225844,4510,0.25806394,18.847006651884662,3436,0.22820619,16.55995343422589,not_significant
P15,Rod,D3Ertd751e,-2.5824294,-0.16709647,0.009810741205144248,0.044296983017166454,0.23748544819557627,4510,0.41257837,26.607538802660656,3436,0.3749056,23.748544819557697,not_significant
P15,Rod,Iars,-2.583828,-0.2302985,0.009771054889562366,0.04415496076462724,0.1260186263096624,4510,0.20398562,14.634146341463516,3436,0.17638294,12.601862630966274,not_significant
P15,Rod,Mindy2,-2.5846467,-0.20160957,0.009747885354311939,0.04408740054007525,0.17956926658905703,4510,0.28326824,20.310421286030955,3436,0.25056705,17.956926658905754,not_significant
P15,Rod,Wnk1,-2.5939813,-0.1325278,0.009487168708773473,0.04301705237012757,0.44732246798603026,4510,0.7869438,48.62527716186445,3436,0.7379496,44.732246798603164,not_significant
P15,Rod,Mif,-2.594467,-0.16079742,0.009473773916401166,0.042992659295749455,0.3739813736903376,4510,0.6849331,40.044345898005574,3436,0.6312172,37.398137369033876,not_significant
P15,Rod,Cacnb2,-2.5956542,-0.10641944,0.009441099709457973,0.04295340020486223,0.9342258440046566,4510,2.835379,94.98891352550508,3436,2.7661002,93.42258440045768,not_significant
P15,Rod,Pdk1,-2.5970707,-0.27480793,0.009402255765892481,0.04281298805453928,0.0870197904540163,4510,0.14658606,10.465631929046676,3436,0.12265372,8.701979045401652,down_in_KO
P15,Rod,Zswim6,-2.5978043,-0.18801841,0.009382192711916792,0.042794287165579654,0.24767171129220023,4510,0.43949685,27.405764966740552,3436,0.395069,24.7671711292201,not_significant
P15,Rod,Pkd1,-2.6011271,-0.20095572,0.009291800866881956,0.04246410420022703,0.2581490104772992,4510,0.43147725,28.203991130820448,3436,0.3848387,25.814901047729993,not_significant
P15,Rod,Fam171b,-2.601896,-0.21695304,0.009270992254828442,0.042431401412030514,0.21536670547147846,4510,0.35140812,23.791574279378956,3436,0.30915862,21.53667054714791,not_significant
P15,Rod,Lrba,-2.6080134,-0.112356134,0.009106941730592876,0.041787541011890666,0.6184516880093132,4510,1.1904262,64.05764966740911,3436,1.1368768,61.84516880092925,not_significant
P15,Rod,Zfp385a,-2.6096442,-0.13911349,0.00906364411228983,0.04165276662022807,0.47613504074505236,4510,0.8316384,49.68957871397098,3436,0.7783371,47.613504074505386,not_significant
P15,Rod,Srpk1,-2.6111238,-0.22938962,0.009024522654359114,0.04162829257669276,0.16036088474970897,4510,0.25244573,18.248337028824814,3436,0.21909891,16.036088474970942,not_significant
P15,Rod,Zzef1,-2.6171482,-0.21436049,0.008866785074818443,0.04100123719079839,0.19557625145518046,4510,0.3268814,21.840354767183896,3436,0.28762195,19.557625145518102,not_significant
P15,Rod,Arhgef1,-2.6189706,-0.19804677,0.008819553138225716,0.040818018147922984,0.17171129220023282,4510,0.28637493,19.600886917960025,3436,0.25391206,17.17112922002333,not_significant
P15,Rod,Gak,-2.6191587,-0.29136905,0.00881469379992523,0.040818018147922984,0.1140861466821886,4510,0.19110052,13.303769401330523,3436,0.15877248,11.40861466821889,down_in_KO
P15,Rod,Camk2n1,-2.6211755,-0.22606336,0.008762716164594436,0.040679911931954506,0.19848661233993015,4510,0.31048423,22.15077605321493,3436,0.27100393,19.848661233993074,not_significant
P15,Rod,N4bp1,-2.621236,-0.27656192,0.008761156377013418,0.040679911931954506,0.09953434225844005,4510,0.16428591,11.796008869179753,3436,0.13750203,9.953434225844031,down_in_KO
P15,Rod,Traf3ip1,-2.6234386,-0.23545092,0.008704711385780182,0.04056652638864022,0.1149592549476135,4510,0.18201055,13.503325942350472,3436,0.15663345,11.495925494761382,not_significant
P15,Rod,Ralgps1,-2.6280205,-0.16140617,0.00858833533886252,0.04005898326752918,0.3012223515715949,4510,0.5166562,33.14855875831536,3436,0.47301006,30.122235157159576,not_significant
P15,Rod,Atp2b1,-2.6391666,-0.11178833,0.008311014634112636,0.0390370249539231,0.6254365541327125,4510,1.1619242,64.0354767184069,3436,1.1093322,62.54365541326905,not_significant
P15,Rod,Ap1b1,-2.6458375,-0.14699204,0.008148895069887323,0.03852561973409249,0.40162980209545984,4510,0.6681637,43.59201773836067,3436,0.61980283,40.162980209546106,not_significant
P15,Rod,Slc9a7,-2.6479766,-0.17838816,0.008097510315813612,0.03843809321595063,0.23224679860302677,4510,0.41561747,26.031042128602955,3436,0.37526098,23.224679860302746,not_significant
P15,Rod,Mcf2l,-2.6486423,-0.18211421,0.0080815791598203,0.03839644872743674,0.270372526193248,4510,0.44054416,29.689578713969144,3436,0.39736995,27.037252619324875,not_significant
P15,Rod,Macrod2,-2.6506128,-0.12469224,0.008034591172269054,0.038207045255364544,0.7857974388824214,4510,2.0729513,81.17516629712243,3436,1.9978178,78.57974388823695,not_significant
P15,Rod,Tmpo,-2.6576827,-0.19411285,0.007867996794429998,0.03761491515625892,0.21536670547147846,4510,0.33570474,24.01330376940112,3436,0.2991452,21.53667054714791,not_significant
P15,Rod,Naa16,-2.6592786,-0.21827258,0.007830816434326643,0.03747056142170215,0.17549476135040745,4510,0.29954398,19.866962305986625,3436,0.26252362,17.549476135040795,not_significant
P15,Rod,Rere,-2.659806,-0.12729733,0.007818567398477146,0.03744535314770661,0.5910942956926659,4510,1.1235278,62.15077605321825,3436,1.0648416,59.10942956926504,not_significant
P15,Rod,Neo1,-2.6607864,-0.2723152,0.007795838084428124,0.0373698619167761,0.11146682188591385,4510,0.19805619,13.12638580931279,3436,0.1666624,11.146682188591415,down_in_KO
P15,Rod,Ccnl2,-2.6618447,-0.16597469,0.007771373312002706,0.03728590916420618,0.3466239813736903,4510,0.5647855,37.33924611973482,3436,0.5167561,34.66239813736914,not_significant
P15,Rod,Eml1,-2.6634774,-0.14542189,0.0077337595329468305,0.03717194098093799,0.42520372526193245,4510,0.74706656,46.07538802660923,3436,0.69528973,42.52037252619338,not_significant
P15,Rod,Rbp3,-2.6642296,-0.14190309,0.007716486225320031,0.03715550458942248,0.6583236321303841,4510,1.3927785,67.47228381375089,3436,1.3197676,65.8323632130356,not_significant
P15,Rod,Cep135,-2.6678574,-0.23019058,0.0076336645538856275,0.036855964596797935,0.12660069848661235,4510,0.21626495,14.81152993348125,3436,0.18716437,12.660069848661267,not_significant
P15,Rod,Slc16a1,-2.6713517,-0.16394699,0.007554642880962098,0.0365731989291342,0.35913853317811406,4510,0.59405535,38.758314855876854,3436,0.5447447,35.913853317811515,not_significant
P15,Rod,Bms1,-2.674623,-0.22242674,0.007481333547298594,0.03628379127279355,0.12223515715948778,4510,0.19733644,14.368070953436918,3436,0.17141618,12.223515715948812,not_significant
P15,Rod,5930430L01Rik,-2.6783338,-0.1934772,0.007398943307530375,0.0359492136789791,0.22671711292200233,4510,0.3757968,25.343680709534155,3436,0.33568782,22.6717112922003,not_significant
P15,Rod,Diaph1,-2.6815999,-0.24877186,0.007327105910524907,0.03569718083928756,0.14348079161816066,4510,0.24030957,16.496674057649706,3436,0.20588987,14.348079161816104,not_significant
P15,Rod,Kdm4c,-2.6835973,-0.090801485,0.007283476870701727,0.035614010879165055,0.8981373690337602,4510,2.2327683,91.04212860311004,3436,2.1767752,89.8137369033687,not_significant
P15,Rod,Pik3r3,-2.7029023,-0.25268063,0.006873696290634699,0.034076254069283295,0.1009895227008149,4510,0.17618552,12.062084257206369,3436,0.14988936,10.098952270081517,down_in_KO
P15,Rod,Ppef2,-2.7062924,-0.13974981,0.00680390923615642,0.03391837280924074,0.5529685681024447,4510,1.0054337,58.38137472284096,3436,0.94510466,55.29685681024363,not_significant
P15,Rod,Pet100,-2.707487,-0.26595128,0.0067794706532114946,0.03385947912833003,0.10593713620488941,4510,0.16386606,12.594235033259594,3436,0.13809153,10.59371362048897,down_in_KO
P15,Rod,Dpp8,-2.7079632,-0.1847881,0.006769751484842648,0.03384244824295989,0.190046565774156,4510,0.3142827,21.640798226163948,3436,0.28132302,19.004656577415656,not_significant
P15,Rod,E130102H24Rik,-2.7105968,-0.24123642,0.0067162231418271025,0.033668991525944464,0.12630966239813737,4510,0.20636004,14.789356984479033,3436,0.1772287,12.630966239813771,not_significant
P15,Rod,Trappc9,-2.7112463,-0.14050487,0.006703084555779469,0.03363456085799913,0.5550058207217695,4510,1.0472775,58.425720620845404,3436,0.98514915,55.50058207217607,not_significant
P15,Rod,Cpt1a,-2.7140505,-0.1381332,0.006646603881707395,0.033413667499042614,0.45168800931315484,4510,0.77990526,48.270509977828944,3436,0.729193,45.16880093131562,not_significant
P15,Rod,Pdcl,-2.7156208,-0.260036,0.006615162411711534,0.03331805744264851,0.12630966239813737,4510,0.19361416,14.722838137472383,3436,0.16415215,12.630966239813771,down_in_KO
P15,Rod,Cadps,-2.7187414,-0.23068517,0.0065530827520547275,0.033036405904155595,0.12048894062863795,4510,0.2174723,14.212860310421402,3436,0.18816532,12.048894062863829,not_significant
P15,Rod,Ckap5,-2.7233462,-0.14687523,0.006462428247944619,0.032746833960780465,0.45168800931315484,4510,0.7862363,48.026607538804534,3436,0.73209614,45.16880093131562,not_significant
P15,Rod,Dhx8,-2.7235832,-0.21185349,0.0064577931203059725,0.032746833960780465,0.14610011641443538,4510,0.23057222,16.94013303769404,3436,0.20204593,14.61001164144358,not_significant
P15,Rod,Pitpnm2,-2.7284718,-0.2651037,0.0063628536451904305,0.032443295582510905,0.13213038416763678,4510,0.22327116,15.343680709534446,3436,0.18910456,13.213038416763714,down_in_KO
P15,Rod,Tacc2,-2.7311368,-0.2074678,0.006311626411841559,0.03224537666015523,0.2587310826542491,4510,0.43535542,28.24833702882489,3436,0.38692403,25.87310826542499,not_significant
P15,Rod,Mrs2,-2.736585,-0.21124592,0.006208056751744533,0.03186604441756716,0.15715948777648428,4510,0.2515342,18.15964523281595,3436,0.22077385,15.715948777648473,not_significant
P15,Rod,Ptprd,-2.7384498,-0.26501998,0.00617295833437656,0.03173057163459731,0.12369033760186263,4510,0.21607392,14.501108647450216,3436,0.18292023,12.369033760186298,down_in_KO
P15,Rod,Clcn5,-2.745103,-0.26629692,0.006049191358712313,0.031199867738589276,0.10040745052386496,4510,0.17934808,12.03991130820415,3436,0.15128466,10.040745052386523,down_in_KO
P15,Rod,Mpdz,-2.7458642,-0.17214306,0.006035174070781806,0.031157530043959197,0.3329452852153667,4510,0.57855123,36.18625277161941,3436,0.52787817,33.29452852153677,not_significant
P15,Rod,Asxl1,-2.7469065,-0.20166387,0.006016028690826876,0.031088610691325014,0.23748544819557627,4510,0.4063811,26.49667405764956,3436,0.36184013,23.748544819557697,not_significant
P15,Rod,Filip1l,-2.7506127,-0.27617937,0.005948393494303107,0.030768739347581356,0.110011641443539,4510,0.16938627,13.037694013303923,3436,0.14186382,11.001164144353929,down_in_KO
P15,Rod,Sbno1,-2.7517154,-0.16162123,0.0059284017185072735,0.03074108816398989,0.3469150174621653,4510,0.58198875,37.56097560975701,3436,0.53409994,34.69150174621664,not_significant
P15,Rod,Usp37,-2.75321,-0.20715456,0.005901402578436439,0.030643875537979728,0.22380675203725262,4510,0.37278646,24.96674057649643,3436,0.33027205,22.38067520372533,not_significant
P15,Rod,Las1l,-2.755036,-0.26145616,0.0058685657610506765,0.030517985232249554,0.17112922002328287,4510,0.2775488,19.356984478935644,3436,0.23654689,17.112922002328336,down_in_KO
P15,Rod,Bhlhe41,-2.7558236,-0.19027548,0.005854457977194824,0.030488652999682557,0.20372526193247964,4510,0.32723728,23.17073170731689,3436,0.29214406,20.37252619324802,not_significant
P15,Rod,Syt14,-2.7653303,-0.18304169,0.0056865175770702886,0.029816696269213128,0.2532013969732247,4510,0.4277336,28.203991130820448,3436,0.38538146,25.320139697322542,not_significant
P15,Rod,Rcan1,-2.7756205,-0.32054797,0.005509648731285961,0.029088342317537298,0.10244470314318975,4510,0.1741297,12.150776053215239,3436,0.14177176,10.244470314319003,down_in_KO
P15,Rod,Wwc2,-2.782665,-0.1461993,0.005391444164493239,0.028712362801910654,0.49621653084982537,4510,0.8699546,51.7738359201796,3436,0.8123304,49.62165308498269,not_significant
P15,Rod,Dlg4,-2.7830682,-0.10163829,0.005384747125693231,0.028711514495247007,0.7994761350407451,4510,1.7111951,81.90687361419567,3436,1.6538445,79.94761350406905,not_significant
P15,Rod,Zfp385b,-2.788294,-0.1168736,0.005298642745097996,0.02836518930609347,0.8646682188591386,4510,2.25719,88.09312638581487,3436,2.1849725,86.46682188590718,not_significant
P15,Rod,Hook1,-2.7921665,-0.1441618,0.0052356430881025425,0.02812004865408461,0.530558789289872,4510,0.9677865,55.898004434592394,3436,0.90700966,53.05587892898678,not_significant
P15,Rod,Mdm4,-2.7939405,-0.19328752,0.005207006680869173,0.02804255405239181,0.2939464493597206,4510,0.49247637,32.15077605321549,3436,0.44248497,29.394644935972146,not_significant
P15,Rod,Exoc6,-2.7969005,-0.29361117,0.005159542777572908,0.02787088364441196,0.10128055878928988,4510,0.1747084,12.106430155210804,3436,0.14474614,10.128055878929015,down_in_KO
P15,Rod,Srgap3,-2.7979555,-0.35507008,0.005142719602890814,0.027808012046276538,0.08381839348079162,4510,0.15070522,10.19955654102006,3436,0.119708225,8.381839348079183,down_in_KO
P15,Rod,Inpp4b,-2.7980187,-0.2611493,0.0051417153273914315,0.027808012046276538,0.12922002328288706,4510,0.23561978,15.099778270510065,3436,0.20024373,12.922002328288743,down_in_KO
P15,Rod,Taf4,-2.79804,-0.30401963,0.005141374639320031,0.027808012046276538,0.1050640279394645,4510,0.17658292,12.483370288248508,3436,0.14534333,10.506402793946478,down_in_KO
P15,Rod,Mbnl2,-2.8051677,-0.0922952,0.005029042792678692,0.027386584304495944,0.8041327124563445,4510,1.6884795,81.08647450111356,3436,1.6366379,80.41327124562892,not_significant
P15,Rod,Rbm25,-2.8084817,-0.13156459,0.004977572456775562,0.027161443192415174,0.6059371362048894,4510,1.1421933,63.237250554327,3436,1.0810145,60.59371362048711,not_significant
P15,Rod,Gucy2f,-2.814545,-0.144896,0.004884633302805175,0.026735890853313224,0.6283469150174622,4510,1.2536123,66.69623059867321,3436,1.1828926,62.83469150174397,not_significant
P15,Rod,Rapgef1,-2.814844,-0.23009089,0.004880091929079064,0.026735890853313224,0.18218859138533178,4510,0.3049501,20.73170731707307,3436,0.26543173,18.21885913853323,not_significant
P15,Rod,Gm10076,-2.8160112,-0.23035954,0.00486239834125392,0.026695910647375663,0.24155995343422584,4510,0.4137491,26.407982261640683,3436,0.36245173,24.155995343422656,not_significant
P15,Rod,Pbx3,-2.820989,-0.13250403,0.004787587064704899,0.026366136565787554,0.6449359720605355,4510,1.3711995,67.00665188470428,3436,1.3034757,64.49359720605099,not_significant
P15,Rod,Podxl,-2.8263595,-0.17325003,0.00470803876850691,0.02599992734532919,0.3786379511059371,4510,0.6475226,40.842572062085466,3436,0.59207606,37.86379511059383,not_significant
P15,Rod,Adipor1,-2.8279026,-0.1155295,0.0046854080745660255,0.02593656234465651,0.5779976717112922,4510,1.0391172,59.04656319290754,3436,0.9881061,57.79976717112791,not_significant
P15,Rod,Kdm5b,-2.837552,-0.12588729,0.004546093738801523,0.02524352672353144,0.6885913853317811,4510,1.3388523,71.44124168514814,3436,1.2752161,68.85913853317473,not_significant
P15,Rod,Pde10a,-2.8427327,-0.24814081,0.004472856529353001,0.02488838425669035,0.08323632130384168,4510,0.17660719,10.288248337028932,3436,0.15069246,8.323632130384189,not_significant
P15,Rod,Zfp106,-2.8432722,-0.17947982,0.004465291439627519,0.024872090635682256,0.2939464493597206,4510,0.4699859,32.305986696231024,3436,0.4251299,29.394644935972146,not_significant
P15,Rod,Mllt3,-2.8447921,-0.15567888,0.004444041997153066,0.024779460782462626,0.4589639115250291,4510,0.86861986,48.40354767184226,3436,0.8074084,45.89639115250305,not_significant
P15,Rod,Csgalnact2,-2.846661,-0.22079062,0.004418037811024578,0.024711527443520166,0.16850989522700816,4510,0.2764746,19.423503325942292,3436,0.24159664,16.850989522700864,not_significant
P15,Rod,Scaf4,-2.8487353,-0.21469513,0.004389337097069869,0.024602303227463717,0.1941210710128056,4510,0.3189584,22.12860310421271,3436,0.28046617,19.412107101280615,not_significant
P15,Rod,Wdr47,-2.8497567,-0.16042662,0.004375267270755562,0.024549093766038525,0.44761350407450523,4510,0.7832231,47.58314855876014,3436,0.7243728,44.761350407450664,not_significant
P15,Rod,Nup160,-2.8541462,-0.2656944,0.004315264916564643,0.024314160727366328,0.11321303841676368,4510,0.19343601,13.481152993348255,3436,0.16340658,11.321303841676398,down_in_KO
P15,Rod,Polk,-2.8548338,-0.26982352,0.004305935001819914,0.024287103417205066,0.09458672875436554,4510,0.16770609,11.50776053215092,3436,0.141016,9.458672875436578,down_in_KO
P15,Rod,Cep350,-2.8567421,-0.16060494,0.004280132859486654,0.02419259125833506,0.45925494761350405,4510,0.8234699,49.15742793791772,3436,0.7625394,45.92549476135055,not_significant
P15,Rod,Ralgapb,-2.8600974,-0.21189654,0.0042351096494007276,0.024013877546919138,0.25931315483119904,4510,0.444802,28.647450110864835,3436,0.39451304,25.93131548311998,not_significant
P15,Rod,Ank2,-2.8633864,-0.071628906,0.004191392234578103,0.023841599094673323,0.8728172293364377,4510,1.9984194,87.47228381375272,3436,1.9556464,87.28172293363694,not_significant
P15,Rod,Myrip,-2.8661914,-0.2060959,0.00415443098307206,0.023681581076725324,0.2590221187427241,4510,0.44150463,28.758314855875934,3436,0.3928238,25.902211874272485,not_significant
P15,Rod,Sbf2,-2.8673787,-0.1636485,0.004138873369320525,0.02361799654578223,0.3588474970896391,4510,0.6426929,39.06873614190792,3436,0.59051096,35.88474970896402,not_significant
P15,Rod,Cyp4f13,-2.8736606,-0.27781573,0.00405744756120884,0.023178007154764875,0.10186263096623982,4510,0.17270623,12.283813747228548,3436,0.14452976,10.186263096624009,down_in_KO
P15,Rod,Wasf3,-2.883592,-0.1312945,0.003931680008435287,0.022531550817571452,0.5966239813736903,4510,1.0844846,61.9733924612005,3436,1.0251799,59.662398137367376,not_significant
P15,Rod,Calm1,-2.8887627,-0.17004052,0.003867608135076696,0.022188074905402564,0.39348079161816063,4510,0.69151455,42.21729490022307,3436,0.6344148,39.34807916181619,not_significant
P15,Rod,Exd2,-2.8901556,-0.27476946,0.003850513272615631,0.022116215107061556,0.0989522700814901,4510,0.16371797,11.995565410199713,3436,0.13717973,9.895227008149037,down_in_KO
P15,Rod,Rnf207,-2.8906624,-0.20090048,0.003844309337035727,0.022116215107061556,0.2811408614668219,4510,0.4848709,31.086474501108963,3436,0.43363455,28.114086146682272,not_significant
P15,Rod,Ube2o,-2.8977761,-0.3184625,0.0037581883831898444,0.021699593635554713,0.09633294528521537,4510,0.15898675,11.640798226164227,3436,0.12943879,9.633294528521562,down_in_KO
P15,Rod,Tasor2,-2.9028707,-0.22269596,0.003697594069916396,0.021395787045341473,0.21158323632130385,4510,0.36367956,23.88026607538782,3436,0.31908992,21.158323632130447,not_significant
P15,Rod,Tango6,-2.9069512,-0.28021342,0.0036497026000606183,0.021162789782989907,0.12223515715948778,4510,0.21451434,14.478935698448,3436,0.17983787,12.223515715948812,down_in_KO
P15,Rod,Nav1,-2.9086206,-0.29828125,0.0036302711996998396,0.021074431509945823,0.110011641443539,4510,0.19432025,13.12638580931279,3436,0.16077767,11.001164144353929,down_in_KO
P15,Rod,Fam135a,-2.909248,-0.18479,0.003622991778410476,0.02105495980432697,0.27066356228172295,4510,0.46939307,30.243902439024627,3436,0.42330986,27.066356228172374,not_significant
P15,Rod,Ddx18,-2.9116976,-0.25744733,0.0035947044112076046,0.02095404251634884,0.1309662398137369,4510,0.21223049,15.45454545454553,3436,0.18047959,13.096623981373726,down_in_KO
P15,Rod,Safb2,-2.9139044,-0.25410524,0.003569390331843461,0.020833742916222336,0.15541327124563445,4510,0.25196335,18.004434589800432,3436,0.21533182,15.54132712456349,down_in_KO
P15,Rod,Cdk5rap2,-2.921094,-0.30152118,0.0034880470439042715,0.020447961031150288,0.12747380675203726,4510,0.21440153,14.988913525498981,3436,0.17732678,12.74738067520376,down_in_KO
P15,Rod,Rab30,-2.9259722,-0.16651103,0.0034338164721182582,0.020174141901908364,0.42258440046565776,4510,0.7632571,45.16629711751824,3436,0.7033024,42.2584400465659,not_significant
P15,Rod,Aldh7a1,-2.9277768,-0.31650338,0.003413949259115061,0.020101453156853116,0.09837019790454016,4510,0.16419491,11.906873614190843,3436,0.1339126,9.837019790454042,down_in_KO
P15,Rod,Ubqln1,-2.9301364,-0.3059974,0.003388130957618588,0.019971356545786932,0.10593713620488941,4510,0.16695686,12.705099778270675,3436,0.13712946,10.59371362048897,down_in_KO
P15,Rod,Arfgef1,-2.9317176,-0.1409193,0.003370929586100637,0.019891822112039402,0.5538416763678696,4510,1.0108184,58.13747228381655,3436,0.9497997,55.38416763678611,not_significant
P15,Rod,Mark2,-2.935088,-0.21342033,0.0033345330869622236,0.01969871748729666,0.23253783469150174,4510,0.38900328,26.053215077605174,3436,0.3436762,23.253783469150243,not_significant
P15,Rod,Agtpbp1,-2.9377124,-0.1557991,0.0033064368865360345,0.019554275037904398,0.4918509895227008,4510,0.8913037,53.08203991131054,3436,0.8290214,49.18509895227024,not_significant
P15,Rod,Atxn2l,-2.9478443,-0.23838869,0.003199983101170034,0.01909311385392221,0.17898719441210711,4510,0.28919825,20.576496674057555,3436,0.2501971,17.898719441210762,not_significant
P15,Rod,Otx2os1,-2.9512718,-0.1361359,0.0031646841372456997,0.018924599456171608,0.7532013969732246,4510,1.8465652,77.64966740576956,3436,1.7676954,75.32013969731788,not_significant
P15,Rod,Impdh1,-2.952024,-0.14775282,0.003156983826356636,0.01889962192475111,0.610011641443539,4510,1.1572229,64.16851441242021,3436,1.0881474,61.001164144351996,not_significant
P15,Rod,Lnx2,-2.9532495,-0.266648,0.0031444778529296975,0.01884578681912279,0.10768335273573923,4510,0.18365847,12.993348115299492,3436,0.15493688,10.768335273573951,down_in_KO
P15,Rod,Usp33,-2.9578006,-0.12969612,0.0030984234313879994,0.018703245639709373,0.6679278230500582,4510,1.3155466,69.31263858093509,3436,1.2505753,66.79278230500283,not_significant
P15,Rod,Ranbp6,-2.959185,-0.31421003,0.003084539669911543,0.018692585259976538,0.10593713620488941,4510,0.17516834,12.68292682926846,3436,0.14321584,10.59371362048897,down_in_KO
P15,Rod,Crb2,-2.962553,-0.22252733,0.003050993139562605,0.01855501950182972,0.20052386495925495,4510,0.33702537,22.904656319290293,3436,0.2952698,20.052386495925553,not_significant
P15,Rod,Hdac5,-2.969116,-0.23583573,0.0029865785190866744,0.01826682688298851,0.16734575087310827,4510,0.264322,19.37915742793786,3436,0.22866523,16.734575087310873,not_significant
P15,Rod,Magi1,-2.9716733,-0.20933829,0.00296181827452343,0.01814749439601185,0.24388824214202562,4510,0.45553136,27.361419068736115,3436,0.404849,24.388824214202636,not_significant
P15,Rod,Rfx1,-2.975132,-0.2882779,0.0029286254179817675,0.018035759749775202,0.119906868451688,4510,0.20553908,14.257206208425835,3436,0.17130895,11.990686845168835,down_in_KO
P15,Rod,Brd9,-2.9771142,-0.23216307,0.0029097560648472633,0.017960795778873096,0.16734575087310827,4510,0.27193984,19.44567627494451,3436,0.23590647,16.734575087310873,not_significant
P15,Rod,Lyrm9,-3.011232,-0.3087417,0.002601900427229302,0.01620974900308708,0.10739231664726426,4510,0.17544176,12.949002217295059,3436,0.14395025,10.739231664726455,down_in_KO
P15,Rod,Fam78b,-3.0118587,-0.17495666,0.0025965351919774267,0.016195133453217346,0.39086146682188594,4510,0.69197464,42.106430155211974,3436,0.63324666,39.08614668218871,not_significant
P15,Rod,Phf21b,-3.0147057,-0.27293223,0.002572287923950006,0.016111159867176244,0.17171129220023282,4510,0.29053771,19.711751662971107,3436,0.24610539,17.17112922002333,down_in_KO
P15,Rod,Tle4,-3.015695,-0.18569273,0.002563910273581542,0.016085163400574726,0.32508731082654246,4510,0.5634327,35.72062084257281,3436,0.5100076,32.50873108265434,not_significant
P15,Rod,Cep290,-3.016031,-0.111092426,0.0025610711796396684,0.016085163400574726,0.75,4510,1.545946,76.25277161862975,3436,1.4858601,74.99999999999547,not_significant
P15,Rod,Rnf123,-3.0180154,-0.19612883,0.002544359346779237,0.016004162339981337,0.1839348079161816,4510,0.2919869,21.41906873614178,3436,0.25927055,18.393480791618213,not_significant
P15,Rod,Ccdc85c,-3.0226665,-0.30405587,0.002505582677737695,0.015830324479840986,0.14639115250291035,4510,0.23413925,17.006651884700688,3436,0.19366314,14.639115250291077,down_in_KO
P15,Rod,Tspoap1,-3.0245733,-0.35909936,0.0024898412357322467,0.01574942026941954,0.10419091967403958,4510,0.17592424,12.505543237250727,3436,0.13973081,10.419091967403986,down_in_KO
P15,Rod,Spen,-3.0250452,-0.21784003,0.0024859595382327997,0.015743432069752938,0.21362048894062863,4510,0.352657,24.345898004434368,3436,0.3101152,21.362048894062927,not_significant
P15,Rod,Tbc1d22a,-3.0314863,-0.25179872,0.00243352899094901,0.01542960934686819,0.12630966239813737,4510,0.21412079,15.121951219512281,3436,0.18276525,12.630966239813771,down_in_KO
P15,Rod,Prkce,-3.03328,-0.1685471,0.002419110423003031,0.015363229193368938,0.4426658905704307,4510,0.829522,47.16186252771798,3436,0.7653471,44.26658905704321,not_significant
P15,Rod,Insr,-3.033789,-0.205198,0.002415033358071779,0.015363229193368938,0.30908032596041907,4510,0.53252894,33.769401330377505,3436,0.47623387,30.908032596042002,not_significant
P15,Rod,Kxd1,-3.0382245,-0.30371773,0.0023797667060269164,0.015214622897650033,0.10186263096623982,4510,0.1615842,12.37250554323742,3436,0.13285044,10.186263096624009,down_in_KO
P15,Rod,Rpl35,-3.0456889,-0.224375,0.0023214788740716346,0.01494887476653091,0.2927823050058207,4510,0.5439586,32.17294900221771,3436,0.48162577,29.278230500582158,not_significant
P15,Rod,Osbpl2,-3.050379,-0.34763375,0.0022855270040676593,0.014752788026256226,0.11932479627473806,4510,0.20279966,14.124168514412535,3436,0.16270143,11.932479627473839,down_in_KO
P15,Rod,Khsrp,-3.0513935,-0.20670496,0.002277818631283457,0.014720745949643933,0.26047729918509893,4510,0.42612192,29.246119733924758,3436,0.37870014,26.047729918509972,not_significant
P15,Rod,AI480526,-3.0552974,-0.27750164,0.0022483744556024737,0.014600823946551657,0.12485448195576251,4510,0.20911495,14.922394678492331,3436,0.175539,12.485448195576286,down_in_KO
P15,Rod,Skida1,-3.0591354,-0.24948865,0.002219766909474079,0.014485194285181215,0.17724097788125728,4510,0.28964952,20.46563192904647,3436,0.24889438,17.72409778812578,not_significant
P15,Rod,Brwd1,-3.060767,-0.17188792,0.0022077081506337104,0.014448838129070656,0.4071594877764843,4510,0.7132298,44.12416851441393,3436,0.6542472,40.715948777648556,not_significant
P15,Rod,Usp48,-3.0615308,-0.23474991,0.0022020826175200084,0.014448838129070656,0.20983701979045402,4510,0.35335416,23.769401330376738,3436,0.30762365,20.983701979045463,not_significant
P15,Rod,Ctcf,-3.0638676,-0.17604923,0.0021849555321439,0.014371106178202826,0.3914435389988359,4510,0.6591376,42.28381374722973,3436,0.6020894,39.144353899883704,not_significant
P15,Rod,Baz1b,-3.0725317,-0.18590571,0.002122512704256254,0.013986680768587894,0.24738067520372525,4510,0.40663525,28.137472283813793,3436,0.3654017,24.7380675203726,not_significant
P15,Rod,Nlgn1,-3.0771658,-0.24301557,0.0020897904655592108,0.013787990230331618,0.09545983701979045,4510,0.18962558,11.840354767184188,3436,0.16248332,9.54598370197907,not_significant
P15,Rod,Gls,-3.0778913,-0.14235644,0.002084709099498011,0.013771403460230704,0.5654831199068685,4510,1.0542428,59.334811529936395,3436,0.99106884,56.548311990685775,not_significant
P15,Rod,Foxp1,-3.088672,-0.17943798,0.002010532990234572,0.013363691399774776,0.3585564610011641,4510,0.66636187,39.29046563193012,3436,0.6077908,35.85564610011652,not_significant
P15,Rod,Ptprs,-3.0936115,-0.34719962,0.001977362687479552,0.013208978774664815,0.11350407450523865,4510,0.18617612,13.569844789357122,3436,0.14916526,11.350407450523896,down_in_KO
P15,Rod,Tcf20,-3.0984204,-0.1904068,0.0019455518216884376,0.013061251528832014,0.2936554132712456,4510,0.50816166,32.749445676275414,3436,0.45764887,29.36554132712465,not_significant
P15,Rod,Farsb,-3.1018374,-0.34566423,0.0019232360146140871,0.012967159297006956,0.10826542491268917,4510,0.18324283,13.015521064301709,3436,0.14691836,10.826542491268947,down_in_KO
P15,Rod,Fto,-3.1031215,-0.1625687,0.0019149105984957303,0.012936499307721786,0.5037834691501746,4510,0.9253855,53.0376940133061,3436,0.8588968,50.378346915017545,not_significant
P15,Rod,Mycbp2,-3.1055365,-0.16066182,0.0018993413164631475,0.012847499144398894,0.5093131548311991,4510,0.94824964,54.345898004437046,3436,0.88151354,50.93131548311989,not_significant
P15,Rod,Ppm1h,-3.1091933,-0.18191713,0.001875989163874031,0.01272162563213692,0.4289871944121071,4510,0.7776947,45.96452328159813,3436,0.71151537,42.898719441210844,not_significant
P15,Rod,Abhd3,-3.1152833,-0.29715413,0.0018376842372201771,0.012509312498031763,0.09254947613504075,4510,0.16636074,11.485587583148702,3436,0.13741757,9.254947613504099,down_in_KO
P15,Rod,Kat7,-3.1167006,-0.3087452,0.0018288717219012167,0.012465143476846411,0.13242142025611175,4510,0.21947245,15.631929046563261,3436,0.18076855,13.242142025611212,down_in_KO
P15,Rod,Pcdh15,-3.1179283,-0.13922928,0.0018212713258244225,0.012429134086160563,0.940628637951106,4510,3.2541282,96.05321507761161,3436,3.161528,94.06286379510249,not_significant
P15,Rod,Strn,-3.1375806,-0.26735663,0.0017034843326835163,0.011699731063398696,0.15715948777648428,4510,0.26653257,18.381374722838114,3436,0.22615013,15.715948777648473,down_in_KO
P15,Rod,Cpeb3,-3.1397955,-0.17289388,0.0016906574778414027,0.011626521424540107,0.4222933643771828,4510,0.7923,46.297117516631424,3436,0.7285078,42.22933643771841,not_significant
P15,Rod,Slc25a25,-3.1467667,-0.14541666,0.001650866840104244,0.011384317245676071,0.5736321303841676,4510,1.0496746,60.33259423503626,3436,0.985329,57.36321303841554,not_significant
P15,Rod,Acin1,-3.1470253,-0.16541886,0.0016494063947183066,0.011384317245676071,0.4979627473806752,4510,0.8657219,52.81596452328391,3436,0.8009154,49.79627473806767,not_significant
P15,Rod,Oxct1,-3.148307,-0.15917869,0.00164219044832399,0.011366112057465074,0.520081490104773,4510,0.9655698,55.92017738359461,3436,0.89869386,52.00814901047708,not_significant
P15,Rod,Atp8a1,-3.1534626,-0.18796962,0.0016134585211885456,0.011210610761211603,0.38125727590221187,4510,0.6904933,41.59645232816093,3436,0.62764096,38.1257275902213,not_significant
P15,Rod,Ncor2,-3.154329,-0.35027376,0.0016086761921046298,0.011191879499934155,0.10710128055878929,4510,0.17961966,12.971175166297275,3436,0.14353482,10.710128055878958,down_in_KO
P15,Rod,Tulp1,-3.156375,-0.069865584,0.0015974343379545513,0.011128101024400277,0.9761350407450524,4510,2.8992739,98.24833702883133,3436,2.853578,97.61350407449648,not_significant
P15,Rod,Itsn2,-3.1618125,-0.17373045,0.0015679041963276028,0.0109508308712256,0.4519790454016298,4510,0.8364253,48.603104212862235,3436,0.7699653,45.19790454016312,not_significant
P15,Rod,Zmym2,-3.1627686,-0.18155827,0.0015627647560355396,0.010929165777541897,0.39726426076833526,4510,0.7041649,43.43680709534513,3436,0.64253056,39.72642607683365,not_significant
P15,Rod,Acadm,-3.1657338,-0.23997231,0.0015469227466546383,0.010832498189367467,0.22642607683352736,4510,0.36344758,25.56541019955635,3436,0.3156267,22.642607683352804,not_significant
P15,Rod,Tead1,-3.166015,-0.24418147,0.0015454284717762224,0.010832498189367467,0.20459837019790453,4510,0.36776784,23.30376940133019,3436,0.3186677,20.459837019790513,not_significant
P15,Rod,Mapre3,-3.1677988,-0.15463775,0.0015359778612662072,0.010793577227227355,0.5346332945285215,4510,0.94631666,56.319290465634566,3436,0.8821113,53.46332945285166,not_significant
P15,Rod,Pkm,-3.1685975,-0.15733445,0.0015317642178631948,0.010782655202910992,0.7665890570430733,4510,1.734587,80.57649667406251,3436,1.6456622,76.6589057043025,not_significant
P15,Rod,Zfp143,-3.1768749,-0.34400535,0.0014887119659240523,0.010534895758860971,0.1009895227008149,4510,0.17225707,12.328159645232983,3436,0.13811068,10.098952270081517,down_in_KO
P15,Rod,Pex5l,-3.1814225,-0.08042731,0.001465537582576431,0.010412110719125796,0.9772991850989523,4510,3.2991393,97.82705099778916,3436,3.245507,97.72991850988643,not_significant
P15,Rod,Phip,-3.1900086,-0.20530206,0.0014226859555802147,0.010161501285928458,0.33149010477299184,4510,0.5847441,36.4079822616416,3436,0.5242218,33.149010477299285,not_significant
P15,Rod,Cmip,-3.191172,-0.3212683,0.001416969361593585,0.01013416487411732,0.12660069848661235,4510,0.2214386,15.121951219512281,3436,0.18097664,12.660069848661267,down_in_KO
P15,Rod,Kifc3,-3.1941285,-0.23186913,0.0014025364482651759,0.010049888400984086,0.23835855646100115,4510,0.42102045,26.984478935698387,3436,0.3686554,23.83585564610019,not_significant
P15,Rod,Sptan1,-3.2003326,-0.18487501,0.0013726904274221632,0.009923330798776931,0.35797438882421423,4510,0.6023579,39.334811529934555,3436,0.54639876,35.79743888242153,not_significant
P15,Rod,Fam169a,-3.2027457,-0.11913983,0.0013612419195730818,0.009867164400797311,0.7345750873108265,4510,1.4658974,75.18847006652322,3436,1.4029973,73.45750873107842,not_significant
P15,Rod,Socs7,-3.2148473,-0.23699483,0.0013051388143610647,0.009537826430834812,0.2607683352735739,4510,0.4360274,29.113082039911443,3436,0.38100508,26.07683352735747,not_significant
P15,Rod,Hexdc,-3.2221217,-0.23170125,0.0012724504110044929,0.009324349733098496,0.1720023282887078,4510,0.29467624,20.22172949002209,3436,0.25607222,17.200232828870828,not_significant
P15,Rod,Por,-3.2262719,-0.2670716,0.0012541418963599438,0.009228007039883043,0.17898719441210711,4510,0.3024503,20.753880266075285,3436,0.25734112,17.898719441210762,down_in_KO
P15,Rod,Ssh1,-3.2270193,-0.26684514,0.0012508697650223945,0.009216573378544127,0.13824214202561116,4510,0.23165892,16.54101995565414,3436,0.19611625,13.824214202561155,down_in_KO
P15,Rod,Slc4a5,-3.2335188,-0.3033036,0.001222752813918919,0.009034223269781105,0.13416763678696159,4510,0.24469121,15.986696230598726,3436,0.2026657,13.416763678696194,down_in_KO
P15,Rod,Zfp516,-3.246553,-0.19105384,0.0011681170533191546,0.008690402044388274,0.42054714784633296,4510,0.7298793,45.365853658538214,3436,0.66346824,42.054714784633425,not_significant
P15,Rod,Rpgrip1,-3.2508116,-0.058579016,0.0011507607557986912,0.008609038624970963,0.9834109429569267,4510,3.4445183,98.49223946785574,3436,3.4052346,98.34109429568376,not_significant
P15,Rod,Abca5,-3.2540245,-0.24013838,0.0011378244668735463,0.008536070545887696,0.1749126891734575,4510,0.30435845,20.532150776053122,3436,0.2632907,17.4912689173458,not_significant
P15,Rod,Frmd4b,-3.269539,-0.08492329,0.0010772280734938511,0.008138382234114108,0.9359720605355064,4510,2.6125934,93.96895787140299,3436,2.5581615,93.59720605354262,not_significant
P15,Rod,Pcare,-3.3001897,-0.1875095,0.000966194712523987,0.007361744940310606,0.3713620488940629,4510,0.62149256,40.75388026607659,3436,0.563426,37.1362048894064,not_significant
P15,Rod,Otulin,-3.3039248,-0.2896376,0.0009534136594872851,0.007274695404679655,0.14580908032596043,4510,0.24748127,17.339246119733936,3436,0.2067871,14.580908032596081,down_in_KO
P15,Rod,Ano2,-3.313891,-0.120604604,0.0009200742573165845,0.007080743638803671,0.7753201396973225,4510,1.688591,79.00221729490494,3436,1.6209781,77.53201396972725,not_significant
P15,Rod,Styx,-3.3159106,-0.19179946,0.0009134503934552922,0.0070398676874916495,0.3428405122235157,4510,0.61541307,38.27050997782803,3436,0.55649924,34.28405122235168,not_significant
P15,Rod,Coro2b,-3.3178246,-0.21738729,0.0009072142294889183,0.007011955514378325,0.28987194412107103,4510,0.49665213,32.505543237251,3436,0.44034266,28.987194412107186,not_significant
P15,Rod,Prrc2b,-3.3179345,-0.2283591,0.0009068573604696661,0.007011955514378325,0.26658905704307334,4510,0.43656975,30.044345898004654,3436,0.38339376,26.65890570430741,not_significant
P15,Rod,Nectin1,-3.3186045,-0.2681226,0.0009046849695075694,0.007011955514378325,0.2229336437718277,4510,0.36992052,25.299334811529718,3436,0.31605306,22.293364377182836,down_in_KO
P15,Rod,Pacsin1,-3.3191335,-0.20871659,0.0009029720711247026,0.007009467712753842,0.3760186263096624,4510,0.6477015,40.86474501108769,3436,0.5813312,37.60186263096635,not_significant
P15,Rod,Gm30198,-3.3246753,-0.32926047,0.0008852153064983475,0.006891574606759268,0.10360884749708964,4510,0.1802452,12.793791574279542,3436,0.14600997,10.360884749708992,down_in_KO
P15,Rod,Mapk14,-3.3342264,-0.32464916,0.0008553704502216503,0.006698112547429098,0.14551804423748546,4510,0.24854235,17.206208425720636,3436,0.20318455,14.551804423748585,down_in_KO
P15,Rod,Prpf4b,-3.3380785,-0.16497959,0.0008435994572553826,0.006615595743739579,0.4787543655413271,4510,0.838221,51.04212860310636,3436,0.774935,47.87543655413286,not_significant
P15,Rod,Map4,-3.3416595,-0.20666428,0.0008327910460512735,0.006540397029310441,0.3349825378346915,4510,0.5725954,37.16186252771706,3436,0.5126536,33.49825378346925,not_significant
P15,Rod,Grip1,-3.343625,-0.31754035,0.0008269137780003488,0.006503761737820925,0.10593713620488941,4510,0.19627258,13.082039911308357,3436,0.16042976,10.59371362048897,down_in_KO
P15,Rod,Cacna1f,-3.3537717,-0.16386682,0.0007971810534353553,0.0062976129169767985,0.5686845168800931,4510,1.0589682,60.33259423503626,3436,0.9862539,56.86845168800818,not_significant
P15,Rod,Banp,-3.3538725,-0.27499202,0.0007968907036511626,0.0062976129169767985,0.15279394644935973,4510,0.260395,18.181818181818166,3436,0.21979623,15.279394644936014,down_in_KO
P15,Rod,Mtss1,-3.3666346,-0.32471436,0.0007609145199588354,0.006046734051939545,0.12252619324796275,4510,0.21721089,14.855875831485681,3436,0.17706655,12.252619324796308,down_in_KO
P15,Rod,Wipi2,-3.36801,-0.3052413,0.000757128139651324,0.006036441623962673,0.14173457508731083,4510,0.24131979,16.962305986696254,3436,0.19957384,14.173457508731122,down_in_KO
P15,Rod,mt-Nd2,-3.3683167,-0.22232161,0.0007562870517177471,0.006036441623962673,0.5395809080325961,4510,1.3330415,56.230598669625685,3436,1.2219311,53.95809080325902,not_significant
P15,Rod,Crebrf,-3.36915,-0.21627711,0.0007540041969036931,0.006036441623962673,0.27386495925494764,4510,0.4592896,31.019955654102304,3436,0.40666035,27.38649592549484,not_significant
P15,Rod,Tnrc6b,-3.3728182,-0.10530971,0.0007440303770556839,0.005983476675452307,0.9129802095459837,4510,2.2432313,92.59423503326539,3436,2.1782417,91.29802095459078,not_significant
P15,Rod,Rabep1,-3.3786442,-0.23487931,0.000728441920374119,0.005875733023889886,0.2610593713620489,4510,0.4519564,29.49002217294917,3436,0.39577642,26.105937136204965,not_significant
P15,Rod,Igf1r,-3.379331,-0.14013936,0.0007266245952953677,0.005869901098139085,0.6955762514551804,4510,1.4171902,71.64079822616813,3436,1.3444788,69.55762514551454,not_significant
P15,Rod,Enox1,-3.3814805,-0.30187201,0.0007209635161493748,0.00583295369626734,0.09720605355064028,4510,0.18532719,12.195121951219676,3436,0.15286694,9.720605355064054,down_in_KO
P15,Rod,Sfswap,-3.3824418,-0.2550482,0.0007184453622003622,0.005821360910638585,0.2307916181606519,4510,0.3910975,26.341463414634024,3436,0.3372213,23.07916181606526,down_in_KO
P15,Rod,Srcap,-3.388514,-0.22449611,0.0007027242673967099,0.005719898285760169,0.270372526193248,4510,0.4521259,30.53215077605348,3436,0.39828748,27.037252619324875,not_significant
P15,Rod,Thada,-3.3952456,-0.19560184,0.000685670824535714,0.005589571888768343,0.37834691501746215,4510,0.67490804,41.24168514412542,3436,0.61065716,37.834691501746335,not_significant
P15,Rod,Pcgf5,-3.395363,-0.32299477,0.0006853761914729933,0.005589571888768343,0.1452270081490105,4510,0.27206847,17.206208425720636,3436,0.22310886,14.522700814901087,down_in_KO
P15,Rod,Retreg1,-3.3953733,-0.39725962,0.0006853506000213649,0.005589571888768343,0.08731082654249127,4510,0.16182877,11.019955654102125,3436,0.12520224,8.73108265424915,down_in_KO
P15,Rod,Ubp1,-3.3966258,-0.30940667,0.0006822221139715909,0.005586930411211623,0.1440628637951106,4510,0.24132022,17.161862527716202,3436,0.1990525,14.4062863795111,down_in_KO
P15,Rod,Zcchc8,-3.3973618,-0.22974025,0.0006803896964334919,0.0055855884230024124,0.2270081490104773,4510,0.37636498,26.18625277161849,3436,0.32909212,22.700814901047796,not_significant
P15,Rod,Chd1l,-3.4059188,-0.39186123,0.000659417836997957,0.00546523646829621,0.08090803259604191,4510,0.14454623,10.332594235033369,3436,0.112010986,8.090803259604211,down_in_KO
P15,Rod,Plekha7,-3.411242,-0.23001496,0.0006466765659658967,0.005403073364238426,0.300058207217695,4510,0.5461069,33.45898004434643,3436,0.48208568,30.005820721769588,not_significant
P15,Rod,Mllt6,-3.4148114,-0.2293883,0.0006382621818543406,0.005341089459386402,0.29074505238649595,4510,0.48479205,32.52771618625322,3436,0.42666006,29.074505238649678,not_significant
P15,Rod,Plekha8,-3.4188216,-0.21374807,0.0006289294489340485,0.005279464106544971,0.2939464493597206,4510,0.49002168,32.83813747228429,3436,0.4352007,29.394644935972146,not_significant
P15,Rod,Rai1,-3.422101,-0.36186802,0.0006213924790290342,0.005224371876977648,0.10622817229336438,4510,0.18724167,13.082039911308357,3436,0.14862429,10.622817229336466,down_in_KO
P15,Rod,Dnah7b,-3.4269383,-0.31454614,0.0006104278955660974,0.005140243692019696,0.16559953434225844,4510,0.32213116,19.44567627494451,3436,0.2666723,16.55995343422589,down_in_KO
P15,Rod,Arhgef12,-3.427308,-0.21712579,0.0006095968496846764,0.005140243692019696,0.3189755529685681,4510,0.56311345,35.410199556541734,3436,0.5010676,31.897555296856904,not_significant
P15,Rod,Nsf,-3.4335191,-0.1504905,0.0005958000088487914,0.005032868106243964,0.6929569266589057,4510,1.3801794,72.61640798226577,3436,1.3031499,69.29569266588712,not_significant
P15,Rod,Vps8,-3.4409738,-0.24522564,0.0005796246168745738,0.004919472222967111,0.27735739231664724,4510,0.48366538,30.953436807095645,3436,0.4218494,27.73573923166481,not_significant
P15,Rod,Dock9,-3.4444103,-0.23636863,0.000572306640451887,0.004865059935632206,0.2709545983701979,4510,0.4815356,30.48780487804904,3436,0.42204747,27.09545983701987,not_significant
P15,Rod,Dyrk1a,-3.4464312,-0.19404909,0.000568043512364269,0.004836484762415777,0.4150174621653085,4510,0.73795867,45.011086474502704,3436,0.6700192,41.501746216530975,not_significant
P15,Rod,Gm2087,-3.4493427,-0.32185766,0.0005619528405050239,0.004799864707753102,0.12514551804423749,4510,0.2162166,15.232815964523363,3436,0.17656021,12.514551804423782,down_in_KO
P15,Rod,Tmem108,-3.4599073,-0.13985954,0.0005403612579980751,0.00463018815958734,0.7994761350407451,4510,1.9493015,82.08425720621342,3436,1.8667485,79.94761350406905,not_significant
P15,Rod,Supt3,-3.4717302,-0.29819682,0.0005171159251665968,0.004450974060365662,0.1760768335273574,4510,0.33071944,20.62084257206199,3436,0.27670422,17.60768335273579,down_in_KO
P15,Rod,Pnkd,-3.476396,-0.2268654,0.0005082011269590643,0.004389679299530468,0.2561117578579744,4510,0.42641267,29.246119733924758,3436,0.37457797,25.611175785797514,not_significant
P15,Rod,Igsf9,-3.4803097,-0.22130848,0.0005008344761175716,0.004340026057988133,0.2610593713620489,4510,0.44273186,29.84478935698468,3436,0.39051977,26.105937136204965,not_significant
P15,Rod,Tulp4,-3.4849017,-0.23231031,0.0004923180845279122,0.0042800554382621085,0.24738067520372525,4510,0.41615292,28.425720620842643,3436,0.36419573,24.7380675203726,not_significant
P15,Rod,Ttll5,-3.4908357,-0.2075026,0.00048151214882105663,0.004206565417387863,0.4022118742724098,4510,0.73926383,44.12416851441393,3436,0.6666909,40.2211874272411,not_significant
P15,Rod,Ints13,-3.491767,-0.31044996,0.00047983670460632015,0.004198766857272922,0.15279394644935973,4510,0.26287004,18.181818181818166,3436,0.2170832,15.279394644936014,down_in_KO
P15,Rod,Wdr17,-3.493616,-0.09254391,0.0004765255316704257,0.004176606130523143,0.9249126891734575,4510,2.3744466,93.059866962312,3436,2.3164458,92.49126891733795,not_significant
P15,Rod,Tmem266,-3.5073595,-0.20867336,0.00045257729838717853,0.004005981235229085,0.3719441210710128,4510,0.6866944,41.46341463414761,3436,0.6174539,37.19441210710139,not_significant
P15,Rod,Elfn1,-3.512758,-0.2248085,0.00044348132831006855,0.003938466630886105,0.3378928987194412,4510,0.58329105,37.29490022173037,3436,0.517398,33.78928987194422,not_significant
P15,Rod,Fam193b,-3.5316894,-0.28071845,0.0004129139172387161,0.0036791864652300217,0.1740395809080326,4510,0.30733356,20.554323725055337,3436,0.25941855,17.40395809080331,down_in_KO
P15,Rod,Mtor,-3.538396,-0.31054455,0.00040256593158618695,0.003607888425541775,0.1740395809080326,4510,0.2985744,20.421286031042037,3436,0.24729252,17.40395809080331,down_in_KO
P15,Rod,Brsk2,-3.5440352,-0.27097243,0.0003940528150492301,0.0035405348407438362,0.17782305005820723,4510,0.29067513,21.0421286031041,3436,0.24652073,17.782305005820774,down_in_KO
P15,Rod,BC005537,-3.5460465,-0.22203863,0.00039105708973172324,0.0035195138075855095,0.3224679860302678,4510,0.5318675,35.76496674057724,3436,0.47122493,32.246798603026875,not_significant
P15,Rod,Eif4g3,-3.5521574,-0.18338278,0.00038208634352185036,0.003456173940389891,0.49621653084982537,4510,0.8939778,53.43680709534605,3436,0.82082456,49.62165308498269,not_significant
P15,Rod,Zmym6,-3.5595164,-0.3347633,0.0003715383716386696,0.003372135068476859,0.13387660069848661,4510,0.23795234,16.252771618625324,3436,0.19310923,13.387660069848698,down_in_KO
P15,Rod,Zmynd8,-3.5612814,-0.20007153,0.0003690492476501029,0.0033609170872583223,0.45372526193247964,4510,0.81938916,49.49002217295101,3436,0.7442071,45.372526193248106,not_significant
P15,Rod,Pawr,-3.5621474,-0.27606305,0.00036783393014516496,0.0033609170872583223,0.20779976717112922,4510,0.37715557,24.01330376940112,3436,0.3208824,20.779976717112984,down_in_KO
P15,Rod,Mprip,-3.577745,-0.24007683,0.0003465713435124388,0.003194173001032168,0.2709545983701979,4510,0.45701313,30.665188470066795,3436,0.39913532,27.09545983701987,not_significant
P15,Rod,Gm14508,-3.578407,-0.22244193,0.00034569489434885784,0.0031915790245908324,0.28637951105937137,4510,0.49357367,32.638580931264315,3436,0.43630213,28.63795110593722,not_significant
P15,Rod,Snx29,-3.5807824,-0.24270439,0.00034256683007680713,0.003168152545744816,0.2811408614668219,4510,0.5040615,31.59645232816001,3436,0.44079533,28.114086146682272,not_significant
P15,Rod,Cc2d2a,-3.582863,-0.18616539,0.00033984871260237085,0.0031538901287181957,0.4991268917345751,4510,0.92655444,54.07982261641041,3436,0.85061055,49.912689173457665,not_significant
P15,Rod,Senp2,-3.5857396,-0.23322603,0.00033612420811597024,0.0031247318064715154,0.30558789289871946,4510,0.5179357,34.19068736141967,3436,0.4556964,30.558789289872035,not_significant
P15,Rod,Nim1k,-3.5968041,-0.23609534,0.00032215079304268696,0.003005246702401692,0.3119906868451688,4510,0.54203373,35.055432372506225,3436,0.4767832,31.199068684516973,not_significant
P15,Rod,Plekha2,-3.598223,-0.2866019,0.0003203988953614427,0.0029941109315658166,0.18247962747380675,4510,0.31245425,21.507760532150648,3436,0.2628977,18.24796274738073,down_in_KO
P15,Rod,Abhd18,-3.6290689,-0.23012039,0.0002844454675053202,0.0026909444227487434,0.329743888242142,4510,0.5849005,36.5188470066527,3436,0.5173808,32.9743888242143,not_significant
P15,Rod,Hltf,-3.630742,-0.25145772,0.00028260755084546683,0.0026782807468817738,0.2450523864959255,4510,0.42493942,28.24833702882489,3436,0.36797306,24.505238649592624,down_in_KO
P15,Rod,Mreg,-3.6351311,-0.24095531,0.00027783921774772496,0.0026448491176643447,0.2467986030267753,4510,0.42698482,28.425720620842643,3436,0.37204817,24.679860302677607,not_significant
P15,Rod,Frmpd2,-3.6554282,-0.15118222,0.0002567531982169441,0.002481484964388627,0.7217694994179278,4510,1.51793,74.4789356984522,3436,1.4370612,72.17694994178878,not_significant
P15,Rod,Cpe,-3.6593864,-0.16100602,0.0002528197730668551,0.002450459528790617,0.7252619324796274,4510,1.571133,75.78713968958314,3436,1.4837695,72.52619324795869,not_significant
P15,Rod,Phf2,-3.6596732,-0.43011683,0.00025253712169469425,0.002450459528790617,0.08090803259604191,4510,0.14240706,10.487804878048895,3436,0.10758989,8.090803259604211,down_in_KO
P15,Rod,Ccdc51,-3.6604037,-0.231391,0.00025181821390155864,0.002450459528790617,0.31344586728754364,4510,0.54220974,35.388026607539516,3436,0.47818106,31.344586728754457,not_significant
P15,Rod,Btbd9,-3.6830814,-0.1828426,0.00023043149261439127,0.0022763066784228262,0.5293946449359721,4510,1.0331868,56.008869179603494,3436,0.9534139,52.93946449359681,not_significant
P15,Rod,Wipf2,-3.6913779,-0.34549683,0.0002230424119088743,0.0022073791466405935,0.10477299185098952,4510,0.18387598,13.237250554323873,3436,0.147451,10.47729918509898,down_in_KO
P15,Rod,Ttc28,-3.6924498,-0.33798206,0.00022210410175122413,0.0022062340773954933,0.16647264260768335,4510,0.32001403,19.711751662971107,3436,0.26111627,16.64726426076838,down_in_KO
P15,Rod,Ube4b,-3.6979008,-0.22364561,0.00021738987000094646,0.002163412361196803,0.31839348079161817,4510,0.5461949,36.075388026608316,3436,0.48385677,31.839348079161912,not_significant
P15,Rod,Lhfpl3,-3.7041578,-0.19153042,0.00021209419936292628,0.0021185722260386158,0.7916181606519208,4510,2.1710606,83.0820399113133,3436,2.0543668,79.16181606518677,not_significant
P15,Rod,Wdfy3,-3.7250936,-0.19484468,0.00019524281722568611,0.001979740021925483,0.5020372526193247,4510,0.9071814,53.19290465632164,3436,0.82885456,50.2037252619326,not_significant
P15,Rod,Rufy3,-3.733647,-0.14173706,0.00018872691606570401,0.0019209320261412456,0.7680442374854481,4510,1.5675771,79.15742793792047,3436,1.4906335,76.80442374853995,not_significant
P15,Rod,Wbp1l,-3.7384868,-0.388844,0.00018513125977576657,0.0018915125284518321,0.09138533178114086,4510,0.1664918,11.773835920177534,3436,0.12958385,9.138533178114109,down_in_KO
P15,Rod,Sipa1l2,-3.7612076,-0.3988424,0.0001690950361199595,0.0017409323872312145,0.08760186263096624,4510,0.16159253,11.352549889135394,3436,0.124887355,8.760186263096646,down_in_KO
P15,Rod,Tex2,-3.7638834,-0.39334238,0.00016729498233290267,0.0017323750680187065,0.11525029103608847,4510,0.20724218,14.345898004434702,3436,0.16154645,11.52502910360888,down_in_KO
P15,Rod,Abcc1,-3.7682173,-0.3696554,0.00016441745633034754,0.001712495603409678,0.13445867287543656,4510,0.2442876,16.40798226164084,3436,0.19405703,13.445867287543692,down_in_KO
P15,Rod,Carmil1,-3.7734919,-0.31148162,0.0001609784558937985,0.0016799385941913137,0.18044237485448195,4510,0.3342238,21.41906873614178,3436,0.27747396,18.044237485448246,down_in_KO
P15,Rod,Asap1,-3.7805254,-0.26110804,0.00015649774750543994,0.0016395584328499607,0.2811408614668219,4510,0.5048592,31.618625277162227,3436,0.4369806,28.114086146682272,down_in_KO
P15,Rod,Khdrbs3,-3.8052888,-0.25714588,0.00014163889331620297,0.0015104394110300452,0.24738067520372525,4510,0.42259127,28.625277161862616,3436,0.36467862,24.7380675203726,down_in_KO
P15,Rod,Wwox,-3.80642,-0.16505106,0.00014099281352584605,0.001506544724606849,0.7994761350407451,4510,2.165807,81.97339246120234,3436,2.0652053,79.94761350406905,not_significant
P15,Rod,Gm16262,-3.8084555,-0.26203728,0.00013983758722678545,0.0014971832692304934,0.21653084982537835,4510,0.37534603,25.58758314855857,3436,0.32196873,21.653084982537898,down_in_KO
P15,Rod,Mroh1,-3.808469,-0.40814838,0.00013982977811126193,0.0014971832692304934,0.10040745052386496,4510,0.18588349,12.793791574279542,3436,0.14318633,10.040745052386523,down_in_KO
P15,Rod,Cnot1,-3.8308213,-0.22773364,0.00012771625979793934,0.001386781412056977,0.4147264260768335,4510,0.7412292,45.63192904656484,3436,0.66170955,41.47264260768348,not_significant
P15,Rod,D16Ertd472e,-3.831076,-0.2706784,0.00012758408548375596,0.001386781412056977,0.23166472642607683,4510,0.40037465,26.91796008869173,3436,0.34227782,23.16647264260775,down_in_KO
P15,Rod,Tcf25,-3.84401,-0.22020105,0.00012103999111259234,0.0013414432072891432,0.37077997671711294,4510,0.62869644,41.35254988913651,3436,0.56034714,37.0779976717114,not_significant
P15,Rod,Gm14216,-3.8467274,-0.40421754,0.00011970601872460335,0.0013321640755991127,0.09487776484284051,4510,0.17197093,12.239467849224111,3436,0.1325989,9.487776484284076,down_in_KO
P15,Rod,Fbxo4,-3.8487844,-0.4250286,0.0001187053656480702,0.0013265324611171844,0.08207217694994179,4510,0.15526474,10.776053215077727,3436,0.11787712,8.207217694994199,down_in_KO
P15,Rod,Cmah,-3.8745644,-0.4383502,0.0001068156129890328,0.0012087741520531053,0.09022118742724097,4510,0.16450976,11.685144124168662,3436,0.12395211,9.022118742724121,down_in_KO
P15,Rod,Man2a2,-3.8763766,-0.19583812,0.00010602358017008046,0.0012048950932887956,0.5672293364377182,4510,1.059595,60.84257206208731,3436,0.97301346,56.72293364377072,not_significant
P15,Rod,Pfkfb2,-3.8957534,-0.17708708,9.789398310953732e-05,0.001126831170385318,0.6754947613504074,4510,1.3359699,71.06430155211042,3436,1.2469845,67.54947613503761,not_significant
P15,Rod,Rufy2,-3.896083,-0.2945201,9.776083482203321e-05,0.001126831170385318,0.17898719441210711,4510,0.31146446,21.55210643015508,3436,0.2607823,17.898719441210762,down_in_KO
P15,Rod,Ccn4,-3.8961923,-0.2932243,9.771677279533087e-05,0.001126831170385318,0.20168800931315484,4510,0.34173134,23.924611973392253,3436,0.28702325,20.16880093131554,down_in_KO
P15,Rod,Gnb5,-3.905723,-0.09657238,9.394403097277675e-05,0.001090726801164447,0.8914435389988359,4510,2.020966,89.33481152993915,3436,1.9631599,89.1443538998764,not_significant
P15,Rod,Vtn,-3.90603,-0.18568684,9.382491524446929e-05,0.001090726801164447,0.6417345750873108,4510,1.3339733,67.84922394678861,3436,1.2408078,64.17345750872857,not_significant
P15,Rod,Arntl,-3.908199,-0.19508457,9.298664094179258e-05,0.0010843050913299467,0.47817229336437717,4510,0.8674615,51.52993348115519,3436,0.7912749,47.81722933643787,not_significant
P15,Rod,Tnfaip3,-3.9268136,-0.23553868,8.607865568522753e-05,0.001019262492484681,0.3390570430733411,4510,0.5860653,38.292682926830246,3436,0.5169257,33.90570430733421,not_significant
P15,Rod,Psd,-3.9323006,-0.25264752,8.413676388116504e-05,0.0009984725695986044,0.30384167636786963,4510,0.5157525,34.54545454545518,3436,0.44883052,30.38416763678705,down_in_KO
P15,Rod,Me1,-3.9380798,-0.26965237,8.213626321319575e-05,0.0009790642575012933,0.25582072176949944,4510,0.43543157,29.600886917960267,3436,0.37336254,25.582072176950017,down_in_KO
P15,Rod,Rgs9bp,-3.9640865,-0.22056668,7.367755085316036e-05,0.0008901044657125049,0.3914435389988359,4510,0.67967945,43.725055432373985,3436,0.6071895,39.144353899883704,not_significant
P15,Rod,Arhgef2,-3.964581,-0.34825605,7.35250099044953e-05,0.0008901044657125049,0.16036088474970897,4510,0.27795136,19.423503325942292,3436,0.22450428,16.036088474970942,down_in_KO
P15,Rod,Epb41l2,-3.9696136,-0.08350464,7.198927258011604e-05,0.000873643570406657,0.959837019790454,4510,2.5569062,96.07538802661382,3436,2.503638,95.98370197903694,not_significant
P15,Rod,Vax2os,-3.9698093,-0.23056355,7.193020989199792e-05,0.000873643570406657,0.4511059371362049,4510,1.057406,49.512195121953226,3436,0.9560436,45.11059371362063,not_significant
P15,Rod,N4bp2,-3.976244,-0.23341243,7.001232456600136e-05,0.0008554581069977934,0.3629220023282887,4510,0.65102786,40.66518847006771,3436,0.5768675,36.29220023282898,not_significant
P15,Rod,Lrpprc,-3.981119,-0.28019252,6.859164529003597e-05,0.0008419349778850182,0.279685681024447,4510,0.49852037,31.75166297117554,3436,0.4267059,27.968568102444785,down_in_KO
P15,Rod,Gm10544,-3.9876,-0.24122816,6.674503522948416e-05,0.0008211476352544795,0.3160651920838184,4510,0.5672336,36.075388026608316,3436,0.49825072,31.606519208381933,not_significant
P15,Rod,Npepps,-3.993372,-0.18414977,6.514025168930556e-05,0.0008032466897964024,0.610593713620489,4510,1.1622428,64.05764966740911,3436,1.0763011,61.059371362046974,not_significant
P15,Rod,Aff1,-3.999655,-0.13653791,6.343489365023293e-05,0.0007840202063130172,0.7467986030267754,4510,1.5301683,75.54323725055873,3436,1.4567912,74.67986030267306,not_significant
P15,Rod,Rab11fip3,-4.011095,-0.30464065,6.043781276676114e-05,0.0007504361751872842,0.22147846332945284,4510,0.39666313,25.986696230598515,3436,0.33230573,22.14784633294535,down_in_KO
P15,Rod,Rp1l1,-4.0383596,-0.15350878,5.382627301505739e-05,0.0006761689190931331,0.6935389988358557,4510,1.3358078,71.90687361419475,3436,1.2584993,69.35389988358209,not_significant
P15,Rod,Peg3,-4.042056,-0.2914625,5.2984592623755454e-05,0.0006671581099385545,0.26018626309662396,4510,0.47243345,29.933481152993558,3436,0.40107173,26.018626309662473,down_in_KO
P15,Rod,mt-Nd3,-4.0442114,-0.30900416,5.249958821688466e-05,0.0006626065675185161,0.32392316647264263,4510,0.7181239,35.85365853658612,3436,0.6141193,32.39231664726436,down_in_KO
P15,Rod,Vps13d,-4.0592813,-0.28773564,4.9223928505556824e-05,0.0006227291332636953,0.23661233993015135,4510,0.41513008,27.649667405764966,3436,0.3517316,23.661233993015205,down_in_KO
P15,Rod,Akap13,-4.0685105,-0.32076916,4.731464954168133e-05,0.0006014118012833616,0.1839348079161816,4510,0.33301932,22.15077605321493,3436,0.274896,18.393480791618213,down_in_KO
P15,Rod,Cnot3,-4.0782185,-0.28988278,4.538207486016964e-05,0.0005813518095133766,0.23661233993015135,4510,0.39849505,27.671840354767184,3436,0.3368022,23.661233993015205,down_in_KO
P15,Rod,Spag9,-4.104996,-0.23393126,4.043215561774794e-05,0.0005276838995951337,0.39435389988358555,4510,0.7057863,44.25720620842725,3436,0.6269785,39.43538998835868,not_significant
P15,Rod,Apoe,-4.115107,-0.30710638,3.8699960181612086e-05,0.0005075466660493086,0.12223515715948778,4510,0.23658575,15.609756097561045,3436,0.19535135,12.223515715948812,down_in_KO
P15,Rod,Nfasc,-4.135928,-0.19320236,3.5352298802434025e-05,0.0004670683024045717,0.6353317811408614,4510,1.2946844,66.5631929046599,3436,1.1992761,63.53317811408377,not_significant
P15,Rod,Klf12,-4.150775,-0.22720897,3.3135136503094933e-05,0.0004433920769543278,0.47176949941792784,4510,0.9669058,51.99556541020179,3436,0.87225914,47.17694994179293,not_significant
P15,Rod,Dpf3,-4.1685886,-0.17258738,3.064916348663831e-05,0.0004130706355334871,0.8262514551804424,4510,1.9800425,85.63192904656852,3436,1.8778093,82.62514551803828,not_significant
P15,Rod,Stard10,-4.1690903,-0.47536734,3.058175876625983e-05,0.0004130706355334871,0.09575087310826542,4510,0.15809059,12.461197339246292,3436,0.11617583,9.575087310826568,down_in_KO
P15,Rod,Rtn1,-4.1717286,-0.22884463,3.0229777345778304e-05,0.00040947607495645156,0.4327706635622817,4510,0.81336606,47.649667405766806,3436,0.72818977,43.2770663562283,not_significant
P15,Rod,Dcaf1,-4.1931067,-0.36159104,2.751601048173482e-05,0.0003765201026123101,0.14930151338766007,4510,0.26659778,18.47006651884698,3436,0.21332274,14.930151338766048,down_in_KO
P15,Rod,Kdm2a,-4.2030225,-0.22667575,2.6337441624717358e-05,0.0003622411201922664,0.4417927823050058,4510,0.80207366,48.78048780487999,3436,0.718473,44.17927823050072,not_significant
P15,Rod,Lrig1,-4.2063766,-0.53226393,2.5949750169757037e-05,0.00035782637509145697,0.07625145518044238,4510,0.14875926,10.332594235033369,3436,0.10517698,7.625145518044256,down_in_KO
P15,Rod,Ttll11,-4.2131667,-0.48146072,2.5181498554169653e-05,0.00034902728228570026,0.0919674039580908,4510,0.18723047,12.106430155210804,3436,0.13756815,9.196740395809105,down_in_KO
P15,Rod,Sh3bgrl2,-4.218547,-0.273916,2.458816132909812e-05,0.0003434658785658394,0.3352735739231665,4510,0.5863451,37.605321507761445,3436,0.50652385,33.527357392316745,down_in_KO
P15,Rod,Klhl3,-4.2233562,-0.46741974,2.406909279492788e-05,0.0003379754286701391,0.08818393480791618,4510,0.16206194,11.729490022173099,3436,0.11977642,8.81839348079164,down_in_KO
P15,Rod,Dgke,-4.2234206,-0.20094019,2.4062207220398905e-05,0.0003379754286701391,0.5372526193247963,4510,0.97093785,57.22838137472556,3436,0.8867125,53.725261932479086,not_significant
P15,Rod,Ubr4,-4.2287035,-0.37798467,2.3504166745570416e-05,0.00033177986953484136,0.1749126891734575,4510,0.3012201,21.0421286031041,3436,0.23940165,17.4912689173458,down_in_KO
P15,Rod,Atad2b,-4.2687607,-0.17370144,1.9656185084733248e-05,0.00028342950751212133,0.669091967403958,4510,1.3277802,69.33481152993731,3436,1.240731,66.9091967403928,not_significant
P15,Rod,Meg3,-4.28257,-0.38329944,1.8474724446789026e-05,0.00026783357279074684,0.13853317811408614,4510,0.2577502,17.361419068736154,3436,0.20328055,13.853317811408653,down_in_KO
P15,Rod,Gdpd5,-4.302675,-0.2587986,1.687486429455754e-05,0.0002466397059291734,0.3416763678696158,4510,0.61214906,38.82483370288351,3436,0.5339918,34.16763678696169,down_in_KO
P15,Rod,Pi4ka,-4.3054023,-0.31836456,1.666825173942381e-05,0.0002442855254925391,0.21158323632130385,4510,0.38318864,25.343680709534155,3436,0.3180807,21.158323632130447,down_in_KO
P15,Rod,Clip1,-4.3093634,-0.33105358,1.6372504034440682e-05,0.00024060852504312281,0.18538998835855647,4510,0.33097833,22.46119733924596,3436,0.27146474,18.5389988358557,down_in_KO
P15,Rod,Madd,-4.309632,-0.17452216,1.635264005721396e-05,0.00024060852504312281,0.6833527357392316,4510,1.3456562,71.2638580931304,3436,1.2576176,68.33527357391989,not_significant
P15,Rod,Alpl,-4.3266263,-0.23387143,1.5141053162232452e-05,0.00022435527392877035,0.40919674039580906,4510,0.7080334,45.21064301552268,3436,0.6290656,40.91967403958103,not_significant
P15,Rod,Ntrk3,-4.327269,-0.48315364,1.5096963642134949e-05,0.0002243216425939387,0.0890570430733411,4510,0.19116546,11.884700665188625,3436,0.14037783,8.905704307334132,down_in_KO
P15,Rod,Pla2r1,-4.331578,-0.20348902,1.4804469754648751e-05,0.00022120104669620026,0.6999417927823051,4510,1.5577222,74.0354767184078,3436,1.4480793,69.99417927822691,not_significant
P15,Rod,Taok3,-4.331863,-0.15897717,1.4785308225974501e-05,0.00022120104669620026,0.7872526193247963,4510,1.7073162,80.57649667406251,3436,1.6180284,78.7252619324744,not_significant
P15,Rod,Dnmt3a,-4.348094,-0.21979609,1.3732580350416067e-05,0.00020691449718997692,0.5183352735739232,4510,0.95660335,56.29711751663235,3436,0.86555946,51.83352735739213,not_significant
P15,Rod,Immp2l,-4.379733,-0.39342657,1.1882472914774467e-05,0.00018004967433573514,0.10448195576251455,4510,0.24519,13.76940133037707,3436,0.1918949,10.448195576251482,down_in_KO
P15,Rod,Gm14268,-4.423956,-0.39757687,9.690978519616138e-06,0.0001515522121843177,0.10739231664726426,4510,0.19960709,14.168514412416968,3436,0.1550444,10.739231664726455,down_in_KO
P15,Rod,Anp32a,-4.4239755,-0.1802647,9.690103938389251e-06,0.0001515522121843177,0.6161233993015134,4510,1.1967407,64.45676274944906,3436,1.1112199,61.61233993014932,not_significant
P15,Rod,Lima1,-4.436421,-0.34816366,9.14669861857217e-06,0.00014430262173535625,0.16268917345750872,4510,0.3012925,20.310421286030955,3436,0.24389842,16.268917345750918,down_in_KO
P15,Rod,Cdon,-4.442989,-0.34073418,8.871769760786412e-06,0.0001412111958363748,0.21856810244470315,4510,0.39887422,25.964523281596296,3436,0.32717133,21.856810244470378,down_in_KO
P15,Rod,Acvr2a,-4.4552655,-0.39575917,8.378936016735276e-06,0.00013416302326497916,0.1318393480791618,4510,0.24746993,16.78492239467852,3436,0.1934416,13.183934807916216,down_in_KO
P15,Rod,Svil,-4.4558945,-0.25752795,8.354406010694462e-06,0.00013416302326497916,0.440046565774156,4510,0.84142905,48.64745011086667,3436,0.74380976,44.00465657741574,down_in_KO
P15,Rod,Kmt2c,-4.469148,-0.18037716,7.85317151101623e-06,0.0001268807589912381,0.7313736903376019,4510,1.5234692,76.71840354767635,3436,1.4270556,73.137369033756,not_significant
P15,Rod,Ahcyl1,-4.492829,-0.19653752,7.028325981006052e-06,0.00011424224412762565,0.6376600698486612,4510,1.2085553,67.69401330377308,3436,1.1149865,63.7660069848637,not_significant
P15,Rod,A930004D18Rik,-4.5037065,-0.30452278,6.677837441440196e-06,0.00010887513688718909,0.24447031431897556,4510,0.42669135,29.1796008869181,3436,0.35831168,24.447031431897628,down_in_KO
P15,Rod,Rnf144b,-4.5051684,-0.36733377,6.632037771676163e-06,0.00010845808111972847,0.18626309662398138,4510,0.3498306,22.72727272727256,3436,0.2811712,18.626309662398192,down_in_KO
P15,Rod,Plekhm3,-4.5148563,-0.25062034,6.335966889425043e-06,0.0001039331082412108,0.43131548311990686,4510,0.7966663,47.2949002217313,3436,0.7050189,43.13154831199082,down_in_KO
P15,Rod,Cep250,-4.530059,-0.2594037,5.896726785049853e-06,9.702467016873439e-05,0.4071594877764843,4510,0.73765916,45.07760532150936,3436,0.64788103,40.715948777648556,down_in_KO
P15,Rod,Gramd1b,-4.531499,-0.17723216,5.856669515737578e-06,9.666207779205038e-05,0.7223515715948777,4510,1.4893844,75.01108647450546,3436,1.3955861,72.23515715948376,not_significant
P15,Rod,Cyth1,-4.5330415,-0.39302447,5.814045611551495e-06,9.625475512457474e-05,0.16559953434225844,4510,0.2947559,20.421286031042037,3436,0.23194596,16.55995343422589,down_in_KO
P15,Rod,Slc17a1,-4.5539327,-0.3397781,5.265223181167885e-06,8.77101153533681e-05,0.1909196740395809,4510,0.34741277,23.348115299334623,3436,0.28385034,19.091967403958147,down_in_KO
P15,Rod,Grb10,-4.587482,-0.39546216,4.4862383759197155e-06,7.639423062994716e-05,0.17665890570430734,4510,0.3376965,21.662971175166167,3436,0.2665107,17.665890570430783,down_in_KO
P15,Rod,Aldoa,-4.6189165,-0.1928403,3.857493513755923e-06,6.67470813154412e-05,0.7677532013969732,4510,1.9137797,78.51441241685612,3436,1.8009894,76.77532013969245,not_significant
P15,Rod,Atp11a,-4.637319,-0.2955578,3.529569718525591e-06,6.127058890023064e-05,0.3116996507566938,4510,0.55689836,36.16407982261719,3436,0.47449294,31.169965075669477,down_in_KO
P15,Rod,St8sia1,-4.6476445,-0.26766792,3.3574675301271627e-06,5.8854430822229084e-05,0.38358556461001164,4510,0.71137255,43.636363636365104,3436,0.62123024,38.35855646100128,down_in_KO
P15,Rod,Zan,-4.669159,-0.44540206,3.0243562179842986e-06,5.3717373355191314e-05,0.09807916181606519,4510,0.19175886,13.281596452328307,3436,0.14430112,9.807916181606545,down_in_KO
P15,Rod,Eif2s3y,-4.669524,-0.26390073,3.018978800086064e-06,5.3717373355191314e-05,0.3990104772991851,4510,0.71850747,45.45454545454709,3436,0.62893677,39.90104772991863,down_in_KO
P15,Rod,Bnip3,-4.6698365,-0.54287714,3.0143960558440887e-06,5.3717373355191314e-05,0.07363213038416763,4510,0.13654248,10.399113082040023,3436,0.09569459,7.363213038416781,down_in_KO
P15,Rod,Dnm1,-4.7228594,-0.27995697,2.3255187600007753e-06,4.2285025859810704e-05,0.34720605355064027,4510,0.621699,39.75609756097672,3436,0.5365109,34.72060535506413,down_in_KO
P15,Rod,Rabgef1,-4.7530828,-0.20690143,2.0033853101403115e-06,3.713390846866122e-05,0.6769499417927823,4510,1.3543203,71.35254988913927,3436,1.2499382,67.69499417927507,not_significant
P15,Rod,Tmem63b,-4.758843,-0.33555162,1.947059612285238e-06,3.6517579581461596e-05,0.2339930151338766,4510,0.40411636,28.004434589800475,3436,0.33263525,23.39930151338773,down_in_KO
P15,Rod,Fus,-4.769753,-0.23506698,1.8445184576459471e-06,3.4715778971273196e-05,0.5325960419091967,4510,0.9683768,57.80487804878326,3436,0.87047046,53.25960419091922,not_significant
P15,Rod,Kdm5c,-4.7777,-0.28746653,1.773117339138632e-06,3.348944157443529e-05,0.340221187427241,4510,0.60961777,38.91352549889239,3436,0.52355736,34.0221187427242,down_in_KO
P15,Rod,Gnat1,-4.77876,-0.18227828,1.7637974645583098e-06,3.3431129328235945e-05,0.9566356228172294,4510,3.0119095,97.73835920178028,3436,2.8921685,95.66356228171453,not_significant
P15,Rod,Htt,-4.8724966,-0.34812143,1.1019664222547366e-06,2.1416477858602924e-05,0.2307916181606519,4510,0.42256683,27.87139689578716,3436,0.3458066,23.07916181606526,down_in_KO
P15,Rod,3222401L13Rik,-4.8923755,-0.4181664,9.96261321485607e-07,1.9646859295767633e-05,0.16414435389988358,4510,0.3058014,20.687361419068637,3436,0.2372068,16.414435389988405,down_in_KO
P15,Rod,Zfyve28,-4.893643,-0.29024664,9.898634096120768e-07,1.9592720771805093e-05,0.36874272409778813,4510,0.7141823,42.01773835920309,3436,0.6165524,36.874272409778925,down_in_KO
P15,Rod,Nr3c2,-4.8994265,-0.39726868,9.611678340131741e-07,1.916618684627013e-05,0.17724097788125728,4510,0.37577698,22.12860310421271,3436,0.29738316,17.72409778812578,down_in_KO
P15,Rod,Dnm2,-4.910461,-0.30411842,9.086258264847034e-07,1.8186078109193838e-05,0.2977299185098952,4510,0.5432038,34.98891352549956,3436,0.46019375,29.772991850989612,down_in_KO
P15,Rod,Pfkl,-4.9144764,-0.33875945,8.901994780758311e-07,1.788400749213018e-05,0.259895227008149,4510,0.44757557,30.90909090909121,3436,0.3690592,25.989522700814977,down_in_KO
P15,Rod,Camkk2,-4.9191847,-0.45557332,8.690551382580967e-07,1.7590987779684645e-05,0.10186263096623982,4510,0.19816966,13.924611973392587,3436,0.14826709,10.186263096624009,down_in_KO
P15,Rod,Cds1,-4.939155,-0.3085366,7.846175137879837e-07,1.5942001302874032e-05,0.33556461001164145,4510,0.59699637,38.42572062084356,3436,0.50646555,33.556461001164244,down_in_KO
P15,Rod,Ankrd27,-4.9427114,-0.47203273,7.704342469318573e-07,1.5713343348070275e-05,0.12951105937136204,4510,0.2622519,16.91796008869182,3436,0.19571422,12.951105937136239,down_in_KO
P15,Rod,Dusp11,-4.98267,-0.25429007,6.271285197530142e-07,1.2988097992104897e-05,0.4572176949941793,4510,0.8249716,51.04212860310636,3436,0.7298044,45.721769499418066,down_in_KO
P15,Rod,Bicdl1,-4.985271,-0.19632855,6.187504662774953e-07,1.286425388028095e-05,0.7095459837019791,4510,1.4390628,74.1463414634189,3436,1.3369662,70.95459837019413,not_significant
P15,Rod,Ddx5,-4.9860907,-0.12874675,6.161326785656474e-07,1.2859671937066665e-05,0.9429569266589057,4510,2.384227,95.587583148565,3436,2.3035526,94.29569266588243,not_significant
P15,Rod,Nedd4l,-4.9944215,-0.23574623,5.901243448291549e-07,1.2413439159465046e-05,0.5701396973224679,4510,1.1437877,61.59645232816276,3436,1.0353962,57.01396973224564,not_significant
P15,Rod,Gm11342,-5.0129304,-0.27996004,5.360734075633863e-07,1.1365603787233217e-05,0.409778812572759,4510,0.7875906,46.80709534368247,3436,0.686508,40.977881257276024,down_in_KO
P15,Rod,Glmn,-5.0290465,-0.1774926,4.92924916047239e-07,1.0534060755686812e-05,0.8111175785797439,4510,1.7564553,83.90243902439542,3436,1.6557776,81.11175785796871,not_significant
P15,Rod,Arl3,-5.0744576,-0.17967896,3.8860277703157446e-07,8.405101999989377e-06,0.7476717112922002,4510,1.5867931,77.42793791574736,3436,1.4890219,74.76717112921554,not_significant
P15,Rod,Kmt2a,-5.0879602,-0.2713969,3.6193490578438424e-07,7.859995281892457e-06,0.46041909196740394,4510,0.8890751,52.01773835920401,3436,0.78260505,46.04190919674054,down_in_KO
P15,Rod,mt-Nd4l,-5.102317,-0.39811608,3.355202358757698e-07,7.315977826169224e-06,0.2628055878928987,4510,0.5636316,30.864745011086768,3436,0.4539246,26.280558789289948,down_in_KO
P15,Rod,mt-Atp8,-5.104961,-0.47326133,3.3086252036586484e-07,7.243863507112241e-06,0.1749126891734575,4510,0.3454421,21.68514412416838,3436,0.2602238,17.4912689173458,down_in_KO
P15,Rod,Hk1,-5.107206,-0.2279611,3.269574537693644e-07,7.1877040246675035e-06,0.5931315483119907,4510,1.1089741,63.21507760532478,3436,1.0058973,59.31315483119748,not_significant
P15,Rod,Slc24a1,-5.1226716,-0.15834449,3.0123637896517504e-07,6.704696833067215e-06,0.8474970896391153,4510,1.9828529,86.09756097561512,3436,1.8889414,84.74970896390516,not_significant
P15,Rod,Adgrv1,-5.140663,-0.22947063,2.737702936573152e-07,6.221320587398296e-06,0.7147846332945286,4510,1.6085798,75.45454545454984,3436,1.4834543,71.47846332944899,not_significant
P15,Rod,Kank1,-5.144708,-0.2407579,2.6793729348477927e-07,6.141947189112633e-06,0.5934225844004657,4510,1.1691862,63.79157427938248,3436,1.0571842,59.34225844004497,not_significant
P15,Rod,Ctif,-5.152388,-0.29244757,2.5719001622145776e-07,5.920889472154075e-06,0.39348079161816063,4510,0.74235415,45.14412416851602,3436,0.64126474,39.34807916181619,down_in_KO
P15,Rod,Egln1,-5.1936975,-0.40516996,2.0615808766992697e-07,4.789295323490237e-06,0.1760768335273574,4510,0.31627047,22.41685144124153,3436,0.24757521,17.60768335273579,down_in_KO
P15,Rod,Herc3,-5.206923,-0.18033564,1.9199781284808107e-07,4.497276279987367e-06,0.8588474970896391,4510,2.0060747,88.40354767184594,3436,1.8988284,85.88474970895734,not_significant
P15,Rod,Spata1,-5.2112613,-0.2910802,1.875613241216883e-07,4.432065826382097e-06,0.46769499417927823,4510,0.92936766,52.10643015521289,3436,0.8121862,46.76949941792797,down_in_KO
P15,Rod,Kmt2d,-5.2301903,-0.38283175,1.6933556970689582e-07,4.054982124588344e-06,0.2217694994179278,4510,0.4011132,27.18403547671836,3436,0.3209742,22.17694994179285,down_in_KO
P15,Rod,Itpr2,-5.2403507,-0.5542555,1.6027165095765957e-07,3.855144106443435e-06,0.08032596041909197,4510,0.17223254,11.640798226164227,3436,0.120444685,8.032596041909217,down_in_KO
P15,Rod,Prkg1,-5.2498956,-0.5306061,1.5218533833870912e-07,3.7105552493128896e-06,0.08323632130384168,4510,0.1783368,12.017738359201932,3436,0.12676406,8.323632130384189,down_in_KO
P15,Rod,Fam3c,-5.25722,-0.24145243,1.4624942531152965e-07,3.5821092117399316e-06,0.5474388824214202,4510,1.038718,58.58093126386093,3436,0.9338389,54.743888242141296,not_significant
P15,Rod,Gse1,-5.2600756,-0.2873941,1.4399624699539395e-07,3.543100315978409e-06,0.4269499417927823,4510,0.7887782,48.07095343680897,3436,0.6850325,42.69499417927836,down_in_KO
P15,Rod,Arid1b,-5.2890906,-0.2852414,1.2292600919307603e-07,3.0956578089749287e-06,0.4615832363213038,4510,0.890092,51.8847006651907,3436,0.77834123,46.158323632130525,down_in_KO
P15,Rod,Fryl,-5.291901,-0.17073981,1.210513869505382e-07,3.062828488691919e-06,0.8413853317811408,4510,1.9014854,85.3880266075441,3436,1.8017269,84.13853317810785,not_significant
P15,Rod,Adgrb3,-5.299386,-0.32191393,1.1619279922456991e-07,2.9678960716218715e-06,0.2872526193247963,4510,0.6658258,34.98891352549956,3436,0.56354225,28.72526193247971,down_in_KO
P15,Rod,Auts2,-5.3082557,-0.54674846,1.1067944592032293e-07,2.8542526342144817e-06,0.09342258440046566,4510,0.20089646,13.19290465631944,3436,0.14177173,9.34225844004659,down_in_KO
P15,Rod,Tenm2,-5.3370795,-0.5760299,9.445564130423226e-08,2.4595148541548633e-06,0.08556461001164144,4510,0.18000363,12.328159645232983,3436,0.12424899,8.556461001164166,down_in_KO
P15,Rod,A930001M01Rik,-5.341591,-0.35131735,9.213443671307472e-08,2.410776187946014e-06,0.23923166472642607,4510,0.42990744,29.423503325942512,3436,0.35138077,23.92316647264268,down_in_KO
P15,Rod,Usp2,-5.3897843,-0.35508975,7.054237107023084e-08,1.8639865932055086e-06,0.27153667054714786,4510,0.489239,32.54988913525544,3436,0.40104693,27.153667054714862,down_in_KO
P15,Rod,Ttc7b,-5.3961673,-0.33127964,6.807946350207856e-08,1.8168071752494997e-06,0.35768335273573926,4510,0.67071706,41.286031042129856,3436,0.56507015,35.76833527357403,down_in_KO
P15,Rod,A930006I01Rik,-5.411374,-0.34107032,6.25428955581285e-08,1.6858296069035237e-06,0.329743888242142,4510,0.61315995,38.44789356984578,3436,0.5116742,32.9743888242143,down_in_KO
P15,Rod,P4ha1,-5.4148574,-0.3564492,6.13375606607172e-08,1.6616902797176115e-06,0.3020954598370198,4510,0.5562756,35.631929046563926,3436,0.45821992,30.209545983702068,down_in_KO
P15,Rod,Prkn,-5.4219356,-0.28454426,5.895707676972302e-08,1.6053084253441333e-06,0.569557625145518,4510,1.315063,63.1263858093159,3436,1.1747153,56.955762514550656,down_in_KO
P15,Rod,Erc2,-5.436457,-0.24556877,5.43504382283591e-08,1.4874272992699907e-06,0.710710128055879,4510,1.6551368,75.60975609756538,3436,1.5197616,71.0710128055841,not_significant
P15,Rod,Gramd2,-5.436841,-0.43504012,5.423353833958287e-08,1.4874272992699907e-06,0.20954598370197905,4510,0.39755166,25.87583148558742,3436,0.3082867,20.954598370197967,down_in_KO
P15,Rod,Glb1l2,-5.450361,-0.3103099,5.026778228337383e-08,1.3898782689073052e-06,0.40046565774155995,4510,0.7482599,45.83148558758482,3436,0.64072543,40.046565774156115,down_in_KO
P15,Rod,Gucy2e,-5.4731226,-0.2757668,4.421745683580798e-08,1.2353252003503853e-06,0.4729336437718277,4510,0.8582456,52.77161862527947,3436,0.75262403,47.29336437718292,down_in_KO
P15,Rod,Kdm3a,-5.4744406,-0.37561232,4.388957489306201e-08,1.2325847106093435e-06,0.26775320139697323,4510,0.4969729,32.08425720620883,3436,0.40291455,26.7753201396974,down_in_KO
P15,Rod,Kif1b,-5.5410113,-0.15973108,3.007300662103026e-08,8.580404655064167e-07,0.931024447031432,4510,2.4235756,94.65631929047179,3436,2.323178,93.10244470313526,not_significant
P15,Rod,Gm20139,-5.5485682,-0.26642153,2.8801810245360928e-08,8.261652949524922e-07,0.6362048894062864,4510,1.410221,68.47006651885076,3436,1.2738725,63.62048894062624,down_in_KO
P15,Rod,Stxbp1,-5.5677137,-0.20226115,2.581035814708284e-08,7.483608708159586e-07,0.759604190919674,4510,1.5848464,78.8470066518894,3436,1.4750326,75.96041909196269,not_significant
P15,Rod,Agpat3,-5.5856886,-0.17236176,2.327757846910638e-08,6.860490709246518e-07,0.880675203725262,4510,2.0664487,90.17738359202349,3436,1.9629202,88.06752037251921,not_significant
P15,Rod,Pitpnm2os2,-5.592538,-0.31897962,2.237744119394436e-08,6.631635058802074e-07,0.38329452852153667,4510,0.71657,44.47893569844944,3436,0.6095659,38.329452852153786,down_in_KO
P15,Rod,Sgip1,-5.5962515,-0.16536672,2.1903589977400152e-08,6.534777938704847e-07,0.940628637951106,4510,2.6823878,95.65410199557166,3436,2.5760386,94.06286379510249,not_significant
P15,Rod,Rasgef1b,-5.6544824,-0.31630945,1.5631648935006372e-08,4.764100277691715e-07,0.4851571594877765,4510,1.0952569,55.07760532151028,3436,0.9548085,48.515715948777796,down_in_KO
P15,Rod,Lrrc4c,-5.6570816,-0.66944057,1.5396863841902828e-08,4.719358722740958e-07,0.06606519208381839,4510,0.15264729,10.19955654102006,3436,0.09865894,6.6065192083818545,down_in_KO
P15,Rod,Nrxn3,-5.6866994,-0.25503778,1.295179969594579e-08,4.0391542772705355e-07,0.43451688009313155,4510,0.9103449,51.951219512197355,3436,0.8084961,43.45168800931329,down_in_KO
P15,Rod,Dst,-5.687779,-0.47845373,1.2870223628511637e-08,4.037185938206808e-07,0.1568684516880093,4510,0.3037316,20.643015521064203,3436,0.22692184,15.686845168800975,down_in_KO
P15,Rod,Tpi1,-5.733518,-0.36778226,9.836842849939572e-09,3.103813238063286e-07,0.31228172293364376,4510,0.5793688,37.006651884701526,3436,0.47516847,31.22817229336447,down_in_KO
P15,Rod,Als2,-5.7479987,-0.4156732,9.030595798378925e-09,2.883340229910985e-07,0.2270081490104773,4510,0.4398523,28.270509977827107,3436,0.3465472,22.700814901047796,down_in_KO
P15,Rod,Ank3,-5.7560143,-0.28698084,8.61229805070128e-09,2.766249505626447e-07,0.6277648428405123,4510,1.453609,68.35920177383966,3436,1.3048501,62.77648428404898,down_in_KO
P15,Rod,A930003O13Rik,-5.7605357,-0.6937577,8.38474206127001e-09,2.709382916665803e-07,0.06635622817229336,4510,0.1470272,10.31042128603115,3436,0.09341792,6.635622817229351,down_in_KO
P15,Rod,Mef2c,-5.7708116,-0.32430804,7.88905689914622e-09,2.580298854086605e-07,0.4257857974388824,4510,0.9061936,49.024390243904406,3436,0.7783896,42.578579743888376,down_in_KO
P15,Rod,Eepd1,-5.8035173,-0.45360425,6.493804665463844e-09,2.1501708781202505e-07,0.19528521536670548,4510,0.37780902,24.878048780487568,3436,0.2891043,19.528521536670603,down_in_KO
P15,Rod,Iqsec1,-5.8222923,-0.2499964,5.80458702705421e-09,1.945987800819924e-07,0.7159487776484285,4510,1.5357757,75.12195121951656,3436,1.4024168,71.59487776483896,not_significant
P15,Rod,Epas1,-5.8272142,-0.3799433,5.636022652666607e-09,1.9013600948996024e-07,0.2991850989522701,4510,0.55889237,35.78713968957946,3436,0.45449495,29.918509895227096,down_in_KO
P15,Rod,Smyd3,-5.909481,-0.38335368,3.4318724891690704e-09,1.195361300772915e-07,0.3157741559953434,4510,0.6900183,37.7827050997792,3436,0.56637126,31.577415599534437,down_in_KO
P15,Rod,Snrnp70,-5.959422,-0.2591999,2.5313156473492598e-09,9.051984754920954e-08,0.6798603026775321,4510,1.3713124,72.83813747228797,3436,1.2403876,67.98603026774998,down_in_KO
P15,Rod,Gpi1,-5.9749255,-0.32572263,2.301953887220447e-09,8.291311146042665e-08,0.42054714784633296,4510,0.78314644,48.64745011086667,3436,0.66689557,42.054714784633425,down_in_KO
P15,Rod,Slc22a29,-6.0212455,-0.7044459,1.7307989904507366e-09,6.358908071765582e-08,0.07712456344586728,4510,0.17802235,11.773835920177534,3436,0.112950325,7.712456344586747,down_in_KO
P15,Rod,Vldlr,-6.057641,-0.33483315,1.3813229820313856e-09,5.1814101228086384e-08,0.4278230500582072,4510,0.79643995,48.957871396897744,3436,0.6757116,42.78230500582085,down_in_KO
P15,Rod,Myo5a,-6.061223,-0.579784,1.350905115944059e-09,5.102996508397136e-08,0.10215366705471478,4510,0.22028655,14.878048780487898,3436,0.15261802,10.215366705471505,down_in_KO
P15,Rod,Syne1,-6.070367,-0.3958342,1.2761839511167557e-09,4.854929584248423e-08,0.26542491268917345,4510,0.5323946,33.01552106430204,3436,0.42808682,26.542491268917423,down_in_KO
P15,Rod,Eri3,-6.071779,-0.37704203,1.2650096423801396e-09,4.8467940869479064e-08,0.2991850989522701,4510,0.558267,36.5188470066527,3436,0.45469642,29.918509895227096,down_in_KO
P15,Rod,Sntg2,-6.1510434,-0.34941638,7.697485635100657e-10,3.058467625679994e-08,0.4368451688009313,4510,0.88856286,50.17738359201981,3436,0.7531548,43.68451688009326,down_in_KO
P15,Rod,Mylk,-6.155296,-0.32411942,7.49373875999027e-10,2.9997324409393885e-08,0.4615832363213038,4510,0.8791075,51.90687361419292,3436,0.7539067,46.158323632130525,down_in_KO
P15,Rod,Ube4bos1,-6.1712236,-0.50639784,6.776340730283937e-10,2.732954261446845e-08,0.1452270081490105,4510,0.29494816,19.955654101995492,3436,0.21632402,14.522700814901087,down_in_KO
P15,Rod,Unc13b,-6.191211,-0.22894636,5.970368062959994e-10,2.426140476493743e-08,0.830908032596042,4510,2.0294056,86.2971175166351,3436,1.8930633,83.09080325959815,not_significant
P15,Rod,Rbfox1,-6.2254705,-0.71681976,4.801125624672635e-10,1.9658960191407643e-08,0.07479627473806752,4510,0.18821612,11.685144124168662,3436,0.118675,7.47962747380677,down_in_KO
P15,Rod,Grk1,-6.230897,-0.21222758,4.63771544327471e-10,1.9135927413635034e-08,0.7616414435389989,4510,1.5834848,79.1796008869227,3436,1.4683912,76.16414435389514,not_significant
P15,Rod,Fnip2,-6.243152,-0.45379522,4.2883991359532084e-10,1.7831761988568226e-08,0.23923166472642607,4510,0.4807249,29.80044345898024,3436,0.3720209,23.92316647264268,down_in_KO
P15,Rod,Gm41804,-6.264922,-0.38506642,3.730112022122743e-10,1.563150069270812e-08,0.3582654249126892,4510,0.75756025,42.21729490022307,3436,0.6246736,35.826542491269024,down_in_KO
P15,Rod,Eno1,-6.283556,-0.2453129,3.309148862763993e-10,1.4200219599892846e-08,0.7086728754365541,4510,1.5754539,73.5698447893612,3436,1.44305,70.86728754365166,not_significant
P15,Rod,Ssbp3,-6.384681,-0.51401585,1.717546885313869e-10,7.677434577352994e-09,0.1830616996507567,4510,0.3585393,24.124168514412204,3436,0.26388848,18.30616996507572,down_in_KO
P15,Rod,Dab1,-6.42777,-0.8002412,1.2948931218403285e-10,6.039831917870889e-09,0.0640279394644936,4510,0.15273428,10.465631929046676,3436,0.09053572,6.402793946449374,down_in_KO
P15,Rod,Pcmtd2,-6.438308,-0.2374656,1.2081266463574838e-10,5.684553799176792e-09,0.7764842840512224,4510,1.6730747,81.95121951220011,3436,1.5415033,77.64842840511722,not_significant
P15,Rod,Camta1,-6.4467096,-0.27304375,1.1430452231753084e-10,5.474370158136031e-09,0.7217694994179278,4510,1.5772259,76.47450110865194,3436,1.4300995,72.17694994178878,down_in_KO
P15,Rod,Stk36,-6.4678082,-0.7302646,9.9434591982698e-11,4.805109472028758e-09,0.06722933643771828,4510,0.15072498,10.953436807095471,3436,0.093545385,6.722933643771843,down_in_KO
P15,Rod,Agap1,-6.5421324,-0.41939002,6.064769304520604e-11,2.9845341788484883e-09,0.32159487776484286,4510,0.62298566,38.95787139689683,3436,0.49859813,32.15948777648438,down_in_KO
P15,Rod,Slc6a6,-6.5693436,-0.21782424,5.053759955962872e-11,2.5334923741854993e-09,0.8739813736903376,4510,2.100302,90.59866962306565,3436,1.9690727,87.39813736902691,not_significant
P15,Rod,Trpc1,-6.6103134,-0.505794,3.835069905329125e-11,1.940690091715606e-09,0.21973224679860304,4510,0.43471104,28.070953436807134,3436,0.32460803,21.97322467986037,down_in_KO
P15,Rod,Galnt10,-6.6656713,-0.3943176,2.634579387160449e-11,1.3458936983551093e-09,0.37456344586728757,4510,0.73668796,44.23503325942503,3436,0.603533,37.45634458672887,down_in_KO
P15,Rod,Gpsm2,-6.6693163,-0.35949108,2.5699796112359062e-11,1.32551640717975e-09,0.4359720605355064,4510,0.85389984,50.79822616408195,3436,0.718472,43.59720605355078,down_in_KO
P15,Rod,Syne2,-6.69425,-0.3024399,2.167800886817208e-11,1.1289401899890782e-09,0.6388242142025611,4510,1.3068961,69.40133037694397,3436,1.158474,63.882421420253664,down_in_KO
P15,Rod,Slc38a3,-6.695555,-0.39450312,2.1485447236469398e-11,1.1289401899890782e-09,0.35448195576251457,4510,0.66677314,43.037694013305185,3436,0.54299086,35.448195576251564,down_in_KO
P15,Rod,Syne3,-6.7125425,-0.7464465,1.9126191363346336e-11,1.0157711928018787e-09,0.07712456344586728,4510,0.1848603,12.328159645232983,3436,0.11424992,7.712456344586747,down_in_KO
P15,Rod,Diaph3,-6.758936,-0.4322522,1.3900893549210268e-11,7.456439299796387e-10,0.31839348079161817,4510,0.6976194,39.1574279379168,3436,0.55832773,31.839348079161912,down_in_KO
P15,Rod,Arhgap10,-6.76165,-0.27841094,1.364289110300145e-11,7.391966452171694e-10,0.7150756693830035,4510,1.5552202,76.34146341463862,3436,1.4061995,71.50756693829648,down_in_KO
P15,Rod,Cdr2,-6.788206,-0.35085618,1.1353655657353448e-11,6.278454530519989e-10,0.46740395809080326,4510,0.8939875,53.76940133037934,3436,0.7575016,46.74039580908047,down_in_KO
P15,Rod,Med13l,-6.867567,-0.33951116,6.530595346877673e-12,3.6873803621738776e-10,0.5291036088474971,4510,1.0352856,59.31263858093418,3436,0.8899983,52.910360884749316,down_in_KO
P15,Rod,Mfge8,-7.0014296,-0.6379725,2.533633951339673e-12,1.4934519247237369e-10,0.11292200232828871,4510,0.22970954,16.895787139689606,3436,0.15353234,11.292200232828902,down_in_KO
P15,Rod,Pde8a,-7.11911,-0.7411681,1.0862624012278026e-12,6.697369563432108e-11,0.08556461001164144,4510,0.20965762,13.702882483370422,3436,0.1306303,8.556461001164166,down_in_KO
P15,Rod,Ppip5k1,-7.181779,-0.41600296,6.881012418385299e-13,4.342323601437499e-11,0.3766006984866123,4510,0.75560206,45.27716186252933,3436,0.61307734,37.66006984866135,down_in_KO
P15,Rod,Crocc,-7.185654,-0.38831475,6.688604940687299e-13,4.271152012124604e-11,0.43247962747380675,4510,0.8299687,50.37694013303978,3436,0.68716323,43.24796274738081,down_in_KO
P15,Rod,Akap6,-7.240789,-0.47989976,4.4608153759070303e-13,2.882869117634375e-11,0.27939464493597205,4510,0.6197139,35.45454545454617,3436,0.4796401,27.93946449359729,down_in_KO
P15,Rod,Kcnab2,-7.245456,-0.6218651,4.3098591219942135e-13,2.8192785768752394e-11,0.15337601862630967,4510,0.30830106,21.640798226163948,3436,0.21079627,15.33760186263101,down_in_KO
P15,Rod,Fhod3,-7.2749877,-0.29817638,3.464518078543547e-13,2.294280860902171e-11,0.7337019790454016,4510,1.685461,77.71618625277623,3436,1.5204575,73.37019790453594,down_in_KO
P15,Rod,Cntnap2,-7.3130436,-0.9145612,2.611583719698215e-13,1.7510668840576532e-11,0.06635622817229336,4510,0.17109928,11.39689578713983,3436,0.09439779,6.635622817229351,down_in_KO
P15,Rod,Ktn1,-7.3248034,-0.25964907,2.392491532342716e-13,1.624471465757763e-11,0.8119906868451688,4510,1.8130665,85.09977827051526,3436,1.6647563,81.19906868451119,down_in_KO
P15,Rod,Anks1b,-7.4312167,-0.9861563,1.0760314798499313e-13,7.49588682846108e-12,0.05471478463329453,4510,0.14672545,10.022172949002318,3436,0.07675715,5.471478463329464,down_in_KO
P15,Rod,Ip6k2,-7.5286875,-0.42350188,5.1252962487446966e-14,3.665611877102207e-12,0.39318975552968566,4510,0.75443244,47.05099778270688,3436,0.60968924,39.31897555296869,down_in_KO
P15,Rod,Slc12a5,-7.5489364,-0.41258913,4.388264808723842e-14,3.1808989775668494e-12,0.4211292200232829,4510,0.8059218,49.60088691796211,3436,0.65785486,42.11292200232842,down_in_KO
P15,Rod,Grm8,-7.5524144,-0.39800355,4.272630032348604e-14,3.1395051360983443e-12,0.6731664726426076,4510,1.8195115,75.83148558758758,3436,1.593852,67.31664726425768,down_in_KO
P15,Rod,Cep164,-7.610795,-0.37914327,2.7241462700757377e-14,2.0294889712064248e-12,0.5221187427240978,4510,1.03729,59.933481152996315,3436,0.8757118,52.21187427240952,down_in_KO
P15,Rod,A330023F24Rik,-7.7944236,-0.41132718,6.470306315526793e-15,5.02995986615735e-13,0.46449359720605354,4510,0.9569829,54.501108647452575,3436,0.7911665,46.4493597206055,down_in_KO
P15,Rod,Faim,-7.826206,-0.49010575,5.028127352131328e-15,4.025503748780962e-13,0.2968568102444703,4510,0.60025513,37.87139689578808,3436,0.46099922,29.68568102444712,down_in_KO
P15,Rod,2610035D17Rik,-7.9155,-0.62813294,2.4626097525513415e-15,2.0014301079826357e-13,0.1810244470314319,4510,0.39220196,25.343680709534155,3436,0.27057642,18.10244470314324,down_in_KO
P15,Rod,Rgs9,-8.083581,-0.21571143,6.289201900291455e-16,5.35480618939101e-14,0.9048311990686845,4510,2.225913,92.61640798226762,3436,2.093661,90.48311990686102,not_significant
P15,Rod,Optn,-8.085007,-0.4816159,6.216065520253487e-16,5.35480618939101e-14,0.3410942956926659,4510,0.6817933,42.54988913525636,3436,0.53063065,34.109429569266695,down_in_KO
P15,Rod,Ttc39c,-8.094131,-0.546657,5.767457994905915e-16,5.071581095848415e-14,0.25669383003492435,4510,0.5283026,33.83592017738416,3436,0.38968796,25.669383003492506,down_in_KO
P15,Rod,Ablim1,-8.377733,-0.4894497,5.395670287022704e-17,5.0776097227350495e-15,0.36845168800931316,4510,0.7572022,45.942350332595915,3436,0.59141076,36.845168800931425,down_in_KO
P15,Rod,Rgs20,-8.387719,-0.33056778,4.9566510924433367e-17,4.7477636535475104e-15,0.8614668218859138,4510,2.491053,90.35476718404124,3436,2.283027,86.14668218858476,down_in_KO
P15,Rod,Dscaml1,-8.544566,-0.31114918,1.2901991808787083e-17,1.2582960738606165e-15,0.8562281722933643,4510,2.2334902,88.20399113082597,3436,2.0432837,85.62281722932991,down_in_KO
P15,Rod,Mdga2,-8.548082,-0.71277267,1.2515087306016806e-17,1.2431653390643361e-15,0.1490104772991851,4510,0.3418479,22.46119733924596,3436,0.2220732,14.90104772991855,down_in_KO
P15,Rod,Gm40477,-8.5687065,-0.83718765,1.0465346518823687e-17,1.059172051452269e-15,0.08352735739231665,4510,0.2069167,14.7450110864746,3436,0.12104128,8.352735739231685,down_in_KO
P15,Rod,Pde6b,-8.574922,-0.18372115,9.915439407152397e-18,1.0228157111531818e-15,0.9671129220023282,4510,2.730342,97.36141906874255,3436,2.6118171,96.71129220022424,not_significant
P15,Rod,Mgat4c,-8.7234125,-1.0668718,2.6994115953997255e-18,2.839145842691006e-16,0.05616996507566938,4510,0.16700722,11.219512195122086,3436,0.083205394,5.61699650756695,down_in_KO
P15,Rod,Hdac9,-8.784885,-0.48060167,1.5652418564543028e-18,1.6791914636041758e-16,0.46012805587892897,4510,1.0903715,55.986696230601275,3436,0.881993,46.01280558789304,down_in_KO
P15,Rod,Gm17057,-8.816107,-0.64049464,1.1850801069851377e-18,1.2972999375241386e-16,0.190046565774156,4510,0.44192082,27.694013303769406,3436,0.304888,19.004656577415656,down_in_KO
P15,Rod,Esrrb,-8.818119,-0.3839903,1.163985101148103e-18,1.2972999375241386e-16,0.7252619324796274,4510,1.6794903,78.78048780488275,3436,1.468637,72.52619324795869,down_in_KO
P15,Rod,Frmd5,-8.866074,-0.5424586,7.577013942235257e-19,8.647468677904239e-17,0.3285797438882421,4510,0.82365674,43.0598669623074,3436,0.63022655,32.85797438882431,down_in_KO
P15,Rod,Nrg3,-8.885978,-0.9802111,6.336094994884666e-19,7.388437728817684e-17,0.06955762514551804,4510,0.19208518,13.104212860310573,3436,0.10196908,6.955762514551821,down_in_KO
P15,Rod,Impg1,-9.121052,-0.27128714,7.439848699719839e-20,9.069851914840278e-18,0.9071594877764843,4510,2.3370445,93.34811529934085,3436,2.1687956,90.71594877764096,down_in_KO
P15,Rod,Zfp804a,-9.198956,-1.1636832,3.614456845117488e-20,4.616177742192906e-18,0.05238649592549476,4510,0.16476987,11.042128603104343,3436,0.07691922,5.2386495925494865,down_in_KO
P15,Rod,Asic2,-9.213533,-0.8936834,3.155623945432456e-20,4.128479717877974e-18,0.09866123399301513,4510,0.2562548,17.095343680709554,3436,0.14601158,9.86612339930154,down_in_KO
P15,Rod,Guca1b,-9.232924,-0.31252193,2.6334292640541426e-20,3.531428643096605e-18,0.8521536670547147,4510,2.1416793,89.40133037694581,3436,1.9530691,85.21536670546503,down_in_KO
P15,Rod,Nrxn1,-9.563524,-1.0305648,1.1381382767236018e-21,1.6499928963095675e-19,0.07305005820721769,4510,0.20834737,14.124168514412535,3436,0.10741159,7.305005820721787,down_in_KO
P15,Rod,Prkca,-9.679062,-0.37246543,3.700955115407688e-22,5.671978068299096e-20,0.7954016298020955,4510,1.919677,85.18847006652413,3436,1.703797,79.54016298020417,down_in_KO
P15,Rod,Gphn,-9.755284,-0.19914521,1.751085816475586e-22,2.846310399871225e-20,0.9842840512223515,4510,3.001565,98.58093126386461,3436,2.8708634,98.42840512222624,not_significant
P15,Rod,Kcnb1,-9.815667,-0.25122416,9.639816357898203e-23,1.6158742169926864e-20,0.9278230500582072,4510,2.4092762,93.88026607539412,3436,2.2520902,92.78230500581286,down_in_KO
P15,Rod,Xylt1,-9.858382,-0.52014565,6.305692458979757e-23,1.0910882048376587e-20,0.4828288707799767,4510,1.0606831,57.89356984479214,3436,0.8401614,48.28288707799782,down_in_KO
P15,Rod,Abca4,-10.033181,-0.29097363,1.089491465979478e-23,1.9480107411713067e-21,0.9394644935972061,4510,2.6000733,95.94235033260051,3436,2.4148462,93.94644935971253,down_in_KO
P15,Rod,Msi2,-10.086539,-0.31466895,6.336425442639533e-24,1.1720202094592572e-21,0.9027939464493597,4510,2.3529136,92.57206208426318,3436,2.1577172,90.27939464492857,down_in_KO
P15,Rod,Stk35,-10.743483,-0.5722921,6.3599322961630725e-27,1.3121029552545662e-24,0.4449941792782305,4510,0.96397173,57.161862527718895,3436,0.7376095,44.49941792782319,down_in_KO
P15,Rod,Unc80,-10.8005085,-0.66258013,3.423042166781489e-27,7.3444792730463615e-25,0.31344586728754364,4510,0.7112958,42.77161862527855,3436,0.5037334,31.344586728754457,down_in_KO
P15,Rod,Lars2,-10.873907,-0.4006828,1.534843700421213e-27,3.430375670441411e-25,0.8047147846332945,4510,1.927065,84.76718403548198,3436,1.6948822,80.4714784633239,down_in_KO
P15,Rod,Cmss1,-11.69447,-0.31973475,1.360338543829268e-31,3.4746933090953305e-29,0.9979627473806753,4510,4.109402,99.97782705100443,3436,3.8918445,99.79627473805834,down_in_KO
P15,Rod,Acsl3,-11.87394,-1.2252722,1.6166899364891042e-32,4.335962409663777e-30,0.07916181606519208,4510,0.23755968,16.962305986696254,3436,0.10857866,7.916181606519228,down_in_KO
P15,Rod,Pfkp,-12.014289,-0.7622521,2.989296816251375e-33,8.439256906511777e-31,0.29831199068684516,4510,0.69282013,42.350332594236384,3436,0.4632243,29.831199068684604,down_in_KO
P15,Rod,Macf1,-12.070537,-0.5356642,1.511456689913291e-33,4.504140935941607e-31,0.6542491268917345,4510,1.5117084,74.9445676274988,3436,1.2349553,65.42491268917072,down_in_KO
P15,Rod,Camk1d,-12.078098,-0.2550781,1.378716182137386e-33,4.350255059402905e-31,0.980791618160652,4510,2.9574752,98.84700665189125,3436,2.7906759,98.07916181605634,down_in_KO
P15,Rod,Mast2,-12.56658,-0.72923,3.223703672142931e-36,1.1527964331583122e-33,0.3777648428405122,4510,0.9180328,51.10864745011302,3436,0.6457771,37.776484284051335,down_in_KO
P15,Rod,Kcnip4,-13.205148,-0.9496598,8.193849418468413e-40,3.662650690055381e-37,0.2019790454016298,4510,0.5209211,33.34811529933533,3436,0.30300823,20.19790454016304,down_in_KO
P15,Rod,Pde6a,-13.442671,-0.29902303,3.3994106545380177e-41,1.6576762500856297e-38,0.969441210710128,4510,2.903663,98.60310421286684,3436,2.708941,96.94412107100416,down_in_KO
P15,Rod,Pdzph1,-14.344839,-0.57693416,1.1476655307629914e-46,6.840086563347429e-44,0.8463329452852154,4510,2.5796127,90.70953436807675,3436,2.2163067,84.63329452851521,down_in_KO
P15,Rod,Mpp4,-14.431601,-0.49059293,3.2739602875009524e-47,2.1951903727693886e-44,0.7988940628637952,4510,1.865959,86.23059866962845,3436,1.5866972,79.88940628637407,down_in_KO
P15,Rod,Lsamp,-14.538077,-1.1389865,6.951797901360053e-48,5.327063420413618e-45,0.1589057043073341,4510,0.4609444,29.623059866962485,3436,0.2357794,15.890570430733456,down_in_KO
P15,Rod,Guca1a,-17.201435,-0.9940433,2.590343835321296e-66,2.7789208665326864e-63,0.409487776484284,4510,1.1971421,58.24833702882765,3436,0.77015615,40.94877764842853,down_in_KO
P15,Rod,Cdk8,-17.40154,-0.5578031,8.031344210998521e-68,1.0770032586949018e-64,0.9423748544819558,4510,2.991438,97.09534368071591,3436,2.6282282,94.23748544818744,down_in_KO
P15,Rod,F630040K05Rik,-18.79773,-1.4060339,7.881825476069188e-79,1.409270395121171e-75,0.18480791618160652,4510,0.62863934,37.028824833703744,3436,0.28532994,18.480791618160705,down_in_KO
P15,Rod,Hk2,-19.360743,-1.2019598,1.6548509947283355e-83,4.438310367861396e-80,0.3064610011641444,4510,0.90931433,50.443458980046444,3436,0.497419,30.646100116414527,down_in_KO
